ano,mes,data,regiao,uf,municipio,vacina,doses_aplicadas,publico_alvo,cobertura_percentual,meta_percentual,populacao_alvo,campanhas,nivel_alerta
2015,1,2015-01-01,Norte,AM,Manaus,Poliomielite,292274,Adultos,58.72,80,497714,0,Crítico
2015,1,2015-01-01,Norte,PA,Belém,BCG,181341,Adultos,81.73,80,221885,0,Adequado
2015,1,2015-01-01,Norte,PA,Santarém,Influenza,46148,Crianças,69.03,80,66849,3,Atenção
2015,1,2015-01-01,Norte,RO,Porto Velho,Hepatite B,22357,Idosos,75.64,95,29558,0,Crítico
2015,1,2015-01-01,Norte,TO,Palmas,COVID-19,393777,Gestantes,86.57,95,454876,4,Atenção
2015,1,2015-01-01,Nordeste,BA,Salvador,Hepatite B,275569,Adultos,80.89,80,340680,1,Adequado
2015,1,2015-01-01,Nordeste,BA,Feira de Santana,COVID-19,321051,Adolescentes,87.56,95,366685,0,Atenção
2015,1,2015-01-01,Nordeste,PE,Recife,Hepatite B,50361,Idosos,77.57,95,64926,0,Crítico
2015,1,2015-01-01,Nordeste,PE,Jaboatão dos Guararapes,COVID-19,252331,Gestantes,78.22,80,322592,1,Atenção
2015,1,2015-01-01,Nordeste,CE,Fortaleza,Tríplice Viral,203645,Adultos,99.66,95,204350,3,Adequado
2015,1,2015-01-01,Nordeste,CE,Juazeiro do Norte,Influenza,231587,Idosos,80.93,95,286148,0,Atenção
2015,1,2015-01-01,Nordeste,MA,São Luís,BCG,306879,Idosos,78.33,95,391760,1,Crítico
2015,1,2015-01-01,Nordeste,PB,João Pessoa,Poliomielite,277712,Adolescentes,85.3,95,325575,2,Atenção
2015,1,2015-01-01,Centro-Oeste,DF,Brasília,Influenza,78970,Gestantes,81.46,95,96938,2,Atenção
2015,1,2015-01-01,Centro-Oeste,GO,Goiânia,Influenza,242685,Idosos,83.08,80,292122,1,Adequado
2015,1,2015-01-01,Centro-Oeste,GO,Aparecida de Goiânia,Tríplice Viral,320818,Gestantes,74.67,95,429639,1,Crítico
2015,1,2015-01-01,Centro-Oeste,MT,Cuiabá,Poliomielite,123820,Idosos,89.85,80,137812,2,Adequado
2015,1,2015-01-01,Centro-Oeste,MS,Campo Grande,Poliomielite,267483,Adolescentes,84.79,95,315468,0,Atenção
2015,1,2015-01-01,Sudeste,SP,São Paulo,Poliomielite,367752,Gestantes,79.41,95,463124,0,Crítico
2015,1,2015-01-01,Sudeste,SP,Campinas,BCG,69097,Adultos,87.33,80,79125,1,Adequado
2015,1,2015-01-01,Sudeste,SP,Ribeirão Preto,COVID-19,201864,Adolescentes,87.89,95,229666,3,Atenção
2015,1,2015-01-01,Sudeste,RJ,Rio de Janeiro,Poliomielite,258985,Idosos,88.04,95,294158,0,Atenção
2015,1,2015-01-01,Sudeste,RJ,Niterói,BCG,179044,Gestantes,88.04,80,203374,3,Adequado
2015,1,2015-01-01,Sudeste,RJ,Nova Iguaçu,BCG,51632,Adultos,86.24,95,59872,0,Atenção
2015,1,2015-01-01,Sudeste,RJ,Petrópolis,Poliomielite,318282,Gestantes,67.44,80,471955,3,Atenção
2015,1,2015-01-01,Sudeste,MG,Belo Horizonte,BCG,294162,Gestantes,73.88,80,398138,2,Atenção
2015,1,2015-01-01,Sudeste,MG,Uberlândia,Poliomielite,188985,Adolescentes,84.06,95,224835,3,Atenção
2015,1,2015-01-01,Sudeste,MG,Juiz de Fora,COVID-19,353008,Adolescentes,91.57,80,385509,0,Adequado
2015,1,2015-01-01,Sudeste,ES,Vitória,Hepatite B,222640,Adolescentes,64.33,80,346066,0,Crítico
2015,1,2015-01-01,Sudeste,ES,Vila Velha,Influenza,343022,Adultos,85.09,80,403111,2,Adequado
2015,1,2015-01-01,Sudeste,ES,Serra,Tríplice Viral,280784,Crianças,73.13,80,383968,1,Atenção
2015,1,2015-01-01,Sul,PR,Curitiba,Poliomielite,466984,Adultos,93.64,80,498706,3,Adequado
2015,1,2015-01-01,Sul,PR,Londrina,BCG,254796,Adultos,85.99,80,296295,0,Adequado
2015,1,2015-01-01,Sul,SC,Florianópolis,Hepatite B,313889,Adultos,89.99,95,348824,1,Atenção
2015,1,2015-01-01,Sul,SC,Joinville,COVID-19,271713,Crianças,79.05,80,343710,0,Atenção
2015,1,2015-01-01,Sul,RS,Porto Alegre,COVID-19,466444,Idosos,98.41,80,473992,1,Adequado
2015,1,2015-01-01,Sul,RS,Caxias do Sul,Poliomielite,156117,Crianças,62.6,95,249398,5,Crítico
2015,2,2015-02-01,Norte,AM,Manaus,Influenza,14158,Crianças,76.97,95,18394,0,Crítico
2015,2,2015-02-01,Norte,PA,Belém,Poliomielite,18171,Crianças,88.52,80,20528,0,Adequado
2015,2,2015-02-01,Norte,PA,Santarém,Poliomielite,257505,Adultos,81.21,95,317083,2,Atenção
2015,2,2015-02-01,Norte,RO,Porto Velho,BCG,153942,Adolescentes,59.01,80,260880,1,Crítico
2015,2,2015-02-01,Norte,TO,Palmas,Poliomielite,46508,Idosos,68.06,95,68334,1,Crítico
2015,2,2015-02-01,Nordeste,BA,Salvador,Influenza,265429,Adolescentes,78.03,95,340153,0,Crítico
2015,2,2015-02-01,Nordeste,BA,Feira de Santana,COVID-19,367702,Gestantes,91.01,95,404024,1,Atenção
2015,2,2015-02-01,Nordeste,PE,Recife,BCG,214727,Gestantes,72.28,80,297065,0,Atenção
2015,2,2015-02-01,Nordeste,PE,Jaboatão dos Guararapes,Tríplice Viral,254210,Gestantes,64.93,95,391513,2,Crítico
2015,2,2015-02-01,Nordeste,CE,Fortaleza,Poliomielite,234201,Adolescentes,77.84,80,300890,0,Atenção
2015,2,2015-02-01,Nordeste,CE,Juazeiro do Norte,Poliomielite,123102,Adolescentes,83.8,80,146907,4,Adequado
2015,2,2015-02-01,Nordeste,MA,São Luís,Hepatite B,79004,Adolescentes,97.32,95,81182,1,Adequado
2015,2,2015-02-01,Nordeste,PB,João Pessoa,Poliomielite,487616,Adultos,100.0,95,487616,0,Adequado
2015,2,2015-02-01,Centro-Oeste,DF,Brasília,Hepatite B,143851,Crianças,84.12,95,171018,0,Atenção
2015,2,2015-02-01,Centro-Oeste,GO,Goiânia,COVID-19,20180,Adultos,85.63,80,23567,1,Adequado
2015,2,2015-02-01,Centro-Oeste,GO,Aparecida de Goiânia,COVID-19,426116,Gestantes,96.9,80,439755,1,Adequado
2015,2,2015-02-01,Centro-Oeste,MT,Cuiabá,Hepatite B,131491,Gestantes,90.44,80,145394,2,Adequado
2015,2,2015-02-01,Centro-Oeste,MS,Campo Grande,COVID-19,256291,Gestantes,66.99,95,382593,1,Crítico
2015,2,2015-02-01,Sudeste,SP,São Paulo,Influenza,332926,Idosos,78.12,80,426148,1,Atenção
2015,2,2015-02-01,Sudeste,SP,Campinas,BCG,324171,Crianças,85.08,80,381004,1,Adequado
2015,2,2015-02-01,Sudeste,SP,Ribeirão Preto,Tríplice Viral,196782,Gestantes,80.52,95,244397,0,Atenção
2015,2,2015-02-01,Sudeste,RJ,Rio de Janeiro,BCG,351208,Gestantes,78.47,95,447578,1,Crítico
2015,2,2015-02-01,Sudeste,RJ,Niterói,BCG,191812,Crianças,100.0,80,191812,1,Adequado
2015,2,2015-02-01,Sudeste,RJ,Nova Iguaçu,Influenza,171737,Idosos,97.46,95,176213,1,Adequado
2015,2,2015-02-01,Sudeste,RJ,Petrópolis,Tríplice Viral,381070,Gestantes,87.11,80,437451,1,Adequado
2015,2,2015-02-01,Sudeste,MG,Belo Horizonte,Poliomielite,25355,Gestantes,92.22,80,27496,0,Adequado
2015,2,2015-02-01,Sudeste,MG,Uberlândia,Tríplice Viral,110090,Gestantes,91.85,95,119853,1,Atenção
2015,2,2015-02-01,Sudeste,MG,Juiz de Fora,Poliomielite,161497,Gestantes,80.85,95,199760,0,Atenção
2015,2,2015-02-01,Sudeste,ES,Vitória,BCG,155260,Gestantes,72.09,95,215363,1,Crítico
2015,2,2015-02-01,Sudeste,ES,Vila Velha,COVID-19,322878,Adolescentes,87.57,95,368715,1,Atenção
2015,2,2015-02-01,Sudeste,ES,Serra,Influenza,44963,Gestantes,61.81,95,72749,3,Crítico
2015,2,2015-02-01,Sul,PR,Curitiba,Influenza,287179,Idosos,93.07,80,308575,1,Adequado
2015,2,2015-02-01,Sul,PR,Londrina,Tríplice Viral,116374,Gestantes,91.21,95,127592,0,Atenção
2015,2,2015-02-01,Sul,SC,Florianópolis,Influenza,181840,Gestantes,79.36,80,229143,1,Atenção
2015,2,2015-02-01,Sul,SC,Joinville,BCG,232350,Crianças,74.47,95,312007,0,Crítico
2015,2,2015-02-01,Sul,RS,Porto Alegre,Tríplice Viral,52890,Adultos,90.13,95,58679,1,Atenção
2015,2,2015-02-01,Sul,RS,Caxias do Sul,BCG,465836,Crianças,94.63,95,492286,4,Atenção
2015,3,2015-03-01,Norte,AM,Manaus,COVID-19,193447,Adolescentes,90.71,95,213256,0,Atenção
2015,3,2015-03-01,Norte,PA,Belém,BCG,110017,Idosos,80.84,95,136093,0,Atenção
2015,3,2015-03-01,Norte,PA,Santarém,Tríplice Viral,395691,Crianças,95.52,80,414231,0,Adequado
2015,3,2015-03-01,Norte,RO,Porto Velho,Hepatite B,71558,Idosos,90.42,95,79142,0,Atenção
2015,3,2015-03-01,Norte,TO,Palmas,Influenza,25882,Crianças,74.82,95,34592,2,Crítico
2015,3,2015-03-01,Nordeste,BA,Salvador,Hepatite B,89997,Adultos,97.86,95,91968,1,Adequado
2015,3,2015-03-01,Nordeste,BA,Feira de Santana,Hepatite B,199590,Adultos,70.17,95,284444,0,Crítico
2015,3,2015-03-01,Nordeste,PE,Recife,Poliomielite,155259,Gestantes,79.5,80,195293,0,Atenção
2015,3,2015-03-01,Nordeste,PE,Jaboatão dos Guararapes,Influenza,202534,Idosos,67.93,95,298166,0,Crítico
2015,3,2015-03-01,Nordeste,CE,Fortaleza,Poliomielite,275218,Idosos,69.51,95,395917,1,Crítico
2015,3,2015-03-01,Nordeste,CE,Juazeiro do Norte,Hepatite B,216828,Gestantes,87.15,80,248802,0,Adequado
2015,3,2015-03-01,Nordeste,MA,São Luís,BCG,319924,Adultos,70.62,95,453018,1,Crítico
2015,3,2015-03-01,Nordeste,PB,João Pessoa,Hepatite B,152708,Idosos,58.84,95,259542,0,Crítico
2015,3,2015-03-01,Centro-Oeste,DF,Brasília,Hepatite B,236779,Adultos,77.06,80,307255,0,Atenção
2015,3,2015-03-01,Centro-Oeste,GO,Goiânia,COVID-19,92015,Crianças,70.85,95,129879,0,Crítico
2015,3,2015-03-01,Centro-Oeste,GO,Aparecida de Goiânia,Tríplice Viral,277273,Adultos,70.79,95,391712,0,Crítico
2015,3,2015-03-01,Centro-Oeste,MT,Cuiabá,Hepatite B,304185,Idosos,94.28,95,322652,2,Atenção
2015,3,2015-03-01,Centro-Oeste,MS,Campo Grande,BCG,227522,Adultos,75.33,95,302018,3,Crítico
2015,3,2015-03-01,Sudeste,SP,São Paulo,BCG,362843,Adolescentes,85.44,95,424680,0,Atenção
2015,3,2015-03-01,Sudeste,SP,Campinas,Hepatite B,397865,Idosos,81.4,95,488773,0,Atenção
2015,3,2015-03-01,Sudeste,SP,Ribeirão Preto,Tríplice Viral,443002,Adolescentes,89.72,80,493744,0,Adequado
2015,3,2015-03-01,Sudeste,RJ,Rio de Janeiro,Tríplice Viral,373316,Idosos,100.0,80,373316,0,Adequado
2015,3,2015-03-01,Sudeste,RJ,Niterói,BCG,199430,Crianças,79.7,80,250221,0,Atenção
2015,3,2015-03-01,Sudeste,RJ,Nova Iguaçu,Influenza,470802,Adolescentes,94.17,80,499964,1,Adequado
2015,3,2015-03-01,Sudeste,RJ,Petrópolis,BCG,264767,Adolescentes,88.4,95,299506,0,Atenção
2015,3,2015-03-01,Sudeste,MG,Belo Horizonte,Tríplice Viral,233237,Adultos,80.91,95,288279,2,Atenção
2015,3,2015-03-01,Sudeste,MG,Uberlândia,BCG,309927,Crianças,82.79,95,374331,0,Atenção
2015,3,2015-03-01,Sudeste,MG,Juiz de Fora,Influenza,7821,Adolescentes,75.24,80,10396,1,Atenção
2015,3,2015-03-01,Sudeste,ES,Vitória,Poliomielite,113087,Crianças,82.2,95,137575,1,Atenção
2015,3,2015-03-01,Sudeste,ES,Vila Velha,Influenza,384378,Idosos,82.23,95,467437,1,Atenção
2015,3,2015-03-01,Sudeste,ES,Serra,Poliomielite,206979,Crianças,82.47,95,250976,0,Atenção
2015,3,2015-03-01,Sul,PR,Curitiba,Poliomielite,20539,Gestantes,94.25,80,21794,1,Adequado
2015,3,2015-03-01,Sul,PR,Londrina,Influenza,149562,Idosos,100.0,95,149562,1,Adequado
2015,3,2015-03-01,Sul,SC,Florianópolis,BCG,73363,Adolescentes,85.5,95,85808,2,Atenção
2015,3,2015-03-01,Sul,SC,Joinville,COVID-19,284699,Gestantes,85.27,95,333889,1,Atenção
2015,3,2015-03-01,Sul,RS,Porto Alegre,Hepatite B,263035,Crianças,95.67,95,274929,1,Adequado
2015,3,2015-03-01,Sul,RS,Caxias do Sul,Tríplice Viral,93712,Idosos,89.78,95,104383,0,Atenção
2015,4,2015-04-01,Norte,AM,Manaus,Poliomielite,399297,Gestantes,98.28,80,406301,0,Adequado
2015,4,2015-04-01,Norte,PA,Belém,Hepatite B,244231,Crianças,85.72,80,284914,0,Adequado
2015,4,2015-04-01,Norte,PA,Santarém,Tríplice Viral,142989,Adultos,72.01,80,198564,0,Atenção
2015,4,2015-04-01,Norte,RO,Porto Velho,Poliomielite,317128,Adultos,93.58,95,338885,0,Atenção
2015,4,2015-04-01,Norte,TO,Palmas,BCG,27702,Crianças,89.2,95,31057,0,Atenção
2015,4,2015-04-01,Nordeste,BA,Salvador,Poliomielite,212443,Adolescentes,83.75,80,253661,0,Adequado
2015,4,2015-04-01,Nordeste,BA,Feira de Santana,Poliomielite,323110,Adolescentes,68.19,80,473856,4,Atenção
2015,4,2015-04-01,Nordeste,PE,Recife,Influenza,413749,Gestantes,82.79,95,499731,3,Atenção
2015,4,2015-04-01,Nordeste,PE,Jaboatão dos Guararapes,Influenza,365291,Crianças,81.8,80,446576,0,Adequado
2015,4,2015-04-01,Nordeste,CE,Fortaleza,Hepatite B,214455,Idosos,93.04,80,230504,1,Adequado
2015,4,2015-04-01,Nordeste,CE,Juazeiro do Norte,Poliomielite,38690,Idosos,82.21,95,47061,1,Atenção
2015,4,2015-04-01,Nordeste,MA,São Luís,Influenza,61765,Idosos,86.66,80,71271,0,Adequado
2015,4,2015-04-01,Nordeste,PB,João Pessoa,BCG,70008,Adultos,63.06,80,111023,0,Crítico
2015,4,2015-04-01,Centro-Oeste,DF,Brasília,BCG,56434,Gestantes,95.98,95,58795,1,Adequado
2015,4,2015-04-01,Centro-Oeste,GO,Goiânia,Poliomielite,79483,Idosos,92.42,95,85999,1,Atenção
2015,4,2015-04-01,Centro-Oeste,GO,Aparecida de Goiânia,COVID-19,144481,Adolescentes,95.06,95,151990,0,Adequado
2015,4,2015-04-01,Centro-Oeste,MT,Cuiabá,Influenza,31141,Adolescentes,81.05,95,38421,1,Atenção
2015,4,2015-04-01,Centro-Oeste,MS,Campo Grande,BCG,101379,Gestantes,81.29,95,124711,1,Atenção
2015,4,2015-04-01,Sudeste,SP,São Paulo,Tríplice Viral,183914,Crianças,83.54,95,220159,2,Atenção
2015,4,2015-04-01,Sudeste,SP,Campinas,COVID-19,230361,Gestantes,73.73,80,312422,1,Atenção
2015,4,2015-04-01,Sudeste,SP,Ribeirão Preto,Hepatite B,417572,Idosos,93.11,95,448451,3,Atenção
2015,4,2015-04-01,Sudeste,RJ,Rio de Janeiro,Influenza,357947,Crianças,85.32,95,419531,1,Atenção
2015,4,2015-04-01,Sudeste,RJ,Niterói,COVID-19,64670,Crianças,81.91,80,78955,1,Adequado
2015,4,2015-04-01,Sudeste,RJ,Nova Iguaçu,COVID-19,130454,Gestantes,89.35,95,146007,0,Atenção
2015,4,2015-04-01,Sudeste,RJ,Petrópolis,Poliomielite,127889,Adultos,76.45,95,167290,1,Crítico
2015,4,2015-04-01,Sudeste,MG,Belo Horizonte,BCG,94743,Crianças,84.97,95,111499,0,Atenção
2015,4,2015-04-01,Sudeste,MG,Uberlândia,Poliomielite,138020,Idosos,69.91,80,197438,1,Atenção
2015,4,2015-04-01,Sudeste,MG,Juiz de Fora,Hepatite B,352702,Adolescentes,83.12,95,424331,3,Atenção
2015,4,2015-04-01,Sudeste,ES,Vitória,Tríplice Viral,358040,Adultos,89.26,95,401101,0,Atenção
2015,4,2015-04-01,Sudeste,ES,Vila Velha,BCG,379641,Idosos,88.34,95,429749,2,Atenção
2015,4,2015-04-01,Sudeste,ES,Serra,Poliomielite,203779,Gestantes,79.58,95,256058,1,Crítico
2015,4,2015-04-01,Sul,PR,Curitiba,Influenza,169332,Idosos,90.39,80,187339,3,Adequado
2015,4,2015-04-01,Sul,PR,Londrina,Poliomielite,182626,Adultos,97.64,80,187043,1,Adequado
2015,4,2015-04-01,Sul,SC,Florianópolis,Influenza,11892,Gestantes,81.56,80,14581,1,Adequado
2015,4,2015-04-01,Sul,SC,Joinville,BCG,105000,Adultos,83.37,95,125939,1,Atenção
2015,4,2015-04-01,Sul,RS,Porto Alegre,Hepatite B,21353,Adolescentes,90.2,95,23674,1,Atenção
2015,4,2015-04-01,Sul,RS,Caxias do Sul,Tríplice Viral,153028,Adultos,83.85,95,182505,0,Atenção
2015,5,2015-05-01,Norte,AM,Manaus,Tríplice Viral,448691,Crianças,94.26,95,475997,0,Atenção
2015,5,2015-05-01,Norte,PA,Belém,Hepatite B,415130,Adultos,89.18,80,465472,2,Adequado
2015,5,2015-05-01,Norte,PA,Santarém,COVID-19,183271,Crianças,76.57,95,239350,1,Crítico
2015,5,2015-05-01,Norte,RO,Porto Velho,COVID-19,141755,Idosos,80.65,80,175764,2,Adequado
2015,5,2015-05-01,Norte,TO,Palmas,Tríplice Viral,193487,Idosos,68.91,80,280767,1,Atenção
2015,5,2015-05-01,Nordeste,BA,Salvador,BCG,30956,Adultos,75.25,95,41137,1,Crítico
2015,5,2015-05-01,Nordeste,BA,Feira de Santana,Influenza,347848,Adultos,83.94,80,414419,3,Adequado
2015,5,2015-05-01,Nordeste,PE,Recife,COVID-19,286334,Adolescentes,67.81,80,422241,1,Atenção
2015,5,2015-05-01,Nordeste,PE,Jaboatão dos Guararapes,Poliomielite,280856,Crianças,74.0,95,379541,2,Crítico
2015,5,2015-05-01,Nordeste,CE,Fortaleza,COVID-19,305717,Crianças,79.35,80,385288,0,Atenção
2015,5,2015-05-01,Nordeste,CE,Juazeiro do Norte,Hepatite B,232433,Adolescentes,88.54,95,262510,5,Atenção
2015,5,2015-05-01,Nordeste,MA,São Luís,Hepatite B,348031,Crianças,73.42,95,474003,1,Crítico
2015,5,2015-05-01,Nordeste,PB,João Pessoa,Poliomielite,395810,Crianças,91.73,95,431503,0,Atenção
2015,5,2015-05-01,Centro-Oeste,DF,Brasília,Hepatite B,60384,Adolescentes,77.53,95,77889,1,Crítico
2015,5,2015-05-01,Centro-Oeste,GO,Goiânia,BCG,177344,Idosos,100.0,95,177344,1,Adequado
2015,5,2015-05-01,Centro-Oeste,GO,Aparecida de Goiânia,Poliomielite,129982,Adultos,100.0,95,129982,1,Adequado
2015,5,2015-05-01,Centro-Oeste,MT,Cuiabá,COVID-19,103574,Idosos,71.44,80,144981,0,Atenção
2015,5,2015-05-01,Centro-Oeste,MS,Campo Grande,Tríplice Viral,213995,Adolescentes,71.69,95,298493,2,Crítico
2015,5,2015-05-01,Sudeste,SP,São Paulo,Tríplice Viral,435017,Gestantes,88.81,80,489838,1,Adequado
2015,5,2015-05-01,Sudeste,SP,Campinas,COVID-19,182894,Adultos,92.62,95,197471,0,Atenção
2015,5,2015-05-01,Sudeste,SP,Ribeirão Preto,Poliomielite,91079,Gestantes,86.39,80,105426,0,Adequado
2015,5,2015-05-01,Sudeste,RJ,Rio de Janeiro,Hepatite B,36787,Crianças,100.0,95,36787,0,Adequado
2015,5,2015-05-01,Sudeste,RJ,Niterói,Influenza,277542,Adultos,79.69,80,348259,2,Atenção
2015,5,2015-05-01,Sudeste,RJ,Nova Iguaçu,BCG,111176,Crianças,100.0,95,111176,1,Adequado
2015,5,2015-05-01,Sudeste,RJ,Petrópolis,Influenza,17232,Gestantes,82.08,95,20994,2,Atenção
2015,5,2015-05-01,Sudeste,MG,Belo Horizonte,BCG,170961,Crianças,76.62,95,223121,0,Crítico
2015,5,2015-05-01,Sudeste,MG,Uberlândia,Influenza,284348,Gestantes,88.93,80,319730,1,Adequado
2015,5,2015-05-01,Sudeste,MG,Juiz de Fora,BCG,249351,Crianças,75.16,95,331746,1,Crítico
2015,5,2015-05-01,Sudeste,ES,Vitória,Influenza,127378,Gestantes,82.28,80,154807,2,Adequado
2015,5,2015-05-01,Sudeste,ES,Vila Velha,BCG,115130,Adolescentes,82.59,80,139405,2,Adequado
2015,5,2015-05-01,Sudeste,ES,Serra,Influenza,188155,Adultos,83.86,95,224363,0,Atenção
2015,5,2015-05-01,Sul,PR,Curitiba,Poliomielite,23355,Crianças,75.29,95,31022,2,Crítico
2015,5,2015-05-01,Sul,PR,Londrina,BCG,365411,Adolescentes,73.64,95,496181,0,Crítico
2015,5,2015-05-01,Sul,SC,Florianópolis,Hepatite B,332463,Adolescentes,71.15,95,467240,0,Crítico
2015,5,2015-05-01,Sul,SC,Joinville,BCG,32074,Adolescentes,97.26,80,32978,0,Adequado
2015,5,2015-05-01,Sul,RS,Porto Alegre,Hepatite B,218213,Idosos,72.6,95,300564,1,Crítico
2015,5,2015-05-01,Sul,RS,Caxias do Sul,Poliomielite,452496,Adolescentes,100.0,80,452496,0,Adequado
2015,6,2015-06-01,Norte,AM,Manaus,Hepatite B,376447,Gestantes,85.43,80,440626,1,Adequado
2015,6,2015-06-01,Norte,PA,Belém,Tríplice Viral,85993,Crianças,89.68,80,95889,0,Adequado
2015,6,2015-06-01,Norte,PA,Santarém,Influenza,254682,Idosos,94.43,80,269695,0,Adequado
2015,6,2015-06-01,Norte,RO,Porto Velho,Hepatite B,395536,Adolescentes,88.0,80,449471,3,Adequado
2015,6,2015-06-01,Norte,TO,Palmas,Influenza,29260,Adolescentes,92.28,80,31709,2,Adequado
2015,6,2015-06-01,Nordeste,BA,Salvador,Tríplice Viral,75854,Adultos,78.7,95,96379,4,Crítico
2015,6,2015-06-01,Nordeste,BA,Feira de Santana,Poliomielite,232606,Crianças,74.75,95,311197,1,Crítico
2015,6,2015-06-01,Nordeste,PE,Recife,Poliomielite,186762,Idosos,60.65,80,307924,1,Crítico
2015,6,2015-06-01,Nordeste,PE,Jaboatão dos Guararapes,Influenza,94286,Idosos,100.0,95,94286,1,Adequado
2015,6,2015-06-01,Nordeste,CE,Fortaleza,Tríplice Viral,257400,Idosos,83.74,95,307389,1,Atenção
2015,6,2015-06-01,Nordeste,CE,Juazeiro do Norte,Poliomielite,95171,Adolescentes,74.6,95,127570,2,Crítico
2015,6,2015-06-01,Nordeste,MA,São Luís,Influenza,27359,Adolescentes,81.42,95,33604,2,Atenção
2015,6,2015-06-01,Nordeste,PB,João Pessoa,Poliomielite,332204,Idosos,70.8,95,469208,0,Crítico
2015,6,2015-06-01,Centro-Oeste,DF,Brasília,COVID-19,322369,Adolescentes,81.38,80,396136,0,Adequado
2015,6,2015-06-01,Centro-Oeste,GO,Goiânia,COVID-19,437603,Crianças,97.54,95,448626,0,Adequado
2015,6,2015-06-01,Centro-Oeste,GO,Aparecida de Goiânia,Hepatite B,339774,Gestantes,87.39,80,388784,0,Adequado
2015,6,2015-06-01,Centro-Oeste,MT,Cuiabá,BCG,330839,Idosos,82.72,95,399939,0,Atenção
2015,6,2015-06-01,Centro-Oeste,MS,Campo Grande,Hepatite B,297786,Adultos,63.41,80,469592,0,Crítico
2015,6,2015-06-01,Sudeste,SP,São Paulo,Influenza,258458,Idosos,86.78,80,297831,2,Adequado
2015,6,2015-06-01,Sudeste,SP,Campinas,Influenza,339856,Crianças,86.17,95,394386,0,Atenção
2015,6,2015-06-01,Sudeste,SP,Ribeirão Preto,Poliomielite,353892,Crianças,82.83,80,427236,1,Adequado
2015,6,2015-06-01,Sudeste,RJ,Rio de Janeiro,COVID-19,407056,Crianças,90.9,80,447800,0,Adequado
2015,6,2015-06-01,Sudeste,RJ,Niterói,Influenza,399219,Adolescentes,87.45,80,456523,0,Adequado
2015,6,2015-06-01,Sudeste,RJ,Nova Iguaçu,COVID-19,195904,Adultos,70.25,95,278853,3,Crítico
2015,6,2015-06-01,Sudeste,RJ,Petrópolis,BCG,369302,Gestantes,89.1,95,414467,2,Atenção
2015,6,2015-06-01,Sudeste,MG,Belo Horizonte,Tríplice Viral,277123,Adultos,100.0,95,277123,1,Adequado
2015,6,2015-06-01,Sudeste,MG,Uberlândia,Influenza,307129,Adultos,76.29,95,402589,0,Crítico
2015,6,2015-06-01,Sudeste,MG,Juiz de Fora,COVID-19,214186,Crianças,77.81,80,275261,1,Atenção
2015,6,2015-06-01,Sudeste,ES,Vitória,Influenza,87423,Gestantes,94.78,80,92243,3,Adequado
2015,6,2015-06-01,Sudeste,ES,Vila Velha,Tríplice Viral,39704,Idosos,89.32,95,44452,1,Atenção
2015,6,2015-06-01,Sudeste,ES,Serra,Influenza,407394,Crianças,95.89,80,424878,0,Adequado
2015,6,2015-06-01,Sul,PR,Curitiba,COVID-19,138621,Adolescentes,93.53,95,148216,2,Atenção
2015,6,2015-06-01,Sul,PR,Londrina,BCG,405380,Adultos,82.84,95,489325,0,Atenção
2015,6,2015-06-01,Sul,SC,Florianópolis,Influenza,382233,Idosos,89.49,95,427119,4,Atenção
2015,6,2015-06-01,Sul,SC,Joinville,Influenza,140008,Adultos,69.98,95,200065,4,Crítico
2015,6,2015-06-01,Sul,RS,Porto Alegre,Tríplice Viral,177977,Gestantes,89.45,80,198976,1,Adequado
2015,6,2015-06-01,Sul,RS,Caxias do Sul,Tríplice Viral,160326,Crianças,88.34,95,181496,0,Atenção
2015,7,2015-07-01,Norte,AM,Manaus,Hepatite B,122613,Adultos,84.77,80,144639,0,Adequado
2015,7,2015-07-01,Norte,PA,Belém,Hepatite B,362846,Idosos,96.59,80,375668,1,Adequado
2015,7,2015-07-01,Norte,PA,Santarém,BCG,44031,Gestantes,81.56,80,53984,1,Adequado
2015,7,2015-07-01,Norte,RO,Porto Velho,BCG,192726,Crianças,70.32,80,274063,0,Atenção
2015,7,2015-07-01,Norte,TO,Palmas,COVID-19,294026,Idosos,82.61,80,355911,0,Adequado
2015,7,2015-07-01,Nordeste,BA,Salvador,Influenza,144783,Adolescentes,98.22,95,147404,0,Adequado
2015,7,2015-07-01,Nordeste,BA,Feira de Santana,Tríplice Viral,27794,Adultos,71.33,95,38967,0,Crítico
2015,7,2015-07-01,Nordeste,PE,Recife,Tríplice Viral,231112,Gestantes,87.61,95,263802,0,Atenção
2015,7,2015-07-01,Nordeste,PE,Jaboatão dos Guararapes,BCG,369444,Crianças,81.32,80,454326,0,Adequado
2015,7,2015-07-01,Nordeste,CE,Fortaleza,BCG,439310,Gestantes,88.07,95,498829,2,Atenção
2015,7,2015-07-01,Nordeste,CE,Juazeiro do Norte,Hepatite B,44592,Idosos,83.54,80,53379,0,Adequado
2015,7,2015-07-01,Nordeste,MA,São Luís,Influenza,161279,Crianças,83.87,80,192291,0,Adequado
2015,7,2015-07-01,Nordeste,PB,João Pessoa,Tríplice Viral,419330,Gestantes,85.82,80,488597,1,Adequado
2015,7,2015-07-01,Centro-Oeste,DF,Brasília,Influenza,235039,Gestantes,78.33,80,300071,1,Atenção
2015,7,2015-07-01,Centro-Oeste,GO,Goiânia,COVID-19,299515,Crianças,80.38,95,372619,1,Atenção
2015,7,2015-07-01,Centro-Oeste,GO,Aparecida de Goiânia,Influenza,98775,Adolescentes,78.39,80,126003,0,Atenção
2015,7,2015-07-01,Centro-Oeste,MT,Cuiabá,BCG,151462,Gestantes,84.12,80,180053,1,Adequado
2015,7,2015-07-01,Centro-Oeste,MS,Campo Grande,Influenza,343345,Gestantes,86.36,95,397585,2,Atenção
2015,7,2015-07-01,Sudeste,SP,São Paulo,Tríplice Viral,280252,Adultos,71.76,95,390522,0,Crítico
2015,7,2015-07-01,Sudeste,SP,Campinas,Tríplice Viral,298619,Idosos,74.04,80,403334,1,Atenção
2015,7,2015-07-01,Sudeste,SP,Ribeirão Preto,BCG,274074,Adultos,64.76,95,423220,0,Crítico
2015,7,2015-07-01,Sudeste,RJ,Rio de Janeiro,COVID-19,62945,Adultos,78.08,95,80622,1,Crítico
2015,7,2015-07-01,Sudeste,RJ,Niterói,Influenza,57250,Idosos,100.0,80,57250,0,Adequado
2015,7,2015-07-01,Sudeste,RJ,Nova Iguaçu,Tríplice Viral,441987,Idosos,98.03,80,450850,1,Adequado
2015,7,2015-07-01,Sudeste,RJ,Petrópolis,Hepatite B,371089,Idosos,89.03,80,416806,0,Adequado
2015,7,2015-07-01,Sudeste,MG,Belo Horizonte,BCG,109799,Idosos,80.33,80,136690,0,Adequado
2015,7,2015-07-01,Sudeste,MG,Uberlândia,Influenza,288116,Crianças,70.86,80,406593,2,Atenção
2015,7,2015-07-01,Sudeste,MG,Juiz de Fora,Influenza,148917,Gestantes,74.94,80,198703,2,Atenção
2015,7,2015-07-01,Sudeste,ES,Vitória,Hepatite B,284920,Crianças,68.62,95,415201,2,Crítico
2015,7,2015-07-01,Sudeste,ES,Vila Velha,Hepatite B,112217,Adultos,84.62,95,132609,0,Atenção
2015,7,2015-07-01,Sudeste,ES,Serra,Poliomielite,43904,Gestantes,73.99,95,59341,2,Crítico
2015,7,2015-07-01,Sul,PR,Curitiba,Hepatite B,137760,Crianças,75.24,95,183085,2,Crítico
2015,7,2015-07-01,Sul,PR,Londrina,Poliomielite,30575,Adolescentes,95.92,95,31877,0,Adequado
2015,7,2015-07-01,Sul,SC,Florianópolis,Influenza,183399,Idosos,77.63,95,236246,5,Crítico
2015,7,2015-07-01,Sul,SC,Joinville,BCG,178823,Adultos,100.0,80,178823,3,Adequado
2015,7,2015-07-01,Sul,RS,Porto Alegre,COVID-19,87966,Adolescentes,78.87,95,111531,0,Crítico
2015,7,2015-07-01,Sul,RS,Caxias do Sul,Tríplice Viral,44717,Crianças,80.43,95,55601,0,Atenção
2015,8,2015-08-01,Norte,AM,Manaus,Hepatite B,42294,Adolescentes,73.53,95,57520,1,Crítico
2015,8,2015-08-01,Norte,PA,Belém,Poliomielite,315298,Idosos,69.15,95,455979,2,Crítico
2015,8,2015-08-01,Norte,PA,Santarém,Hepatite B,221554,Crianças,65.7,80,337225,1,Atenção
2015,8,2015-08-01,Norte,RO,Porto Velho,Poliomielite,317468,Adolescentes,77.74,95,408376,1,Crítico
2015,8,2015-08-01,Norte,TO,Palmas,BCG,366284,Adolescentes,100.0,80,366284,0,Adequado
2015,8,2015-08-01,Nordeste,BA,Salvador,COVID-19,97322,Idosos,78.58,80,123850,2,Atenção
2015,8,2015-08-01,Nordeste,BA,Feira de Santana,BCG,17661,Idosos,97.78,95,18062,2,Adequado
2015,8,2015-08-01,Nordeste,PE,Recife,Poliomielite,181467,Idosos,78.98,80,229766,1,Atenção
2015,8,2015-08-01,Nordeste,PE,Jaboatão dos Guararapes,Tríplice Viral,379169,Adolescentes,92.86,95,408342,0,Atenção
2015,8,2015-08-01,Nordeste,CE,Fortaleza,Influenza,165389,Crianças,91.0,80,181738,2,Adequado
2015,8,2015-08-01,Nordeste,CE,Juazeiro do Norte,COVID-19,55687,Crianças,83.03,80,67065,1,Adequado
2015,8,2015-08-01,Nordeste,MA,São Luís,Hepatite B,141769,Adolescentes,95.48,95,148484,2,Adequado
2015,8,2015-08-01,Nordeste,PB,João Pessoa,Tríplice Viral,11773,Gestantes,69.43,95,16957,0,Crítico
2015,8,2015-08-01,Centro-Oeste,DF,Brasília,COVID-19,140928,Adolescentes,91.27,80,154416,1,Adequado
2015,8,2015-08-01,Centro-Oeste,GO,Goiânia,Hepatite B,277913,Gestantes,96.89,80,286823,1,Adequado
2015,8,2015-08-01,Centro-Oeste,GO,Aparecida de Goiânia,Influenza,163433,Adultos,87.29,80,187237,0,Adequado
2015,8,2015-08-01,Centro-Oeste,MT,Cuiabá,Hepatite B,188706,Idosos,88.42,80,213423,1,Adequado
2015,8,2015-08-01,Centro-Oeste,MS,Campo Grande,Influenza,203964,Gestantes,89.74,80,227288,0,Adequado
2015,8,2015-08-01,Sudeste,SP,São Paulo,Hepatite B,239790,Gestantes,87.43,80,274269,1,Adequado
2015,8,2015-08-01,Sudeste,SP,Campinas,Influenza,415313,Gestantes,100.0,80,415313,0,Adequado
2015,8,2015-08-01,Sudeste,SP,Ribeirão Preto,Tríplice Viral,232135,Adolescentes,90.56,95,256334,0,Atenção
2015,8,2015-08-01,Sudeste,RJ,Rio de Janeiro,Tríplice Viral,383417,Adolescentes,85.17,95,450180,0,Atenção
2015,8,2015-08-01,Sudeste,RJ,Niterói,COVID-19,55419,Crianças,82.17,80,67449,0,Adequado
2015,8,2015-08-01,Sudeste,RJ,Nova Iguaçu,Poliomielite,190805,Crianças,98.81,80,193106,1,Adequado
2015,8,2015-08-01,Sudeste,RJ,Petrópolis,Poliomielite,195065,Adolescentes,69.24,80,281717,2,Atenção
2015,8,2015-08-01,Sudeste,MG,Belo Horizonte,Hepatite B,50417,Crianças,87.36,95,57713,1,Atenção
2015,8,2015-08-01,Sudeste,MG,Uberlândia,BCG,9583,Adolescentes,83.64,95,11459,0,Atenção
2015,8,2015-08-01,Sudeste,MG,Juiz de Fora,Poliomielite,256847,Gestantes,99.64,80,257781,1,Adequado
2015,8,2015-08-01,Sudeste,ES,Vitória,BCG,108203,Adultos,83.55,80,129511,2,Adequado
2015,8,2015-08-01,Sudeste,ES,Vila Velha,Influenza,116448,Crianças,94.02,95,123851,1,Atenção
2015,8,2015-08-01,Sudeste,ES,Serra,COVID-19,166500,Idosos,71.21,80,233804,3,Atenção
2015,8,2015-08-01,Sul,PR,Curitiba,Influenza,138009,Adultos,82.24,95,167821,0,Atenção
2015,8,2015-08-01,Sul,PR,Londrina,Tríplice Viral,10136,Gestantes,64.54,95,15706,1,Crítico
2015,8,2015-08-01,Sul,SC,Florianópolis,Hepatite B,161229,Adolescentes,94.49,95,170636,2,Atenção
2015,8,2015-08-01,Sul,SC,Joinville,Influenza,54041,Adolescentes,82.88,95,65207,1,Atenção
2015,8,2015-08-01,Sul,RS,Porto Alegre,Tríplice Viral,84606,Idosos,78.94,95,107176,0,Crítico
2015,8,2015-08-01,Sul,RS,Caxias do Sul,BCG,19736,Adultos,89.09,80,22153,1,Adequado
2015,9,2015-09-01,Norte,AM,Manaus,Poliomielite,395001,Adultos,88.3,95,447354,0,Atenção
2015,9,2015-09-01,Norte,PA,Belém,BCG,92913,Adolescentes,93.51,95,99364,0,Atenção
2015,9,2015-09-01,Norte,PA,Santarém,Influenza,22792,Adultos,96.43,95,23635,0,Adequado
2015,9,2015-09-01,Norte,RO,Porto Velho,COVID-19,206360,Adolescentes,82.18,95,251112,3,Atenção
2015,9,2015-09-01,Norte,TO,Palmas,COVID-19,434315,Idosos,87.64,95,495542,0,Atenção
2015,9,2015-09-01,Nordeste,BA,Salvador,Hepatite B,90282,Gestantes,99.27,95,90944,2,Adequado
2015,9,2015-09-01,Nordeste,BA,Feira de Santana,COVID-19,171859,Idosos,86.47,80,198753,0,Adequado
2015,9,2015-09-01,Nordeste,PE,Recife,COVID-19,113238,Adultos,66.19,95,171089,1,Crítico
2015,9,2015-09-01,Nordeste,PE,Jaboatão dos Guararapes,Influenza,467661,Adolescentes,100.0,80,467661,0,Adequado
2015,9,2015-09-01,Nordeste,CE,Fortaleza,Influenza,24706,Idosos,76.13,80,32452,0,Atenção
2015,9,2015-09-01,Nordeste,CE,Juazeiro do Norte,Tríplice Viral,76424,Crianças,72.89,95,104844,0,Crítico
2015,9,2015-09-01,Nordeste,MA,São Luís,Tríplice Viral,267320,Adultos,97.84,80,273230,0,Adequado
2015,9,2015-09-01,Nordeste,PB,João Pessoa,BCG,356588,Crianças,86.01,80,414597,2,Adequado
2015,9,2015-09-01,Centro-Oeste,DF,Brasília,Tríplice Viral,162982,Gestantes,83.87,80,194331,3,Adequado
2015,9,2015-09-01,Centro-Oeste,GO,Goiânia,Hepatite B,177511,Gestantes,77.01,95,230500,0,Crítico
2015,9,2015-09-01,Centro-Oeste,GO,Aparecida de Goiânia,BCG,41308,Adultos,73.79,80,55978,0,Atenção
2015,9,2015-09-01,Centro-Oeste,MT,Cuiabá,Influenza,74165,Gestantes,69.98,95,105985,1,Crítico
2015,9,2015-09-01,Centro-Oeste,MS,Campo Grande,Tríplice Viral,233263,Adultos,100.0,80,233263,2,Adequado
2015,9,2015-09-01,Sudeste,SP,São Paulo,Influenza,53942,Gestantes,90.32,95,59722,1,Atenção
2015,9,2015-09-01,Sudeste,SP,Campinas,Tríplice Viral,263033,Adultos,88.63,80,296780,1,Adequado
2015,9,2015-09-01,Sudeste,SP,Ribeirão Preto,Poliomielite,90726,Gestantes,73.98,80,122632,0,Atenção
2015,9,2015-09-01,Sudeste,RJ,Rio de Janeiro,COVID-19,22979,Adolescentes,70.69,95,32506,1,Crítico
2015,9,2015-09-01,Sudeste,RJ,Niterói,Poliomielite,117983,Crianças,84.46,95,139684,2,Atenção
2015,9,2015-09-01,Sudeste,RJ,Nova Iguaçu,Tríplice Viral,52983,Adolescentes,96.69,95,54795,0,Adequado
2015,9,2015-09-01,Sudeste,RJ,Petrópolis,COVID-19,132511,Crianças,79.45,80,166777,1,Atenção
2015,9,2015-09-01,Sudeste,MG,Belo Horizonte,BCG,297914,Gestantes,86.62,95,343915,1,Atenção
2015,9,2015-09-01,Sudeste,MG,Uberlândia,Poliomielite,384563,Adultos,94.33,80,407670,1,Adequado
2015,9,2015-09-01,Sudeste,MG,Juiz de Fora,Poliomielite,131786,Adultos,85.36,80,154391,2,Adequado
2015,9,2015-09-01,Sudeste,ES,Vitória,Tríplice Viral,42401,Crianças,78.87,95,53763,0,Crítico
2015,9,2015-09-01,Sudeste,ES,Vila Velha,Poliomielite,203852,Gestantes,87.4,95,233246,0,Atenção
2015,9,2015-09-01,Sudeste,ES,Serra,Poliomielite,400412,Crianças,92.44,95,433150,0,Atenção
2015,9,2015-09-01,Sul,PR,Curitiba,Influenza,257282,Adultos,100.0,80,257282,2,Adequado
2015,9,2015-09-01,Sul,PR,Londrina,Hepatite B,331691,Crianças,73.72,95,449953,0,Crítico
2015,9,2015-09-01,Sul,SC,Florianópolis,Influenza,352522,Adolescentes,87.88,95,401128,2,Atenção
2015,9,2015-09-01,Sul,SC,Joinville,Poliomielite,346571,Gestantes,98.98,95,350129,1,Adequado
2015,9,2015-09-01,Sul,RS,Porto Alegre,COVID-19,110390,Gestantes,83.95,95,131500,0,Atenção
2015,9,2015-09-01,Sul,RS,Caxias do Sul,Hepatite B,326453,Crianças,81.84,95,398874,3,Atenção
2015,10,2015-10-01,Norte,AM,Manaus,Tríplice Viral,384827,Crianças,78.76,95,488592,1,Crítico
2015,10,2015-10-01,Norte,PA,Belém,Influenza,244282,Crianças,83.27,95,293376,1,Atenção
2015,10,2015-10-01,Norte,PA,Santarém,BCG,287726,Gestantes,100.0,80,287726,0,Adequado
2015,10,2015-10-01,Norte,RO,Porto Velho,Poliomielite,463895,Adultos,97.4,80,476259,2,Adequado
2015,10,2015-10-01,Norte,TO,Palmas,COVID-19,49981,Crianças,86.35,95,57884,1,Atenção
2015,10,2015-10-01,Nordeste,BA,Salvador,Influenza,121700,Gestantes,91.17,95,133486,0,Atenção
2015,10,2015-10-01,Nordeste,BA,Feira de Santana,COVID-19,160134,Idosos,89.94,95,178046,1,Atenção
2015,10,2015-10-01,Nordeste,PE,Recife,Tríplice Viral,36145,Adolescentes,68.52,80,52749,0,Atenção
2015,10,2015-10-01,Nordeste,PE,Jaboatão dos Guararapes,Hepatite B,229027,Adultos,87.7,80,261145,0,Adequado
2015,10,2015-10-01,Nordeste,CE,Fortaleza,BCG,111520,Crianças,91.01,80,122536,0,Adequado
2015,10,2015-10-01,Nordeste,CE,Juazeiro do Norte,Influenza,72727,Crianças,80.22,95,90656,0,Atenção
2015,10,2015-10-01,Nordeste,MA,São Luís,Tríplice Viral,106235,Adolescentes,79.79,95,133144,0,Crítico
2015,10,2015-10-01,Nordeste,PB,João Pessoa,COVID-19,120027,Adultos,78.89,95,152138,0,Crítico
2015,10,2015-10-01,Centro-Oeste,DF,Brasília,Poliomielite,26108,Crianças,89.51,80,29167,0,Adequado
2015,10,2015-10-01,Centro-Oeste,GO,Goiânia,Hepatite B,251197,Crianças,80.01,95,313962,0,Atenção
2015,10,2015-10-01,Centro-Oeste,GO,Aparecida de Goiânia,Hepatite B,81281,Adultos,79.13,80,102716,1,Atenção
2015,10,2015-10-01,Centro-Oeste,MT,Cuiabá,Poliomielite,384116,Adultos,78.81,95,487390,0,Crítico
2015,10,2015-10-01,Centro-Oeste,MS,Campo Grande,Hepatite B,84794,Idosos,85.86,80,98761,0,Adequado
2015,10,2015-10-01,Sudeste,SP,São Paulo,Poliomielite,439371,Gestantes,100.0,95,439371,1,Adequado
2015,10,2015-10-01,Sudeste,SP,Campinas,Influenza,232021,Gestantes,74.54,95,311286,2,Crítico
2015,10,2015-10-01,Sudeste,SP,Ribeirão Preto,Poliomielite,299605,Adolescentes,91.39,95,327845,2,Atenção
2015,10,2015-10-01,Sudeste,RJ,Rio de Janeiro,Influenza,451640,Adolescentes,91.33,80,494538,0,Adequado
2015,10,2015-10-01,Sudeste,RJ,Niterói,BCG,190284,Gestantes,92.63,95,205432,1,Atenção
2015,10,2015-10-01,Sudeste,RJ,Nova Iguaçu,Tríplice Viral,277816,Adolescentes,89.57,80,310154,2,Adequado
2015,10,2015-10-01,Sudeste,RJ,Petrópolis,COVID-19,282348,Adultos,83.1,95,339783,2,Atenção
2015,10,2015-10-01,Sudeste,MG,Belo Horizonte,BCG,162762,Gestantes,98.32,95,165537,1,Adequado
2015,10,2015-10-01,Sudeste,MG,Uberlândia,Tríplice Viral,89195,Gestantes,87.87,95,101503,0,Atenção
2015,10,2015-10-01,Sudeste,MG,Juiz de Fora,Influenza,30966,Adultos,81.38,95,38050,3,Atenção
2015,10,2015-10-01,Sudeste,ES,Vitória,Tríplice Viral,389019,Adultos,85.34,80,455843,0,Adequado
2015,10,2015-10-01,Sudeste,ES,Vila Velha,Hepatite B,287035,Crianças,100.0,95,287035,1,Adequado
2015,10,2015-10-01,Sudeste,ES,Serra,Hepatite B,214006,Adultos,80.64,80,265371,1,Adequado
2015,10,2015-10-01,Sul,PR,Curitiba,COVID-19,153744,Adultos,89.4,95,171983,1,Atenção
2015,10,2015-10-01,Sul,PR,Londrina,COVID-19,306705,Gestantes,83.85,95,365775,1,Atenção
2015,10,2015-10-01,Sul,SC,Florianópolis,Poliomielite,115833,Gestantes,94.77,95,122221,1,Atenção
2015,10,2015-10-01,Sul,SC,Joinville,BCG,120847,Adultos,99.53,95,121416,1,Adequado
2015,10,2015-10-01,Sul,RS,Porto Alegre,Tríplice Viral,259072,Adolescentes,80.58,95,321498,1,Atenção
2015,10,2015-10-01,Sul,RS,Caxias do Sul,BCG,21091,Gestantes,100.0,80,21091,0,Adequado
2015,11,2015-11-01,Norte,AM,Manaus,Poliomielite,164469,Adolescentes,73.43,80,223975,1,Atenção
2015,11,2015-11-01,Norte,PA,Belém,Poliomielite,166544,Idosos,72.25,80,230508,0,Atenção
2015,11,2015-11-01,Norte,PA,Santarém,Tríplice Viral,169487,Gestantes,90.44,95,187398,1,Atenção
2015,11,2015-11-01,Norte,RO,Porto Velho,Poliomielite,413954,Crianças,96.55,95,428733,0,Adequado
2015,11,2015-11-01,Norte,TO,Palmas,Tríplice Viral,112705,Adolescentes,100.0,95,112705,1,Adequado
2015,11,2015-11-01,Nordeste,BA,Salvador,COVID-19,127030,Adultos,81.75,95,155398,1,Atenção
2015,11,2015-11-01,Nordeste,BA,Feira de Santana,Influenza,154217,Gestantes,77.06,95,200119,1,Crítico
2015,11,2015-11-01,Nordeste,PE,Recife,BCG,131045,Gestantes,81.55,95,160686,0,Atenção
2015,11,2015-11-01,Nordeste,PE,Jaboatão dos Guararapes,Hepatite B,66760,Adultos,83.76,95,79702,1,Atenção
2015,11,2015-11-01,Nordeste,CE,Fortaleza,Tríplice Viral,209587,Idosos,92.2,80,227323,1,Adequado
2015,11,2015-11-01,Nordeste,CE,Juazeiro do Norte,COVID-19,385459,Adolescentes,84.61,80,455597,3,Adequado
2015,11,2015-11-01,Nordeste,MA,São Luís,Influenza,134594,Idosos,76.29,95,176430,0,Crítico
2015,11,2015-11-01,Nordeste,PB,João Pessoa,BCG,115864,Adolescentes,91.58,80,126520,0,Adequado
2015,11,2015-11-01,Centro-Oeste,DF,Brasília,Tríplice Viral,338343,Adultos,87.11,95,388431,1,Atenção
2015,11,2015-11-01,Centro-Oeste,GO,Goiânia,Influenza,370018,Crianças,84.88,95,435935,2,Atenção
2015,11,2015-11-01,Centro-Oeste,GO,Aparecida de Goiânia,Hepatite B,405043,Adolescentes,89.58,80,452178,0,Adequado
2015,11,2015-11-01,Centro-Oeste,MT,Cuiabá,BCG,161560,Adultos,66.02,80,244725,0,Atenção
2015,11,2015-11-01,Centro-Oeste,MS,Campo Grande,Tríplice Viral,104092,Crianças,96.83,80,107498,0,Adequado
2015,11,2015-11-01,Sudeste,SP,São Paulo,BCG,76032,Adultos,81.5,95,93291,1,Atenção
2015,11,2015-11-01,Sudeste,SP,Campinas,Influenza,326039,Idosos,83.9,95,388612,2,Atenção
2015,11,2015-11-01,Sudeste,SP,Ribeirão Preto,Influenza,219720,Idosos,73.11,80,300546,1,Atenção
2015,11,2015-11-01,Sudeste,RJ,Rio de Janeiro,Influenza,249676,Adultos,86.18,80,289730,1,Adequado
2015,11,2015-11-01,Sudeste,RJ,Niterói,Poliomielite,333231,Adultos,90.21,95,369388,1,Atenção
2015,11,2015-11-01,Sudeste,RJ,Nova Iguaçu,Hepatite B,113386,Gestantes,85.57,80,132512,0,Adequado
2015,11,2015-11-01,Sudeste,RJ,Petrópolis,Tríplice Viral,263795,Adolescentes,66.93,80,394120,1,Atenção
2015,11,2015-11-01,Sudeste,MG,Belo Horizonte,Hepatite B,134508,Gestantes,64.52,95,208486,0,Crítico
2015,11,2015-11-01,Sudeste,MG,Uberlândia,BCG,234265,Adolescentes,72.27,95,324174,2,Crítico
2015,11,2015-11-01,Sudeste,MG,Juiz de Fora,BCG,61812,Gestantes,78.43,95,78817,4,Crítico
2015,11,2015-11-01,Sudeste,ES,Vitória,COVID-19,438504,Crianças,95.02,95,461499,1,Adequado
2015,11,2015-11-01,Sudeste,ES,Vila Velha,Hepatite B,35960,Gestantes,91.96,95,39106,1,Atenção
2015,11,2015-11-01,Sudeste,ES,Serra,COVID-19,238935,Adultos,94.73,80,252235,1,Adequado
2015,11,2015-11-01,Sul,PR,Curitiba,Tríplice Viral,345800,Gestantes,83.86,95,412333,0,Atenção
2015,11,2015-11-01,Sul,PR,Londrina,COVID-19,116200,Idosos,78.95,95,147177,2,Crítico
2015,11,2015-11-01,Sul,SC,Florianópolis,Poliomielite,109042,Adolescentes,81.36,80,134031,1,Adequado
2015,11,2015-11-01,Sul,SC,Joinville,Tríplice Viral,300372,Gestantes,90.98,95,330155,0,Atenção
2015,11,2015-11-01,Sul,RS,Porto Alegre,BCG,239812,Adultos,72.65,95,330106,4,Crítico
2015,11,2015-11-01,Sul,RS,Caxias do Sul,Tríplice Viral,34827,Adultos,84.53,95,41199,2,Atenção
2015,12,2015-12-01,Norte,AM,Manaus,Poliomielite,441570,Crianças,89.81,95,491699,1,Atenção
2015,12,2015-12-01,Norte,PA,Belém,Poliomielite,358828,Crianças,83.35,95,430507,0,Atenção
2015,12,2015-12-01,Norte,PA,Santarém,Tríplice Viral,376459,Gestantes,82.38,95,456967,1,Atenção
2015,12,2015-12-01,Norte,RO,Porto Velho,Influenza,276675,Gestantes,85.84,95,322309,1,Atenção
2015,12,2015-12-01,Norte,TO,Palmas,BCG,282179,Idosos,78.86,95,357834,1,Crítico
2015,12,2015-12-01,Nordeste,BA,Salvador,Influenza,27363,Crianças,76.58,80,35732,0,Atenção
2015,12,2015-12-01,Nordeste,BA,Feira de Santana,Poliomielite,294531,Adolescentes,86.69,95,339764,0,Atenção
2015,12,2015-12-01,Nordeste,PE,Recife,Influenza,80468,Gestantes,86.78,95,92725,3,Atenção
2015,12,2015-12-01,Nordeste,PE,Jaboatão dos Guararapes,Hepatite B,270840,Idosos,97.32,95,278311,3,Adequado
2015,12,2015-12-01,Nordeste,CE,Fortaleza,Influenza,240606,Adolescentes,86.84,95,277067,0,Atenção
2015,12,2015-12-01,Nordeste,CE,Juazeiro do Norte,COVID-19,311386,Adultos,88.68,80,351131,2,Adequado
2015,12,2015-12-01,Nordeste,MA,São Luís,Hepatite B,352774,Gestantes,96.84,80,364289,2,Adequado
2015,12,2015-12-01,Nordeste,PB,João Pessoa,Tríplice Viral,362404,Crianças,81.19,80,446371,1,Adequado
2015,12,2015-12-01,Centro-Oeste,DF,Brasília,Hepatite B,171864,Idosos,75.41,80,227906,1,Atenção
2015,12,2015-12-01,Centro-Oeste,GO,Goiânia,Poliomielite,326542,Crianças,100.0,80,326542,2,Adequado
2015,12,2015-12-01,Centro-Oeste,GO,Aparecida de Goiânia,Influenza,118860,Idosos,71.1,95,167174,0,Crítico
2015,12,2015-12-01,Centro-Oeste,MT,Cuiabá,Poliomielite,249542,Gestantes,85.9,95,290501,0,Atenção
2015,12,2015-12-01,Centro-Oeste,MS,Campo Grande,COVID-19,312748,Crianças,71.78,95,435723,2,Crítico
2015,12,2015-12-01,Sudeste,SP,São Paulo,Influenza,36868,Adultos,85.3,95,43222,1,Atenção
2015,12,2015-12-01,Sudeste,SP,Campinas,Influenza,205085,Idosos,73.85,80,277721,1,Atenção
2015,12,2015-12-01,Sudeste,SP,Ribeirão Preto,BCG,345539,Gestantes,72.7,80,475294,2,Atenção
2015,12,2015-12-01,Sudeste,RJ,Rio de Janeiro,COVID-19,156714,Crianças,75.74,95,206899,0,Crítico
2015,12,2015-12-01,Sudeste,RJ,Niterói,Influenza,175455,Idosos,82.94,95,211535,0,Atenção
2015,12,2015-12-01,Sudeste,RJ,Nova Iguaçu,Tríplice Viral,129190,Gestantes,83.16,95,155345,1,Atenção
2015,12,2015-12-01,Sudeste,RJ,Petrópolis,Hepatite B,143868,Idosos,67.69,95,212536,1,Crítico
2015,12,2015-12-01,Sudeste,MG,Belo Horizonte,Poliomielite,397213,Adultos,93.0,95,427114,0,Atenção
2015,12,2015-12-01,Sudeste,MG,Uberlândia,Tríplice Viral,436180,Adolescentes,91.2,95,478285,1,Atenção
2015,12,2015-12-01,Sudeste,MG,Juiz de Fora,Poliomielite,188743,Idosos,82.55,80,228646,2,Adequado
2015,12,2015-12-01,Sudeste,ES,Vitória,Hepatite B,219269,Crianças,93.08,95,235583,1,Atenção
2015,12,2015-12-01,Sudeste,ES,Vila Velha,Poliomielite,295984,Crianças,72.62,80,407556,2,Atenção
2015,12,2015-12-01,Sudeste,ES,Serra,Influenza,112602,Gestantes,93.56,80,120349,1,Adequado
2015,12,2015-12-01,Sul,PR,Curitiba,Hepatite B,405678,Idosos,83.24,95,487381,0,Atenção
2015,12,2015-12-01,Sul,PR,Londrina,Hepatite B,190188,Idosos,87.41,80,217589,2,Adequado
2015,12,2015-12-01,Sul,SC,Florianópolis,COVID-19,427878,Idosos,92.09,80,464649,1,Adequado
2015,12,2015-12-01,Sul,SC,Joinville,Influenza,268734,Crianças,71.96,95,373451,2,Crítico
2015,12,2015-12-01,Sul,RS,Porto Alegre,COVID-19,279768,Adolescentes,78.38,95,356923,2,Crítico
2015,12,2015-12-01,Sul,RS,Caxias do Sul,COVID-19,110774,Adultos,94.21,80,117588,0,Adequado
2016,1,2016-01-01,Norte,AM,Manaus,Influenza,256953,Idosos,97.55,95,263396,2,Adequado
2016,1,2016-01-01,Norte,PA,Belém,Hepatite B,261259,Idosos,81.98,80,318672,1,Adequado
2016,1,2016-01-01,Norte,PA,Santarém,COVID-19,333720,Gestantes,86.63,80,385207,0,Adequado
2016,1,2016-01-01,Norte,RO,Porto Velho,Tríplice Viral,214819,Crianças,88.15,80,243693,0,Adequado
2016,1,2016-01-01,Norte,TO,Palmas,BCG,216810,Idosos,78.58,80,275896,2,Atenção
2016,1,2016-01-01,Nordeste,BA,Salvador,Influenza,372445,Adultos,78.44,95,474810,0,Crítico
2016,1,2016-01-01,Nordeste,BA,Feira de Santana,Tríplice Viral,119487,Adultos,75.71,95,157825,1,Crítico
2016,1,2016-01-01,Nordeste,PE,Recife,Tríplice Viral,272744,Adultos,80.07,95,340613,1,Atenção
2016,1,2016-01-01,Nordeste,PE,Jaboatão dos Guararapes,Tríplice Viral,288756,Adolescentes,98.72,80,292509,0,Adequado
2016,1,2016-01-01,Nordeste,CE,Fortaleza,Influenza,168830,Crianças,100.0,80,168830,1,Adequado
2016,1,2016-01-01,Nordeste,CE,Juazeiro do Norte,Influenza,373146,Crianças,97.15,80,384108,1,Adequado
2016,1,2016-01-01,Nordeste,MA,São Luís,COVID-19,261314,Adultos,90.63,95,288333,0,Atenção
2016,1,2016-01-01,Nordeste,PB,João Pessoa,Poliomielite,293774,Adultos,85.25,95,344603,2,Atenção
2016,1,2016-01-01,Centro-Oeste,DF,Brasília,BCG,291235,Idosos,83.23,95,349907,2,Atenção
2016,1,2016-01-01,Centro-Oeste,GO,Goiânia,BCG,120565,Idosos,79.83,80,151024,1,Atenção
2016,1,2016-01-01,Centro-Oeste,GO,Aparecida de Goiânia,Tríplice Viral,119386,Idosos,86.31,95,138318,1,Atenção
2016,1,2016-01-01,Centro-Oeste,MT,Cuiabá,Poliomielite,143179,Gestantes,94.68,95,151221,2,Atenção
2016,1,2016-01-01,Centro-Oeste,MS,Campo Grande,BCG,453506,Gestantes,95.7,95,473860,0,Adequado
2016,1,2016-01-01,Sudeste,SP,São Paulo,Hepatite B,465545,Adultos,100.0,95,465545,2,Adequado
2016,1,2016-01-01,Sudeste,SP,Campinas,Influenza,323649,Adultos,94.54,95,342337,2,Atenção
2016,1,2016-01-01,Sudeste,SP,Ribeirão Preto,BCG,235930,Crianças,92.88,95,254014,3,Atenção
2016,1,2016-01-01,Sudeste,RJ,Rio de Janeiro,Influenza,51703,Adultos,98.57,95,52452,3,Adequado
2016,1,2016-01-01,Sudeste,RJ,Niterói,Hepatite B,320389,Idosos,82.78,80,387025,2,Adequado
2016,1,2016-01-01,Sudeste,RJ,Nova Iguaçu,Poliomielite,313126,Adolescentes,71.6,80,437344,0,Atenção
2016,1,2016-01-01,Sudeste,RJ,Petrópolis,Poliomielite,352786,Crianças,88.08,95,400528,1,Atenção
2016,1,2016-01-01,Sudeste,MG,Belo Horizonte,Hepatite B,169201,Adultos,89.53,95,188978,0,Atenção
2016,1,2016-01-01,Sudeste,MG,Uberlândia,Hepatite B,335584,Idosos,90.38,80,371312,2,Adequado
2016,1,2016-01-01,Sudeste,MG,Juiz de Fora,Hepatite B,362190,Gestantes,80.96,80,447369,0,Adequado
2016,1,2016-01-01,Sudeste,ES,Vitória,Tríplice Viral,74254,Crianças,88.65,95,83760,1,Atenção
2016,1,2016-01-01,Sudeste,ES,Vila Velha,Tríplice Viral,210505,Adolescentes,58.22,80,361595,2,Crítico
2016,1,2016-01-01,Sudeste,ES,Serra,COVID-19,279539,Gestantes,91.1,95,306847,0,Atenção
2016,1,2016-01-01,Sul,PR,Curitiba,Influenza,56933,Idosos,83.17,95,68454,4,Atenção
2016,1,2016-01-01,Sul,PR,Londrina,COVID-19,225121,Idosos,82.18,80,273932,0,Adequado
2016,1,2016-01-01,Sul,SC,Florianópolis,Hepatite B,190021,Adultos,77.03,95,246683,1,Crítico
2016,1,2016-01-01,Sul,SC,Joinville,Tríplice Viral,264863,Crianças,81.88,80,323461,1,Adequado
2016,1,2016-01-01,Sul,RS,Porto Alegre,BCG,343974,Gestantes,97.67,95,352169,1,Adequado
2016,1,2016-01-01,Sul,RS,Caxias do Sul,BCG,279613,Idosos,91.45,80,305760,2,Adequado
2016,2,2016-02-01,Norte,AM,Manaus,Poliomielite,328423,Adolescentes,76.71,80,428129,3,Atenção
2016,2,2016-02-01,Norte,PA,Belém,COVID-19,26843,Crianças,86.22,80,31135,2,Adequado
2016,2,2016-02-01,Norte,PA,Santarém,BCG,431080,Crianças,93.82,95,459464,2,Atenção
2016,2,2016-02-01,Norte,RO,Porto Velho,COVID-19,237105,Gestantes,75.58,95,313704,2,Crítico
2016,2,2016-02-01,Norte,TO,Palmas,Poliomielite,301567,Gestantes,97.93,80,307944,0,Adequado
2016,2,2016-02-01,Nordeste,BA,Salvador,Tríplice Viral,159290,Adultos,77.09,80,206634,0,Atenção
2016,2,2016-02-01,Nordeste,BA,Feira de Santana,Hepatite B,333649,Crianças,88.78,95,375812,0,Atenção
2016,2,2016-02-01,Nordeste,PE,Recife,Influenza,59780,Idosos,71.37,80,83756,2,Atenção
2016,2,2016-02-01,Nordeste,PE,Jaboatão dos Guararapes,Hepatite B,189637,Adolescentes,70.47,80,269100,1,Atenção
2016,2,2016-02-01,Nordeste,CE,Fortaleza,Hepatite B,266957,Adolescentes,77.55,80,344252,1,Atenção
2016,2,2016-02-01,Nordeste,CE,Juazeiro do Norte,Tríplice Viral,98184,Crianças,96.2,80,102060,1,Adequado
2016,2,2016-02-01,Nordeste,MA,São Luís,COVID-19,413692,Crianças,100.0,95,413692,0,Adequado
2016,2,2016-02-01,Nordeste,PB,João Pessoa,BCG,120669,Adultos,82.21,95,146788,0,Atenção
2016,2,2016-02-01,Centro-Oeste,DF,Brasília,BCG,37959,Crianças,74.57,95,50905,0,Crítico
2016,2,2016-02-01,Centro-Oeste,GO,Goiânia,BCG,159848,Gestantes,88.63,95,180362,0,Atenção
2016,2,2016-02-01,Centro-Oeste,GO,Aparecida de Goiânia,Influenza,204400,Adolescentes,77.73,95,262970,1,Crítico
2016,2,2016-02-01,Centro-Oeste,MT,Cuiabá,Hepatite B,254640,Idosos,97.25,95,261834,1,Adequado
2016,2,2016-02-01,Centro-Oeste,MS,Campo Grande,Hepatite B,154308,Adultos,86.31,80,178777,0,Adequado
2016,2,2016-02-01,Sudeste,SP,São Paulo,COVID-19,113145,Idosos,86.34,95,131048,5,Atenção
2016,2,2016-02-01,Sudeste,SP,Campinas,BCG,59446,Adolescentes,97.59,80,60911,0,Adequado
2016,2,2016-02-01,Sudeste,SP,Ribeirão Preto,Poliomielite,325681,Adolescentes,98.97,95,329066,0,Adequado
2016,2,2016-02-01,Sudeste,RJ,Rio de Janeiro,Hepatite B,485134,Adultos,100.0,80,485134,2,Adequado
2016,2,2016-02-01,Sudeste,RJ,Niterói,BCG,176749,Idosos,76.68,80,230496,3,Atenção
2016,2,2016-02-01,Sudeste,RJ,Nova Iguaçu,Tríplice Viral,40131,Crianças,91.75,80,43742,1,Adequado
2016,2,2016-02-01,Sudeste,RJ,Petrópolis,BCG,152276,Adultos,93.67,95,162568,2,Atenção
2016,2,2016-02-01,Sudeste,MG,Belo Horizonte,COVID-19,259411,Gestantes,100.0,80,259411,2,Adequado
2016,2,2016-02-01,Sudeste,MG,Uberlândia,Poliomielite,297759,Adultos,90.88,95,327635,1,Atenção
2016,2,2016-02-01,Sudeste,MG,Juiz de Fora,Influenza,92804,Adolescentes,64.39,95,144123,1,Crítico
2016,2,2016-02-01,Sudeste,ES,Vitória,Poliomielite,281341,Gestantes,91.18,95,308569,0,Atenção
2016,2,2016-02-01,Sudeste,ES,Vila Velha,Hepatite B,144481,Adolescentes,89.84,95,160817,3,Atenção
2016,2,2016-02-01,Sudeste,ES,Serra,Tríplice Viral,192095,Idosos,86.5,80,222081,1,Adequado
2016,2,2016-02-01,Sul,PR,Curitiba,Tríplice Viral,249663,Idosos,78.14,80,319506,2,Atenção
2016,2,2016-02-01,Sul,PR,Londrina,COVID-19,351837,Gestantes,97.76,95,359896,1,Adequado
2016,2,2016-02-01,Sul,SC,Florianópolis,Hepatite B,48747,Adolescentes,74.34,95,65577,1,Crítico
2016,2,2016-02-01,Sul,SC,Joinville,Poliomielite,291442,Idosos,90.2,95,323104,3,Atenção
2016,2,2016-02-01,Sul,RS,Porto Alegre,Influenza,284838,Adolescentes,68.1,80,418292,3,Atenção
2016,2,2016-02-01,Sul,RS,Caxias do Sul,COVID-19,307742,Adultos,86.26,80,356747,0,Adequado
2016,3,2016-03-01,Norte,AM,Manaus,COVID-19,272382,Adultos,71.13,95,382924,0,Crítico
2016,3,2016-03-01,Norte,PA,Belém,Poliomielite,314576,Adultos,84.82,80,370895,4,Adequado
2016,3,2016-03-01,Norte,PA,Santarém,COVID-19,240188,Adultos,77.68,95,309188,2,Crítico
2016,3,2016-03-01,Norte,RO,Porto Velho,Influenza,370609,Adultos,89.37,80,414673,0,Adequado
2016,3,2016-03-01,Norte,TO,Palmas,Hepatite B,170513,Adolescentes,83.9,95,203242,1,Atenção
2016,3,2016-03-01,Nordeste,BA,Salvador,BCG,130624,Idosos,77.02,95,169592,0,Crítico
2016,3,2016-03-01,Nordeste,BA,Feira de Santana,COVID-19,117248,Adultos,81.43,95,143989,0,Atenção
2016,3,2016-03-01,Nordeste,PE,Recife,Poliomielite,244839,Adolescentes,100.0,80,244839,0,Adequado
2016,3,2016-03-01,Nordeste,PE,Jaboatão dos Guararapes,BCG,216476,Crianças,100.0,95,216476,1,Adequado
2016,3,2016-03-01,Nordeste,CE,Fortaleza,Hepatite B,177926,Adolescentes,95.73,80,185872,0,Adequado
2016,3,2016-03-01,Nordeste,CE,Juazeiro do Norte,Influenza,434248,Gestantes,87.97,80,493605,1,Adequado
2016,3,2016-03-01,Nordeste,MA,São Luís,Poliomielite,227047,Adultos,75.6,95,300327,0,Crítico
2016,3,2016-03-01,Nordeste,PB,João Pessoa,COVID-19,58520,Gestantes,79.69,95,73434,1,Crítico
2016,3,2016-03-01,Centro-Oeste,DF,Brasília,COVID-19,235685,Adolescentes,95.45,95,246932,0,Adequado
2016,3,2016-03-01,Centro-Oeste,GO,Goiânia,Hepatite B,463228,Gestantes,98.61,95,469748,1,Adequado
2016,3,2016-03-01,Centro-Oeste,GO,Aparecida de Goiânia,Poliomielite,350890,Adultos,78.35,95,447859,1,Crítico
2016,3,2016-03-01,Centro-Oeste,MT,Cuiabá,Hepatite B,368173,Idosos,84.52,95,435586,0,Atenção
2016,3,2016-03-01,Centro-Oeste,MS,Campo Grande,Influenza,178764,Crianças,61.51,95,290611,0,Crítico
2016,3,2016-03-01,Sudeste,SP,São Paulo,Poliomielite,189380,Adultos,55.93,80,338625,2,Crítico
2016,3,2016-03-01,Sudeste,SP,Campinas,Tríplice Viral,246930,Idosos,83.5,95,295733,0,Atenção
2016,3,2016-03-01,Sudeste,SP,Ribeirão Preto,Influenza,119964,Gestantes,98.9,95,121300,0,Adequado
2016,3,2016-03-01,Sudeste,RJ,Rio de Janeiro,Poliomielite,110695,Idosos,99.46,95,111291,0,Adequado
2016,3,2016-03-01,Sudeste,RJ,Niterói,Tríplice Viral,262243,Crianças,80.28,95,326668,0,Atenção
2016,3,2016-03-01,Sudeste,RJ,Nova Iguaçu,Tríplice Viral,40504,Adultos,80.08,95,50582,0,Atenção
2016,3,2016-03-01,Sudeste,RJ,Petrópolis,Hepatite B,183438,Adultos,76.11,95,241010,2,Crítico
2016,3,2016-03-01,Sudeste,MG,Belo Horizonte,BCG,260569,Idosos,69.53,80,374764,0,Atenção
2016,3,2016-03-01,Sudeste,MG,Uberlândia,Hepatite B,96461,Idosos,83.77,95,115147,2,Atenção
2016,3,2016-03-01,Sudeste,MG,Juiz de Fora,Hepatite B,148140,Adultos,91.08,95,162651,1,Atenção
2016,3,2016-03-01,Sudeste,ES,Vitória,COVID-19,246240,Adultos,79.42,95,310058,1,Crítico
2016,3,2016-03-01,Sudeste,ES,Vila Velha,COVID-19,229970,Idosos,64.8,80,354906,0,Crítico
2016,3,2016-03-01,Sudeste,ES,Serra,Influenza,118589,Gestantes,79.28,95,149584,1,Crítico
2016,3,2016-03-01,Sul,PR,Curitiba,Poliomielite,90129,Idosos,88.08,95,102326,3,Atenção
2016,3,2016-03-01,Sul,PR,Londrina,Influenza,406201,Adolescentes,83.33,80,487447,1,Adequado
2016,3,2016-03-01,Sul,SC,Florianópolis,COVID-19,181116,Adultos,72.84,95,248661,1,Crítico
2016,3,2016-03-01,Sul,SC,Joinville,Hepatite B,197544,Adultos,85.51,80,231026,1,Adequado
2016,3,2016-03-01,Sul,RS,Porto Alegre,Influenza,37728,Adolescentes,95.24,80,39614,2,Adequado
2016,3,2016-03-01,Sul,RS,Caxias do Sul,COVID-19,138621,Crianças,68.1,80,203564,1,Atenção
2016,4,2016-04-01,Norte,AM,Manaus,Tríplice Viral,174470,Gestantes,92.63,95,188354,0,Atenção
2016,4,2016-04-01,Norte,PA,Belém,COVID-19,21274,Crianças,76.04,95,27977,0,Crítico
2016,4,2016-04-01,Norte,PA,Santarém,Tríplice Viral,65730,Adultos,94.31,95,69695,0,Atenção
2016,4,2016-04-01,Norte,RO,Porto Velho,Influenza,252089,Crianças,77.7,95,324449,0,Crítico
2016,4,2016-04-01,Norte,TO,Palmas,BCG,51684,Adolescentes,83.09,80,62205,1,Adequado
2016,4,2016-04-01,Nordeste,BA,Salvador,COVID-19,128718,Gestantes,88.04,80,146205,1,Adequado
2016,4,2016-04-01,Nordeste,BA,Feira de Santana,BCG,366409,Adultos,97.19,95,377006,0,Adequado
2016,4,2016-04-01,Nordeste,PE,Recife,Hepatite B,456360,Crianças,95.39,95,478417,3,Adequado
2016,4,2016-04-01,Nordeste,PE,Jaboatão dos Guararapes,Tríplice Viral,272775,Idosos,78.87,95,345856,1,Crítico
2016,4,2016-04-01,Nordeste,CE,Fortaleza,Influenza,123941,Gestantes,74.95,95,165372,1,Crítico
2016,4,2016-04-01,Nordeste,CE,Juazeiro do Norte,Hepatite B,203893,Adolescentes,69.11,95,295042,0,Crítico
2016,4,2016-04-01,Nordeste,MA,São Luís,Tríplice Viral,12632,Adultos,100.0,95,12632,0,Adequado
2016,4,2016-04-01,Nordeste,PB,João Pessoa,BCG,311838,Adolescentes,78.05,80,399526,0,Atenção
2016,4,2016-04-01,Centro-Oeste,DF,Brasília,Hepatite B,153826,Idosos,66.72,95,230540,1,Crítico
2016,4,2016-04-01,Centro-Oeste,GO,Goiânia,Hepatite B,84922,Crianças,88.08,80,96412,1,Adequado
2016,4,2016-04-01,Centro-Oeste,GO,Aparecida de Goiânia,Tríplice Viral,286954,Crianças,84.06,80,341373,2,Adequado
2016,4,2016-04-01,Centro-Oeste,MT,Cuiabá,Poliomielite,273431,Crianças,90.86,95,300940,2,Atenção
2016,4,2016-04-01,Centro-Oeste,MS,Campo Grande,BCG,229173,Gestantes,77.22,95,296771,0,Crítico
2016,4,2016-04-01,Sudeste,SP,São Paulo,Hepatite B,160404,Crianças,79.13,95,202700,1,Crítico
2016,4,2016-04-01,Sudeste,SP,Campinas,COVID-19,264775,Crianças,85.8,80,308587,1,Adequado
2016,4,2016-04-01,Sudeste,SP,Ribeirão Preto,BCG,124214,Crianças,79.18,80,156879,2,Atenção
2016,4,2016-04-01,Sudeste,RJ,Rio de Janeiro,Hepatite B,351480,Adolescentes,83.38,95,421522,1,Atenção
2016,4,2016-04-01,Sudeste,RJ,Niterói,Tríplice Viral,281084,Adolescentes,75.51,95,372235,1,Crítico
2016,4,2016-04-01,Sudeste,RJ,Nova Iguaçu,BCG,286380,Gestantes,74.91,80,382308,1,Atenção
2016,4,2016-04-01,Sudeste,RJ,Petrópolis,Hepatite B,257695,Crianças,72.91,80,353459,0,Atenção
2016,4,2016-04-01,Sudeste,MG,Belo Horizonte,COVID-19,30622,Crianças,79.97,95,38290,1,Crítico
2016,4,2016-04-01,Sudeste,MG,Uberlândia,Poliomielite,52546,Adultos,85.23,80,61654,0,Adequado
2016,4,2016-04-01,Sudeste,MG,Juiz de Fora,BCG,360860,Gestantes,73.19,95,493016,1,Crítico
2016,4,2016-04-01,Sudeste,ES,Vitória,BCG,327547,Adolescentes,94.21,95,347671,1,Atenção
2016,4,2016-04-01,Sudeste,ES,Vila Velha,Tríplice Viral,128762,Idosos,86.06,95,149624,1,Atenção
2016,4,2016-04-01,Sudeste,ES,Serra,Poliomielite,314311,Idosos,98.74,95,318315,1,Adequado
2016,4,2016-04-01,Sul,PR,Curitiba,Hepatite B,230582,Adolescentes,89.87,95,256588,0,Atenção
2016,4,2016-04-01,Sul,PR,Londrina,Poliomielite,72095,Adolescentes,61.24,95,117732,3,Crítico
2016,4,2016-04-01,Sul,SC,Florianópolis,Poliomielite,140170,Adultos,85.31,80,164309,0,Adequado
2016,4,2016-04-01,Sul,SC,Joinville,COVID-19,167662,Adolescentes,85.16,95,196871,0,Atenção
2016,4,2016-04-01,Sul,RS,Porto Alegre,Influenza,202911,Crianças,87.98,80,230624,2,Adequado
2016,4,2016-04-01,Sul,RS,Caxias do Sul,Hepatite B,46969,Idosos,82.98,80,56601,2,Adequado
2016,5,2016-05-01,Norte,AM,Manaus,Poliomielite,367036,Adolescentes,92.75,80,395734,4,Adequado
2016,5,2016-05-01,Norte,PA,Belém,Influenza,259999,Idosos,82.89,95,313661,2,Atenção
2016,5,2016-05-01,Norte,PA,Santarém,COVID-19,51974,Gestantes,100.0,95,51974,1,Adequado
2016,5,2016-05-01,Norte,RO,Porto Velho,COVID-19,282586,Crianças,89.9,95,314344,1,Atenção
2016,5,2016-05-01,Norte,TO,Palmas,Poliomielite,160010,Adolescentes,70.93,95,225595,1,Crítico
2016,5,2016-05-01,Nordeste,BA,Salvador,Influenza,316681,Crianças,77.13,95,410577,1,Crítico
2016,5,2016-05-01,Nordeste,BA,Feira de Santana,Poliomielite,220149,Adultos,73.19,95,300784,3,Crítico
2016,5,2016-05-01,Nordeste,PE,Recife,COVID-19,389101,Gestantes,97.32,95,399798,2,Adequado
2016,5,2016-05-01,Nordeste,PE,Jaboatão dos Guararapes,COVID-19,197140,Adolescentes,84.5,80,233307,3,Adequado
2016,5,2016-05-01,Nordeste,CE,Fortaleza,BCG,422338,Adolescentes,87.17,95,484494,1,Atenção
2016,5,2016-05-01,Nordeste,CE,Juazeiro do Norte,Hepatite B,145638,Idosos,72.5,80,200885,0,Atenção
2016,5,2016-05-01,Nordeste,MA,São Luís,COVID-19,205924,Adolescentes,99.07,95,207860,2,Adequado
2016,5,2016-05-01,Nordeste,PB,João Pessoa,Influenza,101744,Idosos,94.78,80,107351,2,Adequado
2016,5,2016-05-01,Centro-Oeste,DF,Brasília,Poliomielite,249439,Adultos,73.51,95,339326,0,Crítico
2016,5,2016-05-01,Centro-Oeste,GO,Goiânia,Hepatite B,99952,Idosos,81.62,80,122461,1,Adequado
2016,5,2016-05-01,Centro-Oeste,GO,Aparecida de Goiânia,Tríplice Viral,333845,Adolescentes,89.4,95,373438,1,Atenção
2016,5,2016-05-01,Centro-Oeste,MT,Cuiabá,BCG,363709,Crianças,88.16,80,412535,0,Adequado
2016,5,2016-05-01,Centro-Oeste,MS,Campo Grande,BCG,171110,Adultos,72.59,95,235708,1,Crítico
2016,5,2016-05-01,Sudeste,SP,São Paulo,Hepatite B,260649,Idosos,77.43,80,336614,0,Atenção
2016,5,2016-05-01,Sudeste,SP,Campinas,BCG,275094,Adultos,94.17,95,292139,2,Atenção
2016,5,2016-05-01,Sudeste,SP,Ribeirão Preto,COVID-19,340832,Crianças,90.1,80,378301,1,Adequado
2016,5,2016-05-01,Sudeste,RJ,Rio de Janeiro,BCG,174739,Idosos,92.89,95,188112,2,Atenção
2016,5,2016-05-01,Sudeste,RJ,Niterói,COVID-19,145228,Crianças,97.22,80,149385,1,Adequado
2016,5,2016-05-01,Sudeste,RJ,Nova Iguaçu,Hepatite B,340753,Crianças,94.22,95,361651,3,Atenção
2016,5,2016-05-01,Sudeste,RJ,Petrópolis,Influenza,350430,Crianças,79.16,95,442691,2,Crítico
2016,5,2016-05-01,Sudeste,MG,Belo Horizonte,Hepatite B,313209,Idosos,66.55,95,470629,2,Crítico
2016,5,2016-05-01,Sudeste,MG,Uberlândia,Influenza,324165,Adolescentes,89.33,80,362892,2,Adequado
2016,5,2016-05-01,Sudeste,MG,Juiz de Fora,Tríplice Viral,313535,Gestantes,85.88,95,365100,0,Atenção
2016,5,2016-05-01,Sudeste,ES,Vitória,Tríplice Viral,49184,Idosos,74.99,95,65586,1,Crítico
2016,5,2016-05-01,Sudeste,ES,Vila Velha,Hepatite B,59910,Idosos,79.35,80,75503,2,Atenção
2016,5,2016-05-01,Sudeste,ES,Serra,Hepatite B,28724,Adultos,82.35,95,34879,0,Atenção
2016,5,2016-05-01,Sul,PR,Curitiba,Poliomielite,32279,Crianças,67.98,80,47482,0,Atenção
2016,5,2016-05-01,Sul,PR,Londrina,Poliomielite,332419,Adultos,76.97,95,431858,0,Crítico
2016,5,2016-05-01,Sul,SC,Florianópolis,COVID-19,292941,Gestantes,99.28,80,295055,0,Adequado
2016,5,2016-05-01,Sul,SC,Joinville,Hepatite B,86533,Adultos,73.3,80,118048,0,Atenção
2016,5,2016-05-01,Sul,RS,Porto Alegre,COVID-19,326929,Crianças,87.94,80,371782,0,Adequado
2016,5,2016-05-01,Sul,RS,Caxias do Sul,COVID-19,42963,Gestantes,89.42,95,48046,1,Atenção
2016,6,2016-06-01,Norte,AM,Manaus,Hepatite B,217342,Idosos,66.91,95,324826,1,Crítico
2016,6,2016-06-01,Norte,PA,Belém,Tríplice Viral,35430,Gestantes,73.89,95,47953,1,Crítico
2016,6,2016-06-01,Norte,PA,Santarém,Poliomielite,167025,Adultos,86.71,80,192626,0,Adequado
2016,6,2016-06-01,Norte,RO,Porto Velho,BCG,173234,Crianças,86.7,80,199808,0,Adequado
2016,6,2016-06-01,Norte,TO,Palmas,Hepatite B,308507,Crianças,94.77,95,325540,0,Atenção
2016,6,2016-06-01,Nordeste,BA,Salvador,Tríplice Viral,119248,Adolescentes,67.63,95,176314,1,Crítico
2016,6,2016-06-01,Nordeste,BA,Feira de Santana,Influenza,403145,Adultos,90.56,95,445162,1,Atenção
2016,6,2016-06-01,Nordeste,PE,Recife,Poliomielite,148759,Crianças,86.51,80,171952,3,Adequado
2016,6,2016-06-01,Nordeste,PE,Jaboatão dos Guararapes,Tríplice Viral,124716,Crianças,88.07,80,141605,1,Adequado
2016,6,2016-06-01,Nordeste,CE,Fortaleza,COVID-19,94241,Adultos,86.75,95,108631,1,Atenção
2016,6,2016-06-01,Nordeste,CE,Juazeiro do Norte,COVID-19,298486,Idosos,85.63,95,348559,2,Atenção
2016,6,2016-06-01,Nordeste,MA,São Luís,Poliomielite,317592,Adolescentes,95.45,80,332747,1,Adequado
2016,6,2016-06-01,Nordeste,PB,João Pessoa,BCG,166070,Crianças,86.19,80,192681,2,Adequado
2016,6,2016-06-01,Centro-Oeste,DF,Brasília,Influenza,150489,Idosos,73.29,95,205334,1,Crítico
2016,6,2016-06-01,Centro-Oeste,GO,Goiânia,Poliomielite,139911,Adolescentes,83.93,95,166704,1,Atenção
2016,6,2016-06-01,Centro-Oeste,GO,Aparecida de Goiânia,BCG,264808,Adolescentes,73.07,80,362389,0,Atenção
2016,6,2016-06-01,Centro-Oeste,MT,Cuiabá,Influenza,251737,Gestantes,93.91,95,268072,1,Atenção
2016,6,2016-06-01,Centro-Oeste,MS,Campo Grande,Hepatite B,407248,Idosos,86.04,80,473337,1,Adequado
2016,6,2016-06-01,Sudeste,SP,São Paulo,COVID-19,11701,Crianças,79.13,80,14789,0,Atenção
2016,6,2016-06-01,Sudeste,SP,Campinas,Poliomielite,194630,Adultos,73.75,80,263918,1,Atenção
2016,6,2016-06-01,Sudeste,SP,Ribeirão Preto,COVID-19,97426,Gestantes,100.0,95,97426,1,Adequado
2016,6,2016-06-01,Sudeste,RJ,Rio de Janeiro,BCG,42446,Crianças,78.61,95,53995,1,Crítico
2016,6,2016-06-01,Sudeste,RJ,Niterói,Influenza,186592,Idosos,77.98,80,239294,1,Atenção
2016,6,2016-06-01,Sudeste,RJ,Nova Iguaçu,BCG,74044,Adolescentes,100.0,95,74044,1,Adequado
2016,6,2016-06-01,Sudeste,RJ,Petrópolis,BCG,148998,Idosos,99.7,80,149454,0,Adequado
2016,6,2016-06-01,Sudeste,MG,Belo Horizonte,BCG,108092,Idosos,98.43,95,109813,0,Adequado
2016,6,2016-06-01,Sudeste,MG,Uberlândia,Influenza,285321,Adolescentes,86.45,95,330054,2,Atenção
2016,6,2016-06-01,Sudeste,MG,Juiz de Fora,Influenza,101248,Idosos,65.25,95,155180,1,Crítico
2016,6,2016-06-01,Sudeste,ES,Vitória,Influenza,164415,Adolescentes,66.46,80,247375,2,Atenção
2016,6,2016-06-01,Sudeste,ES,Vila Velha,Tríplice Viral,306249,Adolescentes,92.1,95,332527,2,Atenção
2016,6,2016-06-01,Sudeste,ES,Serra,Poliomielite,387347,Idosos,100.0,95,387347,0,Adequado
2016,6,2016-06-01,Sul,PR,Curitiba,BCG,409908,Idosos,99.53,95,411830,0,Adequado
2016,6,2016-06-01,Sul,PR,Londrina,Influenza,68199,Gestantes,100.0,95,68199,0,Adequado
2016,6,2016-06-01,Sul,SC,Florianópolis,COVID-19,203362,Adolescentes,81.9,95,248304,1,Atenção
2016,6,2016-06-01,Sul,SC,Joinville,Poliomielite,226883,Adolescentes,90.45,80,250829,0,Adequado
2016,6,2016-06-01,Sul,RS,Porto Alegre,Hepatite B,279981,Crianças,84.61,80,330911,2,Adequado
2016,6,2016-06-01,Sul,RS,Caxias do Sul,COVID-19,220414,Adolescentes,78.96,80,279132,1,Atenção
2016,7,2016-07-01,Norte,AM,Manaus,Tríplice Viral,163205,Gestantes,70.32,95,232095,2,Crítico
2016,7,2016-07-01,Norte,PA,Belém,Poliomielite,444440,Crianças,100.0,95,444440,0,Adequado
2016,7,2016-07-01,Norte,PA,Santarém,BCG,190838,Crianças,69.75,95,273618,2,Crítico
2016,7,2016-07-01,Norte,RO,Porto Velho,COVID-19,360568,Adolescentes,72.13,95,499855,1,Crítico
2016,7,2016-07-01,Norte,TO,Palmas,BCG,52657,Adolescentes,80.94,80,65058,3,Adequado
2016,7,2016-07-01,Nordeste,BA,Salvador,Tríplice Viral,297736,Gestantes,100.0,95,297736,0,Adequado
2016,7,2016-07-01,Nordeste,BA,Feira de Santana,Hepatite B,203762,Adultos,81.69,80,249441,0,Adequado
2016,7,2016-07-01,Nordeste,PE,Recife,COVID-19,25072,Idosos,87.04,95,28804,1,Atenção
2016,7,2016-07-01,Nordeste,PE,Jaboatão dos Guararapes,Influenza,154137,Crianças,89.07,95,173059,1,Atenção
2016,7,2016-07-01,Nordeste,CE,Fortaleza,Influenza,154742,Idosos,70.27,80,220203,0,Atenção
2016,7,2016-07-01,Nordeste,CE,Juazeiro do Norte,Influenza,96122,Adultos,69.32,80,138658,2,Atenção
2016,7,2016-07-01,Nordeste,MA,São Luís,Tríplice Viral,63981,Idosos,86.87,95,73652,4,Atenção
2016,7,2016-07-01,Nordeste,PB,João Pessoa,Hepatite B,82414,Crianças,67.27,80,122505,1,Atenção
2016,7,2016-07-01,Centro-Oeste,DF,Brasília,Tríplice Viral,226950,Idosos,82.77,95,274205,3,Atenção
2016,7,2016-07-01,Centro-Oeste,GO,Goiânia,Influenza,415402,Adolescentes,95.43,80,435296,0,Adequado
2016,7,2016-07-01,Centro-Oeste,GO,Aparecida de Goiânia,Poliomielite,288995,Adolescentes,81.15,95,356141,1,Atenção
2016,7,2016-07-01,Centro-Oeste,MT,Cuiabá,Hepatite B,88027,Adolescentes,86.68,95,101549,0,Atenção
2016,7,2016-07-01,Centro-Oeste,MS,Campo Grande,Poliomielite,265532,Crianças,76.9,95,345315,2,Crítico
2016,7,2016-07-01,Sudeste,SP,São Paulo,Influenza,357302,Idosos,83.44,80,428240,1,Adequado
2016,7,2016-07-01,Sudeste,SP,Campinas,COVID-19,283680,Crianças,84.45,95,335906,1,Atenção
2016,7,2016-07-01,Sudeste,SP,Ribeirão Preto,COVID-19,111890,Idosos,80.74,95,138581,1,Atenção
2016,7,2016-07-01,Sudeste,RJ,Rio de Janeiro,Tríplice Viral,13547,Adultos,81.54,95,16614,1,Atenção
2016,7,2016-07-01,Sudeste,RJ,Niterói,Tríplice Viral,80371,Adultos,92.03,95,87330,0,Atenção
2016,7,2016-07-01,Sudeste,RJ,Nova Iguaçu,Tríplice Viral,130873,Adolescentes,89.56,80,146127,1,Adequado
2016,7,2016-07-01,Sudeste,RJ,Petrópolis,Influenza,11914,Gestantes,81.78,95,14568,0,Atenção
2016,7,2016-07-01,Sudeste,MG,Belo Horizonte,BCG,93661,Adultos,94.78,80,98819,2,Adequado
2016,7,2016-07-01,Sudeste,MG,Uberlândia,Poliomielite,77496,Crianças,88.22,95,87848,1,Atenção
2016,7,2016-07-01,Sudeste,MG,Juiz de Fora,Poliomielite,412935,Adolescentes,100.0,95,412935,2,Adequado
2016,7,2016-07-01,Sudeste,ES,Vitória,Poliomielite,173208,Gestantes,100.0,95,173208,1,Adequado
2016,7,2016-07-01,Sudeste,ES,Vila Velha,Poliomielite,293011,Idosos,79.56,80,368277,0,Atenção
2016,7,2016-07-01,Sudeste,ES,Serra,Influenza,259153,Adolescentes,83.77,95,309363,0,Atenção
2016,7,2016-07-01,Sul,PR,Curitiba,COVID-19,36717,Idosos,100.0,95,36717,1,Adequado
2016,7,2016-07-01,Sul,PR,Londrina,Influenza,291434,Gestantes,79.0,95,368914,3,Crítico
2016,7,2016-07-01,Sul,SC,Florianópolis,Hepatite B,88614,Idosos,95.36,95,92929,2,Adequado
2016,7,2016-07-01,Sul,SC,Joinville,Poliomielite,170285,Idosos,64.03,95,265954,1,Crítico
2016,7,2016-07-01,Sul,RS,Porto Alegre,Tríplice Viral,215711,Gestantes,89.38,95,241331,1,Atenção
2016,7,2016-07-01,Sul,RS,Caxias do Sul,Tríplice Viral,257159,Adultos,88.25,80,291390,4,Adequado
2016,8,2016-08-01,Norte,AM,Manaus,Tríplice Viral,179619,Adultos,94.95,95,189175,1,Atenção
2016,8,2016-08-01,Norte,PA,Belém,Hepatite B,106251,Gestantes,85.76,80,123901,1,Adequado
2016,8,2016-08-01,Norte,PA,Santarém,Tríplice Viral,292439,Adultos,82.23,95,355645,1,Atenção
2016,8,2016-08-01,Norte,RO,Porto Velho,Hepatite B,241320,Adultos,73.85,80,326791,0,Atenção
2016,8,2016-08-01,Norte,TO,Palmas,COVID-19,287941,Adolescentes,99.48,95,289435,1,Adequado
2016,8,2016-08-01,Nordeste,BA,Salvador,Hepatite B,196655,Adolescentes,82.07,80,239630,1,Adequado
2016,8,2016-08-01,Nordeste,BA,Feira de Santana,Influenza,290737,Crianças,82.11,80,354062,2,Adequado
2016,8,2016-08-01,Nordeste,PE,Recife,Poliomielite,254442,Adultos,83.98,80,302985,1,Adequado
2016,8,2016-08-01,Nordeste,PE,Jaboatão dos Guararapes,Poliomielite,343859,Idosos,74.07,95,464253,3,Crítico
2016,8,2016-08-01,Nordeste,CE,Fortaleza,COVID-19,265981,Gestantes,90.77,80,293024,1,Adequado
2016,8,2016-08-01,Nordeste,CE,Juazeiro do Norte,Influenza,87954,Adolescentes,74.81,95,117572,0,Crítico
2016,8,2016-08-01,Nordeste,MA,São Luís,Influenza,192607,Adultos,83.97,95,229388,1,Atenção
2016,8,2016-08-01,Nordeste,PB,João Pessoa,Influenza,408313,Adolescentes,85.19,95,479302,1,Atenção
2016,8,2016-08-01,Centro-Oeste,DF,Brasília,BCG,267189,Gestantes,88.62,80,301511,0,Adequado
2016,8,2016-08-01,Centro-Oeste,GO,Goiânia,Hepatite B,372914,Adultos,88.04,95,423550,2,Atenção
2016,8,2016-08-01,Centro-Oeste,GO,Aparecida de Goiânia,BCG,335072,Adolescentes,90.93,95,368515,2,Atenção
2016,8,2016-08-01,Centro-Oeste,MT,Cuiabá,Tríplice Viral,76920,Gestantes,84.51,80,91016,3,Adequado
2016,8,2016-08-01,Centro-Oeste,MS,Campo Grande,COVID-19,199910,Adolescentes,78.26,95,255453,0,Crítico
2016,8,2016-08-01,Sudeste,SP,São Paulo,Influenza,61351,Crianças,86.97,95,70542,0,Atenção
2016,8,2016-08-01,Sudeste,SP,Campinas,Tríplice Viral,336815,Idosos,90.97,95,370230,0,Atenção
2016,8,2016-08-01,Sudeste,SP,Ribeirão Preto,Influenza,341095,Adolescentes,87.14,80,391416,3,Adequado
2016,8,2016-08-01,Sudeste,RJ,Rio de Janeiro,Influenza,480392,Crianças,98.36,95,488385,2,Adequado
2016,8,2016-08-01,Sudeste,RJ,Niterói,Tríplice Viral,412642,Adolescentes,83.05,95,496871,3,Atenção
2016,8,2016-08-01,Sudeste,RJ,Nova Iguaçu,Tríplice Viral,76487,Idosos,63.78,95,119923,0,Crítico
2016,8,2016-08-01,Sudeste,RJ,Petrópolis,Tríplice Viral,392256,Crianças,86.29,80,454566,1,Adequado
2016,8,2016-08-01,Sudeste,MG,Belo Horizonte,BCG,345461,Adolescentes,90.8,95,380469,0,Atenção
2016,8,2016-08-01,Sudeste,MG,Uberlândia,Influenza,39240,Adultos,79.86,95,49135,1,Crítico
2016,8,2016-08-01,Sudeste,MG,Juiz de Fora,Influenza,206869,Crianças,79.01,80,261839,2,Atenção
2016,8,2016-08-01,Sudeste,ES,Vitória,BCG,337973,Idosos,90.71,80,372591,2,Adequado
2016,8,2016-08-01,Sudeste,ES,Vila Velha,Poliomielite,63953,Gestantes,97.29,95,65734,2,Adequado
2016,8,2016-08-01,Sudeste,ES,Serra,Influenza,363065,Adolescentes,87.97,80,412729,3,Adequado
2016,8,2016-08-01,Sul,PR,Curitiba,COVID-19,137628,Adultos,89.29,95,154129,0,Atenção
2016,8,2016-08-01,Sul,PR,Londrina,COVID-19,128808,Gestantes,73.27,95,175809,1,Crítico
2016,8,2016-08-01,Sul,SC,Florianópolis,Tríplice Viral,371434,Crianças,100.0,95,371434,0,Adequado
2016,8,2016-08-01,Sul,SC,Joinville,Influenza,169371,Adultos,91.5,80,185102,1,Adequado
2016,8,2016-08-01,Sul,RS,Porto Alegre,Influenza,114093,Idosos,70.77,95,161225,1,Crítico
2016,8,2016-08-01,Sul,RS,Caxias do Sul,Influenza,418383,Gestantes,89.72,80,466296,0,Adequado
2016,9,2016-09-01,Norte,AM,Manaus,Tríplice Viral,210101,Idosos,88.95,95,236195,0,Atenção
2016,9,2016-09-01,Norte,PA,Belém,Tríplice Viral,225264,Gestantes,85.75,95,262686,0,Atenção
2016,9,2016-09-01,Norte,PA,Santarém,Hepatite B,358855,Idosos,89.34,80,401687,0,Adequado
2016,9,2016-09-01,Norte,RO,Porto Velho,Influenza,78494,Idosos,81.01,95,96892,0,Atenção
2016,9,2016-09-01,Norte,TO,Palmas,Poliomielite,49466,Adolescentes,80.48,95,61463,1,Atenção
2016,9,2016-09-01,Nordeste,BA,Salvador,BCG,291663,Adultos,100.0,80,291663,3,Adequado
2016,9,2016-09-01,Nordeste,BA,Feira de Santana,Influenza,26930,Adultos,74.05,95,36369,0,Crítico
2016,9,2016-09-01,Nordeste,PE,Recife,Poliomielite,320270,Adolescentes,75.07,95,426640,0,Crítico
2016,9,2016-09-01,Nordeste,PE,Jaboatão dos Guararapes,COVID-19,307994,Idosos,93.3,95,330129,1,Atenção
2016,9,2016-09-01,Nordeste,CE,Fortaleza,COVID-19,121492,Crianças,75.45,95,161016,1,Crítico
2016,9,2016-09-01,Nordeste,CE,Juazeiro do Norte,Influenza,57380,Adultos,81.12,95,70736,0,Atenção
2016,9,2016-09-01,Nordeste,MA,São Luís,COVID-19,26524,Adolescentes,84.12,95,31532,2,Atenção
2016,9,2016-09-01,Nordeste,PB,João Pessoa,Hepatite B,285570,Crianças,67.43,95,423530,1,Crítico
2016,9,2016-09-01,Centro-Oeste,DF,Brasília,Tríplice Viral,70110,Adultos,84.88,95,82602,1,Atenção
2016,9,2016-09-01,Centro-Oeste,GO,Goiânia,BCG,128995,Idosos,88.34,95,146026,0,Atenção
2016,9,2016-09-01,Centro-Oeste,GO,Aparecida de Goiânia,Influenza,255059,Gestantes,76.7,95,332548,2,Crítico
2016,9,2016-09-01,Centro-Oeste,MT,Cuiabá,Hepatite B,231798,Adultos,80.69,80,287259,0,Adequado
2016,9,2016-09-01,Centro-Oeste,MS,Campo Grande,Tríplice Viral,151032,Adultos,83.82,80,180177,3,Adequado
2016,9,2016-09-01,Sudeste,SP,São Paulo,Poliomielite,216024,Crianças,94.88,80,227691,2,Adequado
2016,9,2016-09-01,Sudeste,SP,Campinas,BCG,94693,Adolescentes,79.8,95,118659,0,Crítico
2016,9,2016-09-01,Sudeste,SP,Ribeirão Preto,COVID-19,437102,Crianças,97.94,80,446317,1,Adequado
2016,9,2016-09-01,Sudeste,RJ,Rio de Janeiro,Tríplice Viral,184369,Adolescentes,78.54,80,234736,0,Atenção
2016,9,2016-09-01,Sudeste,RJ,Niterói,Tríplice Viral,116613,Idosos,84.92,95,137326,1,Atenção
2016,9,2016-09-01,Sudeste,RJ,Nova Iguaçu,Tríplice Viral,465897,Gestantes,100.0,95,465897,2,Adequado
2016,9,2016-09-01,Sudeste,RJ,Petrópolis,BCG,272062,Crianças,77.16,80,352616,2,Atenção
2016,9,2016-09-01,Sudeste,MG,Belo Horizonte,BCG,184765,Adolescentes,90.42,80,204350,1,Adequado
2016,9,2016-09-01,Sudeste,MG,Uberlândia,COVID-19,313663,Adultos,92.29,95,339853,1,Atenção
2016,9,2016-09-01,Sudeste,MG,Juiz de Fora,Influenza,345159,Adolescentes,87.91,95,392636,0,Atenção
2016,9,2016-09-01,Sudeste,ES,Vitória,COVID-19,202721,Crianças,87.91,95,230612,1,Atenção
2016,9,2016-09-01,Sudeste,ES,Vila Velha,COVID-19,393366,Idosos,90.59,80,434215,0,Adequado
2016,9,2016-09-01,Sudeste,ES,Serra,BCG,212287,Crianças,69.27,80,306455,1,Atenção
2016,9,2016-09-01,Sul,PR,Curitiba,Poliomielite,258277,Idosos,100.0,80,258277,1,Adequado
2016,9,2016-09-01,Sul,PR,Londrina,Tríplice Viral,271874,Idosos,76.99,95,353115,1,Crítico
2016,9,2016-09-01,Sul,SC,Florianópolis,Hepatite B,306160,Adolescentes,70.11,80,436692,1,Atenção
2016,9,2016-09-01,Sul,SC,Joinville,Poliomielite,207915,Adolescentes,64.24,80,323631,1,Crítico
2016,9,2016-09-01,Sul,RS,Porto Alegre,Poliomielite,50682,Crianças,86.4,95,58664,3,Atenção
2016,9,2016-09-01,Sul,RS,Caxias do Sul,BCG,183692,Crianças,89.13,95,206098,0,Atenção
2016,10,2016-10-01,Norte,AM,Manaus,Influenza,275575,Adultos,79.08,95,348464,3,Crítico
2016,10,2016-10-01,Norte,PA,Belém,Influenza,287527,Gestantes,77.61,80,370469,1,Atenção
2016,10,2016-10-01,Norte,PA,Santarém,Poliomielite,226216,Idosos,91.77,80,246504,0,Adequado
2016,10,2016-10-01,Norte,RO,Porto Velho,Tríplice Viral,25554,Idosos,88.63,80,28832,2,Adequado
2016,10,2016-10-01,Norte,TO,Palmas,COVID-19,134022,Adultos,100.0,95,134022,1,Adequado
2016,10,2016-10-01,Nordeste,BA,Salvador,Poliomielite,160147,Idosos,77.29,95,207210,0,Crítico
2016,10,2016-10-01,Nordeste,BA,Feira de Santana,COVID-19,300937,Idosos,82.85,80,363251,2,Adequado
2016,10,2016-10-01,Nordeste,PE,Recife,Influenza,152601,Gestantes,74.4,95,205097,0,Crítico
2016,10,2016-10-01,Nordeste,PE,Jaboatão dos Guararapes,COVID-19,313175,Gestantes,87.78,95,356786,1,Atenção
2016,10,2016-10-01,Nordeste,CE,Fortaleza,Tríplice Viral,313032,Gestantes,68.45,80,457322,0,Atenção
2016,10,2016-10-01,Nordeste,CE,Juazeiro do Norte,Tríplice Viral,315808,Adolescentes,90.59,95,348596,0,Atenção
2016,10,2016-10-01,Nordeste,MA,São Luís,Hepatite B,114950,Gestantes,65.47,80,175576,1,Atenção
2016,10,2016-10-01,Nordeste,PB,João Pessoa,Poliomielite,36611,Crianças,78.1,80,46877,1,Atenção
2016,10,2016-10-01,Centro-Oeste,DF,Brasília,Hepatite B,327386,Idosos,77.7,95,421362,0,Crítico
2016,10,2016-10-01,Centro-Oeste,GO,Goiânia,Poliomielite,69566,Adolescentes,64.66,80,107584,1,Crítico
2016,10,2016-10-01,Centro-Oeste,GO,Aparecida de Goiânia,Tríplice Viral,56824,Idosos,100.0,95,56824,2,Adequado
2016,10,2016-10-01,Centro-Oeste,MT,Cuiabá,Influenza,197084,Crianças,87.46,95,225340,1,Atenção
2016,10,2016-10-01,Centro-Oeste,MS,Campo Grande,Influenza,200414,Crianças,93.22,95,214983,1,Atenção
2016,10,2016-10-01,Sudeste,SP,São Paulo,Hepatite B,74701,Adultos,94.73,95,78859,1,Atenção
2016,10,2016-10-01,Sudeste,SP,Campinas,Poliomielite,22742,Gestantes,86.09,95,26417,0,Atenção
2016,10,2016-10-01,Sudeste,SP,Ribeirão Preto,COVID-19,243698,Adultos,79.42,95,306840,5,Crítico
2016,10,2016-10-01,Sudeste,RJ,Rio de Janeiro,BCG,39515,Idosos,91.66,95,43111,0,Atenção
2016,10,2016-10-01,Sudeste,RJ,Niterói,Poliomielite,193379,Gestantes,96.46,95,200486,0,Adequado
2016,10,2016-10-01,Sudeste,RJ,Nova Iguaçu,Influenza,392839,Adolescentes,88.87,95,442032,1,Atenção
2016,10,2016-10-01,Sudeste,RJ,Petrópolis,Tríplice Viral,304953,Gestantes,79.08,95,385608,0,Crítico
2016,10,2016-10-01,Sudeste,MG,Belo Horizonte,BCG,414129,Adultos,91.63,95,451964,0,Atenção
2016,10,2016-10-01,Sudeste,MG,Uberlândia,COVID-19,313705,Adolescentes,86.87,95,361134,1,Atenção
2016,10,2016-10-01,Sudeste,MG,Juiz de Fora,Hepatite B,296977,Idosos,90.81,80,327017,2,Adequado
2016,10,2016-10-01,Sudeste,ES,Vitória,Tríplice Viral,301326,Crianças,74.79,95,402890,1,Crítico
2016,10,2016-10-01,Sudeste,ES,Vila Velha,Poliomielite,89017,Adultos,93.74,80,94961,0,Adequado
2016,10,2016-10-01,Sudeste,ES,Serra,Influenza,36147,Gestantes,84.25,95,42906,0,Atenção
2016,10,2016-10-01,Sul,PR,Curitiba,Influenza,291212,Adultos,86.3,95,337428,0,Atenção
2016,10,2016-10-01,Sul,PR,Londrina,Hepatite B,280983,Crianças,73.93,95,380079,2,Crítico
2016,10,2016-10-01,Sul,SC,Florianópolis,COVID-19,167787,Crianças,64.45,80,260323,1,Crítico
2016,10,2016-10-01,Sul,SC,Joinville,BCG,346524,Adultos,90.79,80,381685,0,Adequado
2016,10,2016-10-01,Sul,RS,Porto Alegre,BCG,40438,Idosos,69.39,95,58274,1,Crítico
2016,10,2016-10-01,Sul,RS,Caxias do Sul,BCG,246425,Gestantes,87.18,95,282661,3,Atenção
2016,11,2016-11-01,Norte,AM,Manaus,Influenza,28325,Idosos,76.48,95,37038,0,Crítico
2016,11,2016-11-01,Norte,PA,Belém,Influenza,379292,Idosos,94.36,80,401965,1,Adequado
2016,11,2016-11-01,Norte,PA,Santarém,Influenza,165737,Adultos,83.65,80,198142,0,Adequado
2016,11,2016-11-01,Norte,RO,Porto Velho,Hepatite B,338944,Adolescentes,84.88,80,399344,4,Adequado
2016,11,2016-11-01,Norte,TO,Palmas,BCG,95198,Adultos,87.04,95,109371,3,Atenção
2016,11,2016-11-01,Nordeste,BA,Salvador,Hepatite B,306320,Gestantes,68.82,95,445075,1,Crítico
2016,11,2016-11-01,Nordeste,BA,Feira de Santana,COVID-19,212926,Crianças,86.78,95,245357,0,Atenção
2016,11,2016-11-01,Nordeste,PE,Recife,Influenza,201162,Adultos,73.53,80,273586,0,Atenção
2016,11,2016-11-01,Nordeste,PE,Jaboatão dos Guararapes,Influenza,479230,Idosos,95.94,95,499493,0,Adequado
2016,11,2016-11-01,Nordeste,CE,Fortaleza,Influenza,420273,Crianças,100.0,80,420273,1,Adequado
2016,11,2016-11-01,Nordeste,CE,Juazeiro do Norte,Hepatite B,359435,Adultos,87.8,95,409378,2,Atenção
2016,11,2016-11-01,Nordeste,MA,São Luís,Hepatite B,301899,Adolescentes,86.74,95,348046,1,Atenção
2016,11,2016-11-01,Nordeste,PB,João Pessoa,Hepatite B,467878,Idosos,96.93,95,482694,0,Adequado
2016,11,2016-11-01,Centro-Oeste,DF,Brasília,Poliomielite,130278,Idosos,77.41,95,168300,4,Crítico
2016,11,2016-11-01,Centro-Oeste,GO,Goiânia,Hepatite B,158260,Adolescentes,100.0,95,158260,0,Adequado
2016,11,2016-11-01,Centro-Oeste,GO,Aparecida de Goiânia,BCG,363126,Adultos,92.36,95,393146,2,Atenção
2016,11,2016-11-01,Centro-Oeste,MT,Cuiabá,BCG,323686,Idosos,100.0,95,323686,2,Adequado
2016,11,2016-11-01,Centro-Oeste,MS,Campo Grande,Tríplice Viral,43914,Crianças,72.47,80,60598,1,Atenção
2016,11,2016-11-01,Sudeste,SP,São Paulo,Influenza,334971,Idosos,100.0,95,334971,0,Adequado
2016,11,2016-11-01,Sudeste,SP,Campinas,BCG,97520,Idosos,72.14,95,135177,0,Crítico
2016,11,2016-11-01,Sudeste,SP,Ribeirão Preto,Tríplice Viral,12796,Idosos,84.88,95,15075,1,Atenção
2016,11,2016-11-01,Sudeste,RJ,Rio de Janeiro,COVID-19,184155,Gestantes,90.14,80,204303,2,Adequado
2016,11,2016-11-01,Sudeste,RJ,Niterói,Hepatite B,19301,Gestantes,90.65,95,21293,0,Atenção
2016,11,2016-11-01,Sudeste,RJ,Nova Iguaçu,Poliomielite,30343,Crianças,94.27,95,32188,2,Atenção
2016,11,2016-11-01,Sudeste,RJ,Petrópolis,Influenza,214647,Idosos,69.32,95,309662,1,Crítico
2016,11,2016-11-01,Sudeste,MG,Belo Horizonte,Hepatite B,160553,Crianças,76.54,80,209759,2,Atenção
2016,11,2016-11-01,Sudeste,MG,Uberlândia,Tríplice Viral,55638,Crianças,72.82,80,76403,1,Atenção
2016,11,2016-11-01,Sudeste,MG,Juiz de Fora,BCG,423889,Crianças,96.13,95,440955,0,Adequado
2016,11,2016-11-01,Sudeste,ES,Vitória,Influenza,320053,Gestantes,87.73,95,364802,1,Atenção
2016,11,2016-11-01,Sudeste,ES,Vila Velha,BCG,322189,Crianças,68.75,80,468629,1,Atenção
2016,11,2016-11-01,Sudeste,ES,Serra,Poliomielite,339609,Adolescentes,72.98,80,465335,1,Atenção
2016,11,2016-11-01,Sul,PR,Curitiba,Influenza,228471,Idosos,77.04,95,296562,3,Crítico
2016,11,2016-11-01,Sul,PR,Londrina,Influenza,429712,Crianças,100.0,95,429712,2,Adequado
2016,11,2016-11-01,Sul,SC,Florianópolis,BCG,254414,Gestantes,70.72,80,359771,3,Atenção
2016,11,2016-11-01,Sul,SC,Joinville,BCG,9237,Idosos,81.09,80,11392,0,Adequado
2016,11,2016-11-01,Sul,RS,Porto Alegre,COVID-19,153002,Idosos,80.69,80,189617,1,Adequado
2016,11,2016-11-01,Sul,RS,Caxias do Sul,Tríplice Viral,145874,Gestantes,81.72,95,178496,1,Atenção
2016,12,2016-12-01,Norte,AM,Manaus,BCG,256490,Gestantes,72.15,95,355485,0,Crítico
2016,12,2016-12-01,Norte,PA,Belém,Hepatite B,75580,Adultos,86.68,95,87196,2,Atenção
2016,12,2016-12-01,Norte,PA,Santarém,BCG,39147,Gestantes,81.0,80,48330,0,Adequado
2016,12,2016-12-01,Norte,RO,Porto Velho,Tríplice Viral,182045,Adolescentes,100.0,95,182045,0,Adequado
2016,12,2016-12-01,Norte,TO,Palmas,Influenza,133046,Crianças,90.8,95,146523,0,Atenção
2016,12,2016-12-01,Nordeste,BA,Salvador,Influenza,388506,Adultos,90.29,80,430304,2,Adequado
2016,12,2016-12-01,Nordeste,BA,Feira de Santana,Poliomielite,117568,Crianças,89.58,95,131243,0,Atenção
2016,12,2016-12-01,Nordeste,PE,Recife,Poliomielite,27760,Gestantes,67.22,95,41298,1,Crítico
2016,12,2016-12-01,Nordeste,PE,Jaboatão dos Guararapes,BCG,305406,Adolescentes,83.38,95,366292,0,Atenção
2016,12,2016-12-01,Nordeste,CE,Fortaleza,Poliomielite,178278,Adolescentes,90.96,95,195989,0,Atenção
2016,12,2016-12-01,Nordeste,CE,Juazeiro do Norte,BCG,331271,Adultos,84.76,95,390854,1,Atenção
2016,12,2016-12-01,Nordeste,MA,São Luís,Tríplice Viral,326746,Crianças,78.16,95,418026,2,Crítico
2016,12,2016-12-01,Nordeste,PB,João Pessoa,Influenza,419074,Idosos,100.0,95,419074,2,Adequado
2016,12,2016-12-01,Centro-Oeste,DF,Brasília,BCG,368557,Idosos,88.11,95,418273,1,Atenção
2016,12,2016-12-01,Centro-Oeste,GO,Goiânia,Influenza,54162,Idosos,100.0,80,54162,2,Adequado
2016,12,2016-12-01,Centro-Oeste,GO,Aparecida de Goiânia,Hepatite B,9501,Crianças,88.07,80,10789,1,Adequado
2016,12,2016-12-01,Centro-Oeste,MT,Cuiabá,Hepatite B,86288,Gestantes,77.52,80,111308,3,Atenção
2016,12,2016-12-01,Centro-Oeste,MS,Campo Grande,Poliomielite,393424,Crianças,81.98,95,479904,0,Atenção
2016,12,2016-12-01,Sudeste,SP,São Paulo,Tríplice Viral,99347,Idosos,72.7,95,136656,1,Crítico
2016,12,2016-12-01,Sudeste,SP,Campinas,BCG,66541,Gestantes,76.9,80,86529,1,Atenção
2016,12,2016-12-01,Sudeste,SP,Ribeirão Preto,Poliomielite,98804,Adolescentes,77.09,95,128175,1,Crítico
2016,12,2016-12-01,Sudeste,RJ,Rio de Janeiro,Influenza,252309,Adolescentes,59.22,95,426082,1,Crítico
2016,12,2016-12-01,Sudeste,RJ,Niterói,Influenza,455866,Adultos,100.0,95,455866,0,Adequado
2016,12,2016-12-01,Sudeste,RJ,Nova Iguaçu,Tríplice Viral,309964,Adolescentes,65.88,95,470494,1,Crítico
2016,12,2016-12-01,Sudeste,RJ,Petrópolis,Poliomielite,9122,Adolescentes,80.51,95,11331,2,Atenção
2016,12,2016-12-01,Sudeste,MG,Belo Horizonte,COVID-19,301851,Idosos,96.67,80,312248,0,Adequado
2016,12,2016-12-01,Sudeste,MG,Uberlândia,Poliomielite,308177,Adultos,92.57,80,332896,0,Adequado
2016,12,2016-12-01,Sudeste,MG,Juiz de Fora,Poliomielite,315206,Gestantes,71.64,80,439997,1,Atenção
2016,12,2016-12-01,Sudeste,ES,Vitória,BCG,341396,Gestantes,89.09,95,383186,0,Atenção
2016,12,2016-12-01,Sudeste,ES,Vila Velha,Tríplice Viral,246117,Idosos,86.04,80,286060,0,Adequado
2016,12,2016-12-01,Sudeste,ES,Serra,BCG,104101,Gestantes,79.49,80,130970,3,Atenção
2016,12,2016-12-01,Sul,PR,Curitiba,Tríplice Viral,309244,Adolescentes,92.75,95,333430,1,Atenção
2016,12,2016-12-01,Sul,PR,Londrina,Influenza,174131,Crianças,70.49,80,247013,0,Atenção
2016,12,2016-12-01,Sul,SC,Florianópolis,Tríplice Viral,182942,Idosos,66.32,80,275833,0,Atenção
2016,12,2016-12-01,Sul,SC,Joinville,Hepatite B,191988,Idosos,82.76,80,231975,0,Adequado
2016,12,2016-12-01,Sul,RS,Porto Alegre,Hepatite B,54159,Adultos,90.26,95,60007,0,Atenção
2016,12,2016-12-01,Sul,RS,Caxias do Sul,Hepatite B,234704,Adolescentes,75.79,95,309675,1,Crítico
2017,1,2017-01-01,Norte,AM,Manaus,Influenza,93843,Gestantes,61.98,80,151413,0,Crítico
2017,1,2017-01-01,Norte,PA,Belém,COVID-19,124088,Crianças,75.47,80,164430,0,Atenção
2017,1,2017-01-01,Norte,PA,Santarém,BCG,44952,Crianças,87.39,95,51436,1,Atenção
2017,1,2017-01-01,Norte,RO,Porto Velho,Hepatite B,15058,Adolescentes,73.53,95,20481,0,Crítico
2017,1,2017-01-01,Norte,TO,Palmas,Influenza,222002,Crianças,75.91,80,292454,0,Atenção
2017,1,2017-01-01,Nordeste,BA,Salvador,COVID-19,13434,Idosos,79.31,95,16938,0,Crítico
2017,1,2017-01-01,Nordeste,BA,Feira de Santana,Poliomielite,374264,Adultos,77.83,95,480861,1,Crítico
2017,1,2017-01-01,Nordeste,PE,Recife,Hepatite B,301245,Adultos,89.07,80,338199,1,Adequado
2017,1,2017-01-01,Nordeste,PE,Jaboatão dos Guararapes,BCG,50105,Adolescentes,57.57,95,87035,1,Crítico
2017,1,2017-01-01,Nordeste,CE,Fortaleza,Tríplice Viral,283513,Idosos,84.79,95,334355,2,Atenção
2017,1,2017-01-01,Nordeste,CE,Juazeiro do Norte,Tríplice Viral,233651,Gestantes,82.53,95,283108,1,Atenção
2017,1,2017-01-01,Nordeste,MA,São Luís,BCG,304930,Idosos,69.67,95,437682,1,Crítico
2017,1,2017-01-01,Nordeste,PB,João Pessoa,Poliomielite,259888,Idosos,76.71,80,338809,1,Atenção
2017,1,2017-01-01,Centro-Oeste,DF,Brasília,COVID-19,125894,Idosos,92.64,95,135890,0,Atenção
2017,1,2017-01-01,Centro-Oeste,GO,Goiânia,Poliomielite,36918,Idosos,84.87,95,43500,1,Atenção
2017,1,2017-01-01,Centro-Oeste,GO,Aparecida de Goiânia,Hepatite B,306867,Adultos,97.47,95,314825,2,Adequado
2017,1,2017-01-01,Centro-Oeste,MT,Cuiabá,Tríplice Viral,227431,Adolescentes,85.96,80,264584,0,Adequado
2017,1,2017-01-01,Centro-Oeste,MS,Campo Grande,BCG,243676,Gestantes,93.32,95,261121,1,Atenção
2017,1,2017-01-01,Sudeste,SP,São Paulo,Influenza,377931,Crianças,99.0,80,381746,1,Adequado
2017,1,2017-01-01,Sudeste,SP,Campinas,Hepatite B,67021,Adultos,77.34,95,86659,0,Crítico
2017,1,2017-01-01,Sudeste,SP,Ribeirão Preto,Influenza,220331,Gestantes,70.81,80,311144,3,Atenção
2017,1,2017-01-01,Sudeste,RJ,Rio de Janeiro,Tríplice Viral,172769,Adultos,66.56,80,259553,4,Atenção
2017,1,2017-01-01,Sudeste,RJ,Niterói,Influenza,81241,Idosos,72.97,95,111343,2,Crítico
2017,1,2017-01-01,Sudeste,RJ,Nova Iguaçu,Poliomielite,371127,Idosos,82.14,80,451821,1,Adequado
2017,1,2017-01-01,Sudeste,RJ,Petrópolis,Influenza,95586,Adolescentes,89.25,80,107104,0,Adequado
2017,1,2017-01-01,Sudeste,MG,Belo Horizonte,Poliomielite,18157,Adolescentes,69.05,80,26297,1,Atenção
2017,1,2017-01-01,Sudeste,MG,Uberlândia,BCG,164674,Idosos,75.44,80,218283,1,Atenção
2017,1,2017-01-01,Sudeste,MG,Juiz de Fora,BCG,139860,Idosos,93.77,80,149147,0,Adequado
2017,1,2017-01-01,Sudeste,ES,Vitória,BCG,301926,Gestantes,83.63,95,361005,0,Atenção
2017,1,2017-01-01,Sudeste,ES,Vila Velha,Tríplice Viral,223580,Adolescentes,82.26,95,271806,2,Atenção
2017,1,2017-01-01,Sudeste,ES,Serra,BCG,169805,Adultos,92.39,95,183789,1,Atenção
2017,1,2017-01-01,Sul,PR,Curitiba,Poliomielite,177260,Crianças,79.36,80,223366,0,Atenção
2017,1,2017-01-01,Sul,PR,Londrina,BCG,189591,Crianças,91.26,95,207754,0,Atenção
2017,1,2017-01-01,Sul,SC,Florianópolis,Hepatite B,102463,Adultos,74.78,80,137020,0,Atenção
2017,1,2017-01-01,Sul,SC,Joinville,Influenza,159419,Adolescentes,79.13,80,201469,0,Atenção
2017,1,2017-01-01,Sul,RS,Porto Alegre,Hepatite B,276952,Gestantes,78.82,95,351370,2,Crítico
2017,1,2017-01-01,Sul,RS,Caxias do Sul,Influenza,427341,Gestantes,90.38,95,472848,0,Atenção
2017,2,2017-02-01,Norte,AM,Manaus,BCG,13327,Gestantes,79.27,80,16812,1,Atenção
2017,2,2017-02-01,Norte,PA,Belém,Tríplice Viral,373311,Idosos,88.51,80,421789,1,Adequado
2017,2,2017-02-01,Norte,PA,Santarém,Poliomielite,389885,Adolescentes,79.05,95,493202,1,Crítico
2017,2,2017-02-01,Norte,RO,Porto Velho,Hepatite B,375082,Gestantes,84.26,80,445125,1,Adequado
2017,2,2017-02-01,Norte,TO,Palmas,Influenza,59289,Adolescentes,90.12,95,65787,0,Atenção
2017,2,2017-02-01,Nordeste,BA,Salvador,Influenza,170386,Crianças,90.37,95,188553,0,Atenção
2017,2,2017-02-01,Nordeste,BA,Feira de Santana,COVID-19,305580,Adolescentes,80.65,95,378880,3,Atenção
2017,2,2017-02-01,Nordeste,PE,Recife,BCG,269338,Idosos,89.66,80,300401,1,Adequado
2017,2,2017-02-01,Nordeste,PE,Jaboatão dos Guararapes,BCG,45019,Idosos,85.46,95,52681,2,Atenção
2017,2,2017-02-01,Nordeste,CE,Fortaleza,Tríplice Viral,249296,Gestantes,58.97,80,422734,0,Crítico
2017,2,2017-02-01,Nordeste,CE,Juazeiro do Norte,Poliomielite,68037,Gestantes,93.91,95,72453,1,Atenção
2017,2,2017-02-01,Nordeste,MA,São Luís,Hepatite B,123835,Adolescentes,89.26,95,138736,0,Atenção
2017,2,2017-02-01,Nordeste,PB,João Pessoa,COVID-19,434848,Gestantes,100.0,95,434848,0,Adequado
2017,2,2017-02-01,Centro-Oeste,DF,Brasília,Poliomielite,182544,Gestantes,76.77,80,237769,0,Atenção
2017,2,2017-02-01,Centro-Oeste,GO,Goiânia,BCG,168308,Crianças,86.44,95,194711,1,Atenção
2017,2,2017-02-01,Centro-Oeste,GO,Aparecida de Goiânia,BCG,317890,Idosos,78.26,95,406184,0,Crítico
2017,2,2017-02-01,Centro-Oeste,MT,Cuiabá,COVID-19,51529,Crianças,90.73,95,56792,2,Atenção
2017,2,2017-02-01,Centro-Oeste,MS,Campo Grande,Hepatite B,108865,Idosos,76.17,95,142926,0,Crítico
2017,2,2017-02-01,Sudeste,SP,São Paulo,COVID-19,52390,Gestantes,97.9,95,53514,0,Adequado
2017,2,2017-02-01,Sudeste,SP,Campinas,Poliomielite,302742,Gestantes,76.41,95,396233,0,Crítico
2017,2,2017-02-01,Sudeste,SP,Ribeirão Preto,Influenza,77258,Idosos,66.88,95,115512,2,Crítico
2017,2,2017-02-01,Sudeste,RJ,Rio de Janeiro,Poliomielite,332247,Idosos,85.68,95,387765,0,Atenção
2017,2,2017-02-01,Sudeste,RJ,Niterói,BCG,307116,Gestantes,71.93,80,426940,1,Atenção
2017,2,2017-02-01,Sudeste,RJ,Nova Iguaçu,Tríplice Viral,24420,Adolescentes,87.63,80,27868,1,Adequado
2017,2,2017-02-01,Sudeste,RJ,Petrópolis,Hepatite B,48967,Crianças,55.44,95,88329,3,Crítico
2017,2,2017-02-01,Sudeste,MG,Belo Horizonte,Poliomielite,52229,Crianças,72.22,95,72320,0,Crítico
2017,2,2017-02-01,Sudeste,MG,Uberlândia,Poliomielite,25750,Idosos,59.83,95,43041,0,Crítico
2017,2,2017-02-01,Sudeste,MG,Juiz de Fora,Hepatite B,40384,Crianças,78.41,95,51501,1,Crítico
2017,2,2017-02-01,Sudeste,ES,Vitória,Influenza,132294,Idosos,92.75,80,142635,1,Adequado
2017,2,2017-02-01,Sudeste,ES,Vila Velha,Tríplice Viral,320291,Adolescentes,85.2,80,375951,0,Adequado
2017,2,2017-02-01,Sudeste,ES,Serra,Tríplice Viral,440799,Adolescentes,89.18,80,494296,1,Adequado
2017,2,2017-02-01,Sul,PR,Curitiba,BCG,293336,Idosos,83.21,95,352521,0,Atenção
2017,2,2017-02-01,Sul,PR,Londrina,Poliomielite,215467,Idosos,94.9,95,227054,1,Atenção
2017,2,2017-02-01,Sul,SC,Florianópolis,Poliomielite,238712,Idosos,89.57,95,266501,0,Atenção
2017,2,2017-02-01,Sul,SC,Joinville,COVID-19,334341,Gestantes,79.25,95,421888,0,Crítico
2017,2,2017-02-01,Sul,RS,Porto Alegre,COVID-19,26277,Idosos,100.0,95,26277,1,Adequado
2017,2,2017-02-01,Sul,RS,Caxias do Sul,Tríplice Viral,11488,Gestantes,86.03,95,13354,2,Atenção
2017,3,2017-03-01,Norte,AM,Manaus,BCG,173505,Adultos,80.01,95,216846,0,Atenção
2017,3,2017-03-01,Norte,PA,Belém,Poliomielite,341710,Adultos,76.23,80,448287,1,Atenção
2017,3,2017-03-01,Norte,PA,Santarém,Influenza,147934,Idosos,99.85,95,148153,3,Adequado
2017,3,2017-03-01,Norte,RO,Porto Velho,COVID-19,216474,Gestantes,81.6,95,265301,1,Atenção
2017,3,2017-03-01,Norte,TO,Palmas,Hepatite B,207278,Gestantes,81.61,80,253980,0,Adequado
2017,3,2017-03-01,Nordeste,BA,Salvador,BCG,424028,Gestantes,89.13,80,475731,1,Adequado
2017,3,2017-03-01,Nordeste,BA,Feira de Santana,Poliomielite,395670,Adultos,81.6,80,484898,1,Adequado
2017,3,2017-03-01,Nordeste,PE,Recife,BCG,51018,Adolescentes,84.24,80,60565,0,Adequado
2017,3,2017-03-01,Nordeste,PE,Jaboatão dos Guararapes,COVID-19,214306,Crianças,77.29,95,277270,1,Crítico
2017,3,2017-03-01,Nordeste,CE,Fortaleza,Tríplice Viral,335366,Crianças,82.52,80,406414,1,Adequado
2017,3,2017-03-01,Nordeste,CE,Juazeiro do Norte,Influenza,279155,Crianças,90.45,95,308632,1,Atenção
2017,3,2017-03-01,Nordeste,MA,São Luís,Influenza,182640,Crianças,85.62,95,213313,1,Atenção
2017,3,2017-03-01,Nordeste,PB,João Pessoa,COVID-19,373802,Gestantes,80.31,95,465443,0,Atenção
2017,3,2017-03-01,Centro-Oeste,DF,Brasília,Hepatite B,360195,Adolescentes,82.94,80,434298,2,Adequado
2017,3,2017-03-01,Centro-Oeste,GO,Goiânia,Tríplice Viral,363559,Crianças,100.0,95,363559,2,Adequado
2017,3,2017-03-01,Centro-Oeste,GO,Aparecida de Goiânia,COVID-19,221302,Crianças,79.31,95,279034,1,Crítico
2017,3,2017-03-01,Centro-Oeste,MT,Cuiabá,Poliomielite,292338,Crianças,73.95,80,395330,0,Atenção
2017,3,2017-03-01,Centro-Oeste,MS,Campo Grande,Influenza,40514,Crianças,76.34,95,53073,1,Crítico
2017,3,2017-03-01,Sudeste,SP,São Paulo,Influenza,344130,Crianças,98.36,95,349869,1,Adequado
2017,3,2017-03-01,Sudeste,SP,Campinas,Poliomielite,208915,Gestantes,65.27,80,320058,0,Atenção
2017,3,2017-03-01,Sudeste,SP,Ribeirão Preto,BCG,338863,Adolescentes,80.36,80,421667,0,Adequado
2017,3,2017-03-01,Sudeste,RJ,Rio de Janeiro,Hepatite B,328210,Adultos,81.73,80,401584,1,Adequado
2017,3,2017-03-01,Sudeste,RJ,Niterói,BCG,332788,Adolescentes,85.72,95,388236,0,Atenção
2017,3,2017-03-01,Sudeste,RJ,Nova Iguaçu,BCG,86773,Gestantes,85.8,95,101130,0,Atenção
2017,3,2017-03-01,Sudeste,RJ,Petrópolis,Tríplice Viral,218464,Gestantes,89.66,95,243653,2,Atenção
2017,3,2017-03-01,Sudeste,MG,Belo Horizonte,Tríplice Viral,234800,Idosos,71.21,95,329711,0,Crítico
2017,3,2017-03-01,Sudeste,MG,Uberlândia,Hepatite B,460228,Adolescentes,100.0,95,460228,0,Adequado
2017,3,2017-03-01,Sudeste,MG,Juiz de Fora,Hepatite B,52318,Idosos,84.56,95,61870,1,Atenção
2017,3,2017-03-01,Sudeste,ES,Vitória,Tríplice Viral,24770,Adultos,100.0,95,24770,1,Adequado
2017,3,2017-03-01,Sudeste,ES,Vila Velha,Influenza,10843,Crianças,75.74,95,14317,3,Crítico
2017,3,2017-03-01,Sudeste,ES,Serra,Tríplice Viral,37948,Crianças,70.53,80,53804,2,Atenção
2017,3,2017-03-01,Sul,PR,Curitiba,BCG,166715,Adolescentes,100.0,80,166715,2,Adequado
2017,3,2017-03-01,Sul,PR,Londrina,Hepatite B,348384,Idosos,83.75,95,415961,0,Atenção
2017,3,2017-03-01,Sul,SC,Florianópolis,BCG,66939,Gestantes,99.12,80,67536,5,Adequado
2017,3,2017-03-01,Sul,SC,Joinville,Poliomielite,171259,Adultos,80.06,80,213909,0,Adequado
2017,3,2017-03-01,Sul,RS,Porto Alegre,Poliomielite,316124,Crianças,90.1,95,350863,0,Atenção
2017,3,2017-03-01,Sul,RS,Caxias do Sul,Influenza,175971,Adolescentes,81.23,95,216624,0,Atenção
2017,4,2017-04-01,Norte,AM,Manaus,Tríplice Viral,55530,Adolescentes,82.78,80,67085,1,Adequado
2017,4,2017-04-01,Norte,PA,Belém,Tríplice Viral,358006,Adolescentes,80.44,95,445073,0,Atenção
2017,4,2017-04-01,Norte,PA,Santarém,Poliomielite,80095,Crianças,84.37,95,94937,1,Atenção
2017,4,2017-04-01,Norte,RO,Porto Velho,Tríplice Viral,64486,Gestantes,69.08,95,93347,2,Crítico
2017,4,2017-04-01,Norte,TO,Palmas,Tríplice Viral,307276,Crianças,75.8,95,405362,1,Crítico
2017,4,2017-04-01,Nordeste,BA,Salvador,Hepatite B,181932,Adultos,87.42,95,208105,1,Atenção
2017,4,2017-04-01,Nordeste,BA,Feira de Santana,Poliomielite,313556,Adolescentes,75.67,80,414399,1,Atenção
2017,4,2017-04-01,Nordeste,PE,Recife,Influenza,221130,Gestantes,70.8,80,312309,1,Atenção
2017,4,2017-04-01,Nordeste,PE,Jaboatão dos Guararapes,Tríplice Viral,210398,Gestantes,83.34,95,252472,2,Atenção
2017,4,2017-04-01,Nordeste,CE,Fortaleza,BCG,154022,Adolescentes,81.56,80,188857,0,Adequado
2017,4,2017-04-01,Nordeste,CE,Juazeiro do Norte,Influenza,50072,Idosos,69.12,95,72437,1,Crítico
2017,4,2017-04-01,Nordeste,MA,São Luís,Poliomielite,314235,Adultos,67.47,95,465726,1,Crítico
2017,4,2017-04-01,Nordeste,PB,João Pessoa,BCG,376142,Adultos,98.0,80,383809,0,Adequado
2017,4,2017-04-01,Centro-Oeste,DF,Brasília,BCG,231989,Adolescentes,92.91,95,249683,1,Atenção
2017,4,2017-04-01,Centro-Oeste,GO,Goiânia,Hepatite B,160422,Adolescentes,72.67,80,220758,1,Atenção
2017,4,2017-04-01,Centro-Oeste,GO,Aparecida de Goiânia,Influenza,160961,Crianças,82.82,80,194344,1,Adequado
2017,4,2017-04-01,Centro-Oeste,MT,Cuiabá,Tríplice Viral,338452,Gestantes,81.59,95,414806,1,Atenção
2017,4,2017-04-01,Centro-Oeste,MS,Campo Grande,COVID-19,25207,Adultos,85.7,95,29415,0,Atenção
2017,4,2017-04-01,Sudeste,SP,São Paulo,Influenza,133732,Idosos,78.66,95,170015,0,Crítico
2017,4,2017-04-01,Sudeste,SP,Campinas,Tríplice Viral,69069,Adolescentes,83.85,80,82369,1,Adequado
2017,4,2017-04-01,Sudeste,SP,Ribeirão Preto,Influenza,283818,Adolescentes,90.72,80,312855,0,Adequado
2017,4,2017-04-01,Sudeste,RJ,Rio de Janeiro,Influenza,272229,Adolescentes,88.26,80,308456,2,Adequado
2017,4,2017-04-01,Sudeste,RJ,Niterói,Poliomielite,257714,Crianças,90.61,80,284407,1,Adequado
2017,4,2017-04-01,Sudeste,RJ,Nova Iguaçu,Poliomielite,86462,Adolescentes,67.69,95,127741,0,Crítico
2017,4,2017-04-01,Sudeste,RJ,Petrópolis,COVID-19,381187,Adultos,97.25,95,391976,1,Adequado
2017,4,2017-04-01,Sudeste,MG,Belo Horizonte,COVID-19,143416,Gestantes,79.25,80,180969,1,Atenção
2017,4,2017-04-01,Sudeste,MG,Uberlândia,Tríplice Viral,32854,Adultos,92.82,80,35394,1,Adequado
2017,4,2017-04-01,Sudeste,MG,Juiz de Fora,COVID-19,65273,Gestantes,93.48,80,69824,1,Adequado
2017,4,2017-04-01,Sudeste,ES,Vitória,Influenza,423502,Idosos,98.96,80,427968,0,Adequado
2017,4,2017-04-01,Sudeste,ES,Vila Velha,COVID-19,345695,Adultos,71.08,80,486329,2,Atenção
2017,4,2017-04-01,Sudeste,ES,Serra,Influenza,158081,Adolescentes,81.82,95,193199,1,Atenção
2017,4,2017-04-01,Sul,PR,Curitiba,BCG,369826,Idosos,78.89,80,468781,1,Atenção
2017,4,2017-04-01,Sul,PR,Londrina,Poliomielite,483525,Idosos,100.0,95,483525,2,Adequado
2017,4,2017-04-01,Sul,SC,Florianópolis,COVID-19,416883,Adultos,96.24,95,433174,0,Adequado
2017,4,2017-04-01,Sul,SC,Joinville,Hepatite B,322363,Gestantes,69.82,95,461703,4,Crítico
2017,4,2017-04-01,Sul,RS,Porto Alegre,Influenza,86491,Crianças,81.44,95,106202,2,Atenção
2017,4,2017-04-01,Sul,RS,Caxias do Sul,BCG,338058,Crianças,89.72,95,376813,1,Atenção
2017,5,2017-05-01,Norte,AM,Manaus,BCG,328133,Crianças,86.14,95,380911,1,Atenção
2017,5,2017-05-01,Norte,PA,Belém,BCG,160972,Crianças,92.56,95,173917,2,Atenção
2017,5,2017-05-01,Norte,PA,Santarém,Influenza,36801,Adultos,85.1,95,43243,0,Atenção
2017,5,2017-05-01,Norte,RO,Porto Velho,Hepatite B,340873,Adolescentes,88.63,95,384586,0,Atenção
2017,5,2017-05-01,Norte,TO,Palmas,Tríplice Viral,18533,Gestantes,78.39,95,23641,0,Crítico
2017,5,2017-05-01,Nordeste,BA,Salvador,BCG,227250,Adultos,81.35,95,279365,0,Atenção
2017,5,2017-05-01,Nordeste,BA,Feira de Santana,Hepatite B,239677,Adolescentes,79.12,80,302915,0,Atenção
2017,5,2017-05-01,Nordeste,PE,Recife,Influenza,87495,Crianças,73.19,80,119547,1,Atenção
2017,5,2017-05-01,Nordeste,PE,Jaboatão dos Guararapes,BCG,51666,Gestantes,88.04,95,58684,2,Atenção
2017,5,2017-05-01,Nordeste,CE,Fortaleza,Tríplice Viral,44006,Adolescentes,97.36,95,45199,1,Adequado
2017,5,2017-05-01,Nordeste,CE,Juazeiro do Norte,Poliomielite,446751,Adolescentes,94.21,95,474193,0,Atenção
2017,5,2017-05-01,Nordeste,MA,São Luís,BCG,15265,Adolescentes,94.09,80,16225,1,Adequado
2017,5,2017-05-01,Nordeste,PB,João Pessoa,Influenza,120248,Crianças,97.26,80,123631,0,Adequado
2017,5,2017-05-01,Centro-Oeste,DF,Brasília,Influenza,361113,Adolescentes,97.38,80,370815,2,Adequado
2017,5,2017-05-01,Centro-Oeste,GO,Goiânia,Influenza,121929,Crianças,100.0,80,121929,3,Adequado
2017,5,2017-05-01,Centro-Oeste,GO,Aparecida de Goiânia,Poliomielite,153668,Gestantes,89.92,95,170902,1,Atenção
2017,5,2017-05-01,Centro-Oeste,MT,Cuiabá,Influenza,21299,Gestantes,91.92,95,23172,2,Atenção
2017,5,2017-05-01,Centro-Oeste,MS,Campo Grande,Influenza,260461,Idosos,80.23,80,324659,0,Adequado
2017,5,2017-05-01,Sudeste,SP,São Paulo,Tríplice Viral,191114,Gestantes,84.41,80,226402,1,Adequado
2017,5,2017-05-01,Sudeste,SP,Campinas,Influenza,289426,Crianças,82.38,80,351329,0,Adequado
2017,5,2017-05-01,Sudeste,SP,Ribeirão Preto,Poliomielite,228477,Idosos,83.47,95,273739,0,Atenção
2017,5,2017-05-01,Sudeste,RJ,Rio de Janeiro,Influenza,187292,Idosos,88.9,95,210688,2,Atenção
2017,5,2017-05-01,Sudeste,RJ,Niterói,Hepatite B,234543,Adolescentes,100.0,80,234543,0,Adequado
2017,5,2017-05-01,Sudeste,RJ,Nova Iguaçu,Poliomielite,206937,Idosos,90.57,95,228488,2,Atenção
2017,5,2017-05-01,Sudeste,RJ,Petrópolis,Influenza,242858,Gestantes,83.36,95,291326,1,Atenção
2017,5,2017-05-01,Sudeste,MG,Belo Horizonte,Tríplice Viral,165653,Gestantes,68.26,95,242688,0,Crítico
2017,5,2017-05-01,Sudeste,MG,Uberlândia,Hepatite B,73831,Idosos,84.39,95,87492,0,Atenção
2017,5,2017-05-01,Sudeste,MG,Juiz de Fora,Hepatite B,155880,Adultos,73.19,80,212992,0,Atenção
2017,5,2017-05-01,Sudeste,ES,Vitória,COVID-19,16353,Idosos,88.94,95,18387,1,Atenção
2017,5,2017-05-01,Sudeste,ES,Vila Velha,Influenza,262828,Crianças,88.07,95,298441,0,Atenção
2017,5,2017-05-01,Sudeste,ES,Serra,BCG,191751,Adultos,82.0,95,233840,1,Atenção
2017,5,2017-05-01,Sul,PR,Curitiba,Tríplice Viral,298724,Adolescentes,70.34,95,424693,2,Crítico
2017,5,2017-05-01,Sul,PR,Londrina,Hepatite B,257642,Gestantes,85.92,95,299848,2,Atenção
2017,5,2017-05-01,Sul,SC,Florianópolis,COVID-19,81702,Crianças,76.03,95,107465,1,Crítico
2017,5,2017-05-01,Sul,SC,Joinville,Influenza,126046,Adultos,76.51,95,164744,0,Crítico
2017,5,2017-05-01,Sul,RS,Porto Alegre,Tríplice Viral,114208,Adultos,85.22,80,134020,2,Adequado
2017,5,2017-05-01,Sul,RS,Caxias do Sul,Tríplice Viral,133680,Idosos,75.78,80,176412,1,Atenção
2017,6,2017-06-01,Norte,AM,Manaus,COVID-19,273020,Adolescentes,86.58,95,315344,0,Atenção
2017,6,2017-06-01,Norte,PA,Belém,BCG,247556,Idosos,74.01,95,334484,2,Crítico
2017,6,2017-06-01,Norte,PA,Santarém,BCG,250359,Adolescentes,83.08,95,301334,0,Atenção
2017,6,2017-06-01,Norte,RO,Porto Velho,Tríplice Viral,94574,Crianças,80.1,95,118065,1,Atenção
2017,6,2017-06-01,Norte,TO,Palmas,COVID-19,158870,Adultos,89.0,95,178498,1,Atenção
2017,6,2017-06-01,Nordeste,BA,Salvador,COVID-19,189226,Adultos,96.11,95,196890,1,Adequado
2017,6,2017-06-01,Nordeste,BA,Feira de Santana,BCG,370245,Idosos,91.91,95,402819,1,Atenção
2017,6,2017-06-01,Nordeste,PE,Recife,BCG,137406,Idosos,67.86,80,202475,1,Atenção
2017,6,2017-06-01,Nordeste,PE,Jaboatão dos Guararapes,Tríplice Viral,278688,Crianças,78.8,95,353670,1,Crítico
2017,6,2017-06-01,Nordeste,CE,Fortaleza,Influenza,191699,Gestantes,74.45,95,257486,0,Crítico
2017,6,2017-06-01,Nordeste,CE,Juazeiro do Norte,BCG,404546,Gestantes,94.73,95,427039,1,Atenção
2017,6,2017-06-01,Nordeste,MA,São Luís,BCG,50293,Gestantes,96.12,80,52325,1,Adequado
2017,6,2017-06-01,Nordeste,PB,João Pessoa,Influenza,163955,Crianças,65.34,80,250917,1,Atenção
2017,6,2017-06-01,Centro-Oeste,DF,Brasília,Influenza,350172,Adolescentes,94.71,80,369747,1,Adequado
2017,6,2017-06-01,Centro-Oeste,GO,Goiânia,BCG,88298,Adolescentes,78.8,80,112048,1,Atenção
2017,6,2017-06-01,Centro-Oeste,GO,Aparecida de Goiânia,Poliomielite,220142,Adultos,86.75,80,253760,0,Adequado
2017,6,2017-06-01,Centro-Oeste,MT,Cuiabá,Poliomielite,204824,Crianças,87.69,95,233569,1,Atenção
2017,6,2017-06-01,Centro-Oeste,MS,Campo Grande,Hepatite B,192727,Gestantes,78.8,95,244574,0,Crítico
2017,6,2017-06-01,Sudeste,SP,São Paulo,Poliomielite,99043,Gestantes,90.22,95,109774,0,Atenção
2017,6,2017-06-01,Sudeste,SP,Campinas,Poliomielite,106620,Gestantes,85.85,80,124198,1,Adequado
2017,6,2017-06-01,Sudeste,SP,Ribeirão Preto,COVID-19,143572,Crianças,80.5,95,178351,0,Atenção
2017,6,2017-06-01,Sudeste,RJ,Rio de Janeiro,Influenza,20497,Gestantes,75.32,95,27214,3,Crítico
2017,6,2017-06-01,Sudeste,RJ,Niterói,Tríplice Viral,34671,Crianças,66.51,95,52131,1,Crítico
2017,6,2017-06-01,Sudeste,RJ,Nova Iguaçu,Poliomielite,72374,Adultos,65.23,80,110959,1,Atenção
2017,6,2017-06-01,Sudeste,RJ,Petrópolis,Hepatite B,152590,Adolescentes,70.12,95,217615,1,Crítico
2017,6,2017-06-01,Sudeste,MG,Belo Horizonte,Hepatite B,385308,Adultos,80.96,80,475929,0,Adequado
2017,6,2017-06-01,Sudeste,MG,Uberlândia,Hepatite B,181276,Gestantes,98.99,80,183125,3,Adequado
2017,6,2017-06-01,Sudeste,MG,Juiz de Fora,Poliomielite,196982,Gestantes,78.03,95,252458,1,Crítico
2017,6,2017-06-01,Sudeste,ES,Vitória,Tríplice Viral,305221,Crianças,75.51,95,404220,1,Crítico
2017,6,2017-06-01,Sudeste,ES,Vila Velha,Influenza,130086,Adolescentes,78.28,80,166171,0,Atenção
2017,6,2017-06-01,Sudeste,ES,Serra,Poliomielite,355923,Gestantes,82.14,80,433325,0,Adequado
2017,6,2017-06-01,Sul,PR,Curitiba,BCG,438283,Gestantes,91.28,95,480158,1,Atenção
2017,6,2017-06-01,Sul,PR,Londrina,BCG,8206,Idosos,78.78,95,10416,0,Crítico
2017,6,2017-06-01,Sul,SC,Florianópolis,Poliomielite,193223,Gestantes,93.67,95,206284,0,Atenção
2017,6,2017-06-01,Sul,SC,Joinville,Tríplice Viral,404305,Crianças,96.26,95,420001,2,Adequado
2017,6,2017-06-01,Sul,RS,Porto Alegre,Influenza,283669,Idosos,82.87,80,342308,3,Adequado
2017,6,2017-06-01,Sul,RS,Caxias do Sul,BCG,146158,Crianças,75.87,80,192655,1,Atenção
2017,7,2017-07-01,Norte,AM,Manaus,BCG,72633,Adultos,100.0,95,72633,0,Adequado
2017,7,2017-07-01,Norte,PA,Belém,Influenza,395807,Crianças,88.65,80,446502,1,Adequado
2017,7,2017-07-01,Norte,PA,Santarém,Tríplice Viral,244418,Idosos,81.46,95,300036,0,Atenção
2017,7,2017-07-01,Norte,RO,Porto Velho,COVID-19,19466,Adolescentes,70.31,95,27688,0,Crítico
2017,7,2017-07-01,Norte,TO,Palmas,COVID-19,452608,Gestantes,94.35,95,479701,3,Atenção
2017,7,2017-07-01,Nordeste,BA,Salvador,Influenza,273162,Idosos,87.64,80,311687,2,Adequado
2017,7,2017-07-01,Nordeste,BA,Feira de Santana,Hepatite B,188648,Crianças,98.23,95,192039,2,Adequado
2017,7,2017-07-01,Nordeste,PE,Recife,Hepatite B,85808,Idosos,79.93,95,107355,2,Crítico
2017,7,2017-07-01,Nordeste,PE,Jaboatão dos Guararapes,Influenza,79057,Crianças,92.31,95,85641,1,Atenção
2017,7,2017-07-01,Nordeste,CE,Fortaleza,Influenza,55476,Gestantes,74.01,95,74959,0,Crítico
2017,7,2017-07-01,Nordeste,CE,Juazeiro do Norte,Hepatite B,25833,Idosos,83.08,95,31094,0,Atenção
2017,7,2017-07-01,Nordeste,MA,São Luís,BCG,422482,Adultos,86.07,80,490870,1,Adequado
2017,7,2017-07-01,Nordeste,PB,João Pessoa,Poliomielite,192792,Gestantes,77.57,95,248555,1,Crítico
2017,7,2017-07-01,Centro-Oeste,DF,Brasília,Hepatite B,355474,Idosos,72.86,95,487854,2,Crítico
2017,7,2017-07-01,Centro-Oeste,GO,Goiânia,Poliomielite,416072,Adultos,85.1,80,488911,4,Adequado
2017,7,2017-07-01,Centro-Oeste,GO,Aparecida de Goiânia,BCG,275942,Gestantes,78.34,95,352258,1,Crítico
2017,7,2017-07-01,Centro-Oeste,MT,Cuiabá,Poliomielite,235653,Adultos,79.56,95,296190,1,Crítico
2017,7,2017-07-01,Centro-Oeste,MS,Campo Grande,COVID-19,57284,Idosos,94.57,80,60571,1,Adequado
2017,7,2017-07-01,Sudeste,SP,São Paulo,Tríplice Viral,234380,Adultos,81.81,95,286495,0,Atenção
2017,7,2017-07-01,Sudeste,SP,Campinas,BCG,80006,Crianças,85.75,95,93299,3,Atenção
2017,7,2017-07-01,Sudeste,SP,Ribeirão Preto,COVID-19,9815,Gestantes,78.82,95,12453,0,Crítico
2017,7,2017-07-01,Sudeste,RJ,Rio de Janeiro,BCG,119221,Idosos,80.15,80,148755,1,Adequado
2017,7,2017-07-01,Sudeste,RJ,Niterói,BCG,259236,Gestantes,79.09,80,327789,1,Atenção
2017,7,2017-07-01,Sudeste,RJ,Nova Iguaçu,Hepatite B,267102,Adultos,76.83,80,347640,0,Atenção
2017,7,2017-07-01,Sudeste,RJ,Petrópolis,COVID-19,316580,Gestantes,94.85,95,333758,0,Atenção
2017,7,2017-07-01,Sudeste,MG,Belo Horizonte,COVID-19,346352,Adolescentes,78.79,95,439593,0,Crítico
2017,7,2017-07-01,Sudeste,MG,Uberlândia,Influenza,291932,Gestantes,87.3,95,334407,1,Atenção
2017,7,2017-07-01,Sudeste,MG,Juiz de Fora,Poliomielite,180777,Gestantes,84.71,95,213415,2,Atenção
2017,7,2017-07-01,Sudeste,ES,Vitória,Poliomielite,21169,Crianças,72.98,80,29008,1,Atenção
2017,7,2017-07-01,Sudeste,ES,Vila Velha,Hepatite B,166951,Crianças,78.81,80,211848,1,Atenção
2017,7,2017-07-01,Sudeste,ES,Serra,Tríplice Viral,327871,Idosos,81.16,80,403968,2,Adequado
2017,7,2017-07-01,Sul,PR,Curitiba,Influenza,397116,Gestantes,100.0,95,397116,1,Adequado
2017,7,2017-07-01,Sul,PR,Londrina,Influenza,252960,Idosos,100.0,80,252960,1,Adequado
2017,7,2017-07-01,Sul,SC,Florianópolis,Hepatite B,220242,Adultos,89.2,95,246899,1,Atenção
2017,7,2017-07-01,Sul,SC,Joinville,COVID-19,45626,Idosos,81.75,80,55810,0,Adequado
2017,7,2017-07-01,Sul,RS,Porto Alegre,Poliomielite,230106,Gestantes,99.78,80,230606,1,Adequado
2017,7,2017-07-01,Sul,RS,Caxias do Sul,Influenza,127873,Adultos,68.65,95,186261,1,Crítico
2017,8,2017-08-01,Norte,AM,Manaus,Tríplice Viral,301322,Adultos,85.87,80,350897,0,Adequado
2017,8,2017-08-01,Norte,PA,Belém,Poliomielite,22902,Adultos,73.13,80,31316,1,Atenção
2017,8,2017-08-01,Norte,PA,Santarém,COVID-19,411219,Gestantes,86.57,95,474987,1,Atenção
2017,8,2017-08-01,Norte,RO,Porto Velho,COVID-19,279292,Crianças,98.6,95,283268,1,Adequado
2017,8,2017-08-01,Norte,TO,Palmas,Tríplice Viral,358400,Gestantes,96.02,95,373245,0,Adequado
2017,8,2017-08-01,Nordeste,BA,Salvador,Hepatite B,61557,Gestantes,87.26,95,70543,0,Atenção
2017,8,2017-08-01,Nordeste,BA,Feira de Santana,BCG,45797,Adolescentes,81.57,95,56147,1,Atenção
2017,8,2017-08-01,Nordeste,PE,Recife,Hepatite B,218211,Idosos,82.77,80,263628,2,Adequado
2017,8,2017-08-01,Nordeste,PE,Jaboatão dos Guararapes,Poliomielite,298266,Adultos,82.43,95,361829,1,Atenção
2017,8,2017-08-01,Nordeste,CE,Fortaleza,COVID-19,153812,Crianças,72.16,95,213152,2,Crítico
2017,8,2017-08-01,Nordeste,CE,Juazeiro do Norte,Hepatite B,249554,Adultos,72.68,80,343361,0,Atenção
2017,8,2017-08-01,Nordeste,MA,São Luís,BCG,144679,Gestantes,84.12,95,171994,2,Atenção
2017,8,2017-08-01,Nordeste,PB,João Pessoa,Tríplice Viral,276254,Adultos,80.45,95,343391,1,Atenção
2017,8,2017-08-01,Centro-Oeste,DF,Brasília,Hepatite B,198029,Crianças,78.55,95,252109,0,Crítico
2017,8,2017-08-01,Centro-Oeste,GO,Goiânia,Tríplice Viral,218502,Crianças,100.0,95,218502,2,Adequado
2017,8,2017-08-01,Centro-Oeste,GO,Aparecida de Goiânia,Hepatite B,142844,Gestantes,100.0,95,142844,1,Adequado
2017,8,2017-08-01,Centro-Oeste,MT,Cuiabá,COVID-19,194718,Gestantes,80.15,95,242950,1,Atenção
2017,8,2017-08-01,Centro-Oeste,MS,Campo Grande,COVID-19,41107,Crianças,90.0,95,45675,2,Atenção
2017,8,2017-08-01,Sudeste,SP,São Paulo,Tríplice Viral,42467,Idosos,74.1,95,57311,1,Crítico
2017,8,2017-08-01,Sudeste,SP,Campinas,Hepatite B,272452,Idosos,92.12,95,295745,0,Atenção
2017,8,2017-08-01,Sudeste,SP,Ribeirão Preto,BCG,171151,Idosos,78.16,80,218980,2,Atenção
2017,8,2017-08-01,Sudeste,RJ,Rio de Janeiro,COVID-19,75304,Adultos,81.71,95,92158,1,Atenção
2017,8,2017-08-01,Sudeste,RJ,Niterói,BCG,345835,Crianças,89.52,80,386340,1,Adequado
2017,8,2017-08-01,Sudeste,RJ,Nova Iguaçu,Influenza,21312,Adultos,100.0,95,21312,0,Adequado
2017,8,2017-08-01,Sudeste,RJ,Petrópolis,BCG,91176,Gestantes,72.19,80,126301,1,Atenção
2017,8,2017-08-01,Sudeste,MG,Belo Horizonte,Poliomielite,41649,Crianças,68.55,80,60755,2,Atenção
2017,8,2017-08-01,Sudeste,MG,Uberlândia,COVID-19,211256,Gestantes,70.81,95,298358,1,Crítico
2017,8,2017-08-01,Sudeste,MG,Juiz de Fora,Poliomielite,267180,Crianças,64.2,80,416155,3,Crítico
2017,8,2017-08-01,Sudeste,ES,Vitória,COVID-19,15204,Adultos,100.0,80,15204,0,Adequado
2017,8,2017-08-01,Sudeste,ES,Vila Velha,Hepatite B,168424,Adultos,80.6,95,208968,0,Atenção
2017,8,2017-08-01,Sudeste,ES,Serra,Hepatite B,158844,Gestantes,80.67,95,196905,0,Atenção
2017,8,2017-08-01,Sul,PR,Curitiba,COVID-19,375638,Gestantes,89.98,80,417446,1,Adequado
2017,8,2017-08-01,Sul,PR,Londrina,Tríplice Viral,257891,Adolescentes,85.79,80,300625,1,Adequado
2017,8,2017-08-01,Sul,SC,Florianópolis,COVID-19,310852,Adultos,89.08,95,348947,1,Atenção
2017,8,2017-08-01,Sul,SC,Joinville,Tríplice Viral,37014,Crianças,78.38,95,47227,0,Crítico
2017,8,2017-08-01,Sul,RS,Porto Alegre,Tríplice Viral,32508,Adolescentes,82.36,95,39473,1,Atenção
2017,8,2017-08-01,Sul,RS,Caxias do Sul,COVID-19,27984,Adolescentes,76.61,95,36526,0,Crítico
2017,9,2017-09-01,Norte,AM,Manaus,Hepatite B,300973,Gestantes,90.94,80,330942,1,Adequado
2017,9,2017-09-01,Norte,PA,Belém,Tríplice Viral,266673,Idosos,91.95,95,290024,1,Atenção
2017,9,2017-09-01,Norte,PA,Santarém,BCG,125583,Crianças,72.12,95,174129,1,Crítico
2017,9,2017-09-01,Norte,RO,Porto Velho,BCG,34823,Gestantes,75.8,80,45943,1,Atenção
2017,9,2017-09-01,Norte,TO,Palmas,BCG,440258,Adultos,90.76,80,485086,2,Adequado
2017,9,2017-09-01,Nordeste,BA,Salvador,BCG,167519,Idosos,83.45,95,200745,2,Atenção
2017,9,2017-09-01,Nordeste,BA,Feira de Santana,Poliomielite,249017,Adultos,87.39,95,284962,1,Atenção
2017,9,2017-09-01,Nordeste,PE,Recife,COVID-19,250888,Gestantes,84.23,95,297860,1,Atenção
2017,9,2017-09-01,Nordeste,PE,Jaboatão dos Guararapes,Tríplice Viral,101885,Adultos,91.14,80,111791,0,Adequado
2017,9,2017-09-01,Nordeste,CE,Fortaleza,Hepatite B,139756,Idosos,67.75,95,206268,1,Crítico
2017,9,2017-09-01,Nordeste,CE,Juazeiro do Norte,Hepatite B,292537,Adolescentes,82.57,80,354286,0,Adequado
2017,9,2017-09-01,Nordeste,MA,São Luís,BCG,210193,Adolescentes,92.62,95,226952,2,Atenção
2017,9,2017-09-01,Nordeste,PB,João Pessoa,Influenza,359810,Idosos,84.28,95,426915,2,Atenção
2017,9,2017-09-01,Centro-Oeste,DF,Brasília,BCG,167140,Gestantes,75.39,95,221713,1,Crítico
2017,9,2017-09-01,Centro-Oeste,GO,Goiânia,Tríplice Viral,275689,Crianças,58.76,95,469167,3,Crítico
2017,9,2017-09-01,Centro-Oeste,GO,Aparecida de Goiânia,Influenza,120302,Gestantes,95.57,95,125874,1,Adequado
2017,9,2017-09-01,Centro-Oeste,MT,Cuiabá,BCG,395541,Gestantes,89.28,95,443016,0,Atenção
2017,9,2017-09-01,Centro-Oeste,MS,Campo Grande,Tríplice Viral,97133,Gestantes,69.19,80,140391,1,Atenção
2017,9,2017-09-01,Sudeste,SP,São Paulo,COVID-19,240962,Adolescentes,66.28,80,363550,2,Atenção
2017,9,2017-09-01,Sudeste,SP,Campinas,Hepatite B,337499,Adultos,83.28,95,405237,0,Atenção
2017,9,2017-09-01,Sudeste,SP,Ribeirão Preto,BCG,159728,Crianças,85.1,95,187694,0,Atenção
2017,9,2017-09-01,Sudeste,RJ,Rio de Janeiro,BCG,113584,Idosos,84.19,95,134916,0,Atenção
2017,9,2017-09-01,Sudeste,RJ,Niterói,Poliomielite,82316,Adultos,79.13,95,104028,0,Crítico
2017,9,2017-09-01,Sudeste,RJ,Nova Iguaçu,COVID-19,42706,Adultos,79.28,95,53870,1,Crítico
2017,9,2017-09-01,Sudeste,RJ,Petrópolis,Tríplice Viral,71966,Idosos,100.0,80,71966,1,Adequado
2017,9,2017-09-01,Sudeste,MG,Belo Horizonte,COVID-19,302988,Idosos,77.39,80,391491,0,Atenção
2017,9,2017-09-01,Sudeste,MG,Uberlândia,Hepatite B,41930,Gestantes,77.36,80,54203,4,Atenção
2017,9,2017-09-01,Sudeste,MG,Juiz de Fora,Tríplice Viral,254347,Adultos,71.79,95,354299,2,Crítico
2017,9,2017-09-01,Sudeste,ES,Vitória,Poliomielite,435350,Crianças,91.29,95,476886,2,Atenção
2017,9,2017-09-01,Sudeste,ES,Vila Velha,Influenza,273955,Crianças,95.71,80,286239,1,Adequado
2017,9,2017-09-01,Sudeste,ES,Serra,BCG,190745,Crianças,94.48,80,201892,1,Adequado
2017,9,2017-09-01,Sul,PR,Curitiba,BCG,326968,Adolescentes,83.0,80,393918,1,Adequado
2017,9,2017-09-01,Sul,PR,Londrina,Hepatite B,100051,Idosos,89.95,80,111225,1,Adequado
2017,9,2017-09-01,Sul,SC,Florianópolis,Hepatite B,54599,Idosos,94.83,95,57574,1,Atenção
2017,9,2017-09-01,Sul,SC,Joinville,Hepatite B,71197,Gestantes,90.82,95,78393,1,Atenção
2017,9,2017-09-01,Sul,RS,Porto Alegre,COVID-19,65046,Gestantes,88.97,95,73107,0,Atenção
2017,9,2017-09-01,Sul,RS,Caxias do Sul,Influenza,363431,Gestantes,100.0,80,363431,1,Adequado
2017,10,2017-10-01,Norte,AM,Manaus,COVID-19,385192,Adultos,91.9,95,419126,0,Atenção
2017,10,2017-10-01,Norte,PA,Belém,COVID-19,140115,Gestantes,79.6,95,176026,2,Crítico
2017,10,2017-10-01,Norte,PA,Santarém,Poliomielite,262067,Idosos,89.94,80,291369,1,Adequado
2017,10,2017-10-01,Norte,RO,Porto Velho,BCG,401886,Adolescentes,85.74,80,468717,1,Adequado
2017,10,2017-10-01,Norte,TO,Palmas,Hepatite B,385980,Gestantes,99.43,95,388193,1,Adequado
2017,10,2017-10-01,Nordeste,BA,Salvador,Poliomielite,77565,Idosos,76.97,95,100774,0,Crítico
2017,10,2017-10-01,Nordeste,BA,Feira de Santana,Poliomielite,26692,Adultos,80.96,80,32968,1,Adequado
2017,10,2017-10-01,Nordeste,PE,Recife,Influenza,193534,Adolescentes,88.54,80,218592,2,Adequado
2017,10,2017-10-01,Nordeste,PE,Jaboatão dos Guararapes,Hepatite B,219628,Adolescentes,71.73,95,306194,1,Crítico
2017,10,2017-10-01,Nordeste,CE,Fortaleza,Tríplice Viral,78100,Crianças,87.2,95,89560,0,Atenção
2017,10,2017-10-01,Nordeste,CE,Juazeiro do Norte,Poliomielite,154005,Idosos,81.81,95,188246,1,Atenção
2017,10,2017-10-01,Nordeste,MA,São Luís,Poliomielite,98528,Crianças,92.28,95,106772,0,Atenção
2017,10,2017-10-01,Nordeste,PB,João Pessoa,Tríplice Viral,405479,Adolescentes,97.72,95,414926,0,Adequado
2017,10,2017-10-01,Centro-Oeste,DF,Brasília,Influenza,265093,Gestantes,63.24,95,419186,1,Crítico
2017,10,2017-10-01,Centro-Oeste,GO,Goiânia,BCG,367827,Crianças,91.78,80,400760,2,Adequado
2017,10,2017-10-01,Centro-Oeste,GO,Aparecida de Goiânia,Tríplice Viral,10627,Gestantes,69.31,80,15334,1,Atenção
2017,10,2017-10-01,Centro-Oeste,MT,Cuiabá,Influenza,193432,Crianças,89.08,80,217134,0,Adequado
2017,10,2017-10-01,Centro-Oeste,MS,Campo Grande,Tríplice Viral,355663,Adultos,84.65,80,420160,0,Adequado
2017,10,2017-10-01,Sudeste,SP,São Paulo,Poliomielite,323684,Adolescentes,89.95,95,359869,3,Atenção
2017,10,2017-10-01,Sudeste,SP,Campinas,Influenza,328288,Adolescentes,71.4,95,459773,0,Crítico
2017,10,2017-10-01,Sudeste,SP,Ribeirão Preto,Influenza,335941,Idosos,90.9,80,369583,2,Adequado
2017,10,2017-10-01,Sudeste,RJ,Rio de Janeiro,Hepatite B,23610,Gestantes,91.72,95,25742,1,Atenção
2017,10,2017-10-01,Sudeste,RJ,Niterói,Influenza,10238,Crianças,95.37,95,10736,1,Adequado
2017,10,2017-10-01,Sudeste,RJ,Nova Iguaçu,Influenza,478778,Idosos,98.13,95,487894,1,Adequado
2017,10,2017-10-01,Sudeste,RJ,Petrópolis,Influenza,202033,Adultos,76.38,80,264500,1,Atenção
2017,10,2017-10-01,Sudeste,MG,Belo Horizonte,COVID-19,366481,Idosos,81.51,95,449628,0,Atenção
2017,10,2017-10-01,Sudeste,MG,Uberlândia,Influenza,204684,Adolescentes,89.9,95,227684,1,Atenção
2017,10,2017-10-01,Sudeste,MG,Juiz de Fora,Poliomielite,121927,Adolescentes,96.83,80,125917,1,Adequado
2017,10,2017-10-01,Sudeste,ES,Vitória,Hepatite B,247627,Crianças,83.34,80,297145,2,Adequado
2017,10,2017-10-01,Sudeste,ES,Vila Velha,Hepatite B,300172,Idosos,81.54,80,368131,3,Adequado
2017,10,2017-10-01,Sudeste,ES,Serra,Poliomielite,317241,Gestantes,83.06,95,381951,1,Atenção
2017,10,2017-10-01,Sul,PR,Curitiba,Poliomielite,100793,Gestantes,91.01,95,110751,2,Atenção
2017,10,2017-10-01,Sul,PR,Londrina,Hepatite B,147345,Adolescentes,78.14,80,188559,0,Atenção
2017,10,2017-10-01,Sul,SC,Florianópolis,Influenza,32011,Idosos,89.62,95,35720,1,Atenção
2017,10,2017-10-01,Sul,SC,Joinville,BCG,194465,Adolescentes,69.38,80,280292,1,Atenção
2017,10,2017-10-01,Sul,RS,Porto Alegre,BCG,62135,Gestantes,76.37,80,81366,0,Atenção
2017,10,2017-10-01,Sul,RS,Caxias do Sul,Poliomielite,331381,Adultos,99.8,95,332040,1,Adequado
2017,11,2017-11-01,Norte,AM,Manaus,Influenza,403485,Idosos,97.62,95,413303,1,Adequado
2017,11,2017-11-01,Norte,PA,Belém,COVID-19,204219,Adultos,73.87,95,276450,1,Crítico
2017,11,2017-11-01,Norte,PA,Santarém,BCG,238578,Crianças,61.66,80,386944,1,Crítico
2017,11,2017-11-01,Norte,RO,Porto Velho,BCG,376832,Idosos,79.07,80,476599,3,Atenção
2017,11,2017-11-01,Norte,TO,Palmas,COVID-19,120206,Crianças,92.76,95,129591,0,Atenção
2017,11,2017-11-01,Nordeste,BA,Salvador,Poliomielite,393207,Crianças,94.51,95,416070,0,Atenção
2017,11,2017-11-01,Nordeste,BA,Feira de Santana,BCG,375065,Adolescentes,94.18,95,398238,0,Atenção
2017,11,2017-11-01,Nordeste,PE,Recife,Influenza,233938,Adultos,96.0,80,243680,3,Adequado
2017,11,2017-11-01,Nordeste,PE,Jaboatão dos Guararapes,Influenza,190436,Gestantes,73.65,80,258557,0,Atenção
2017,11,2017-11-01,Nordeste,CE,Fortaleza,COVID-19,117596,Crianças,84.72,95,138812,3,Atenção
2017,11,2017-11-01,Nordeste,CE,Juazeiro do Norte,Influenza,74630,Crianças,80.74,80,92432,0,Adequado
2017,11,2017-11-01,Nordeste,MA,São Luís,Influenza,286543,Adolescentes,71.3,80,401889,1,Atenção
2017,11,2017-11-01,Nordeste,PB,João Pessoa,Hepatite B,340788,Idosos,79.27,95,429894,0,Crítico
2017,11,2017-11-01,Centro-Oeste,DF,Brasília,Tríplice Viral,205847,Adolescentes,92.25,95,223152,0,Atenção
2017,11,2017-11-01,Centro-Oeste,GO,Goiânia,Poliomielite,421602,Adolescentes,96.4,80,437332,1,Adequado
2017,11,2017-11-01,Centro-Oeste,GO,Aparecida de Goiânia,Poliomielite,267611,Gestantes,85.06,95,314600,0,Atenção
2017,11,2017-11-01,Centro-Oeste,MT,Cuiabá,Tríplice Viral,367020,Crianças,82.97,80,442357,0,Adequado
2017,11,2017-11-01,Centro-Oeste,MS,Campo Grande,Tríplice Viral,339026,Idosos,86.42,95,392278,1,Atenção
2017,11,2017-11-01,Sudeste,SP,São Paulo,Influenza,105052,Adultos,82.47,95,127384,0,Atenção
2017,11,2017-11-01,Sudeste,SP,Campinas,BCG,17394,Idosos,93.06,80,18691,3,Adequado
2017,11,2017-11-01,Sudeste,SP,Ribeirão Preto,COVID-19,119684,Adultos,100.0,80,119684,0,Adequado
2017,11,2017-11-01,Sudeste,RJ,Rio de Janeiro,Tríplice Viral,73746,Idosos,100.0,95,73746,1,Adequado
2017,11,2017-11-01,Sudeste,RJ,Niterói,Influenza,139679,Idosos,95.3,95,146564,0,Adequado
2017,11,2017-11-01,Sudeste,RJ,Nova Iguaçu,Influenza,95346,Adolescentes,80.65,95,118219,1,Atenção
2017,11,2017-11-01,Sudeste,RJ,Petrópolis,BCG,353682,Crianças,83.74,80,422344,3,Adequado
2017,11,2017-11-01,Sudeste,MG,Belo Horizonte,Tríplice Viral,202709,Adultos,86.87,95,233348,1,Atenção
2017,11,2017-11-01,Sudeste,MG,Uberlândia,BCG,261775,Gestantes,86.67,95,302035,1,Atenção
2017,11,2017-11-01,Sudeste,MG,Juiz de Fora,COVID-19,66448,Adolescentes,93.76,95,70874,3,Atenção
2017,11,2017-11-01,Sudeste,ES,Vitória,Poliomielite,467577,Adolescentes,100.0,95,467577,0,Adequado
2017,11,2017-11-01,Sudeste,ES,Vila Velha,Influenza,65994,Gestantes,69.01,95,95625,1,Crítico
2017,11,2017-11-01,Sudeste,ES,Serra,COVID-19,116200,Idosos,78.15,95,148692,3,Crítico
2017,11,2017-11-01,Sul,PR,Curitiba,BCG,104985,Adultos,70.49,95,148935,1,Crítico
2017,11,2017-11-01,Sul,PR,Londrina,Hepatite B,386367,Adultos,82.88,95,466167,1,Atenção
2017,11,2017-11-01,Sul,SC,Florianópolis,Tríplice Viral,74680,Crianças,74.61,80,100090,0,Atenção
2017,11,2017-11-01,Sul,SC,Joinville,COVID-19,240991,Idosos,85.7,95,281191,0,Atenção
2017,11,2017-11-01,Sul,RS,Porto Alegre,BCG,464516,Adolescentes,95.38,80,487004,1,Adequado
2017,11,2017-11-01,Sul,RS,Caxias do Sul,Influenza,244386,Adolescentes,85.09,80,287194,0,Adequado
2017,12,2017-12-01,Norte,AM,Manaus,Influenza,405267,Adolescentes,88.9,95,455863,1,Atenção
2017,12,2017-12-01,Norte,PA,Belém,Tríplice Viral,32481,Gestantes,96.3,95,33730,1,Adequado
2017,12,2017-12-01,Norte,PA,Santarém,COVID-19,169966,Adolescentes,75.03,95,226519,0,Crítico
2017,12,2017-12-01,Norte,RO,Porto Velho,Poliomielite,176961,Adolescentes,84.21,80,210145,2,Adequado
2017,12,2017-12-01,Norte,TO,Palmas,BCG,243276,Adultos,72.03,95,337723,0,Crítico
2017,12,2017-12-01,Nordeste,BA,Salvador,Poliomielite,213928,Gestantes,71.4,80,299625,0,Atenção
2017,12,2017-12-01,Nordeste,BA,Feira de Santana,COVID-19,311100,Adolescentes,84.42,80,368536,1,Adequado
2017,12,2017-12-01,Nordeste,PE,Recife,COVID-19,414741,Crianças,99.37,95,417368,0,Adequado
2017,12,2017-12-01,Nordeste,PE,Jaboatão dos Guararapes,Influenza,240771,Idosos,82.98,95,290143,2,Atenção
2017,12,2017-12-01,Nordeste,CE,Fortaleza,Poliomielite,148247,Adultos,84.93,95,174551,2,Atenção
2017,12,2017-12-01,Nordeste,CE,Juazeiro do Norte,Tríplice Viral,376437,Adolescentes,97.5,95,386080,3,Adequado
2017,12,2017-12-01,Nordeste,MA,São Luís,Influenza,134686,Crianças,87.88,80,153253,3,Adequado
2017,12,2017-12-01,Nordeste,PB,João Pessoa,BCG,22770,Gestantes,90.47,80,25170,0,Adequado
2017,12,2017-12-01,Centro-Oeste,DF,Brasília,Tríplice Viral,25674,Crianças,89.68,95,28630,1,Atenção
2017,12,2017-12-01,Centro-Oeste,GO,Goiânia,Hepatite B,210025,Gestantes,83.2,95,252440,2,Atenção
2017,12,2017-12-01,Centro-Oeste,GO,Aparecida de Goiânia,Tríplice Viral,426601,Idosos,100.0,95,426601,0,Adequado
2017,12,2017-12-01,Centro-Oeste,MT,Cuiabá,Hepatite B,430599,Adolescentes,90.75,95,474471,1,Atenção
2017,12,2017-12-01,Centro-Oeste,MS,Campo Grande,Tríplice Viral,59627,Adolescentes,72.74,80,81977,1,Atenção
2017,12,2017-12-01,Sudeste,SP,São Paulo,BCG,285501,Adolescentes,82.33,80,346777,1,Adequado
2017,12,2017-12-01,Sudeste,SP,Campinas,Hepatite B,248580,Gestantes,82.0,80,303158,1,Adequado
2017,12,2017-12-01,Sudeste,SP,Ribeirão Preto,Hepatite B,399661,Adultos,90.05,95,443843,2,Atenção
2017,12,2017-12-01,Sudeste,RJ,Rio de Janeiro,COVID-19,93677,Idosos,87.04,80,107621,2,Adequado
2017,12,2017-12-01,Sudeste,RJ,Niterói,COVID-19,36732,Adolescentes,71.0,95,51740,0,Crítico
2017,12,2017-12-01,Sudeste,RJ,Nova Iguaçu,BCG,161113,Idosos,85.77,95,187845,1,Atenção
2017,12,2017-12-01,Sudeste,RJ,Petrópolis,Influenza,72102,Idosos,80.97,80,89045,0,Adequado
2017,12,2017-12-01,Sudeste,MG,Belo Horizonte,Hepatite B,312423,Adolescentes,86.13,80,362721,0,Adequado
2017,12,2017-12-01,Sudeste,MG,Uberlândia,COVID-19,222315,Adultos,97.32,80,228435,1,Adequado
2017,12,2017-12-01,Sudeste,MG,Juiz de Fora,Influenza,371335,Gestantes,83.26,80,445983,1,Adequado
2017,12,2017-12-01,Sudeste,ES,Vitória,Influenza,298698,Crianças,90.08,95,331598,2,Atenção
2017,12,2017-12-01,Sudeste,ES,Vila Velha,Hepatite B,321339,Crianças,68.65,80,468098,1,Atenção
2017,12,2017-12-01,Sudeste,ES,Serra,COVID-19,118995,Adolescentes,76.13,80,156306,0,Atenção
2017,12,2017-12-01,Sul,PR,Curitiba,Tríplice Viral,226040,Idosos,80.07,80,282312,0,Adequado
2017,12,2017-12-01,Sul,PR,Londrina,Hepatite B,150319,Crianças,82.64,80,181899,1,Adequado
2017,12,2017-12-01,Sul,SC,Florianópolis,BCG,317544,Gestantes,82.14,95,386597,0,Atenção
2017,12,2017-12-01,Sul,SC,Joinville,BCG,77221,Adolescentes,62.78,95,123006,0,Crítico
2017,12,2017-12-01,Sul,RS,Porto Alegre,BCG,32776,Crianças,81.2,95,40367,1,Atenção
2017,12,2017-12-01,Sul,RS,Caxias do Sul,BCG,314410,Gestantes,70.77,95,444277,1,Crítico
2018,1,2018-01-01,Norte,AM,Manaus,Hepatite B,169310,Adolescentes,91.95,80,184123,1,Adequado
2018,1,2018-01-01,Norte,PA,Belém,Tríplice Viral,249616,Adolescentes,79.79,95,312829,0,Crítico
2018,1,2018-01-01,Norte,PA,Santarém,Tríplice Viral,85730,Crianças,87.3,80,98203,0,Adequado
2018,1,2018-01-01,Norte,RO,Porto Velho,Influenza,295507,Idosos,60.82,80,485874,1,Crítico
2018,1,2018-01-01,Norte,TO,Palmas,Influenza,301573,Adolescentes,92.17,80,327185,0,Adequado
2018,1,2018-01-01,Nordeste,BA,Salvador,COVID-19,29573,Idosos,57.64,95,51308,0,Crítico
2018,1,2018-01-01,Nordeste,BA,Feira de Santana,Influenza,215635,Adultos,80.42,95,268130,0,Atenção
2018,1,2018-01-01,Nordeste,PE,Recife,Poliomielite,159428,Adolescentes,65.56,80,243180,0,Atenção
2018,1,2018-01-01,Nordeste,PE,Jaboatão dos Guararapes,Poliomielite,391350,Adultos,81.74,80,478784,2,Adequado
2018,1,2018-01-01,Nordeste,CE,Fortaleza,BCG,78359,Adultos,83.35,80,94016,0,Adequado
2018,1,2018-01-01,Nordeste,CE,Juazeiro do Norte,Influenza,79199,Adultos,86.82,95,91223,3,Atenção
2018,1,2018-01-01,Nordeste,MA,São Luís,COVID-19,285334,Idosos,95.56,95,298587,2,Adequado
2018,1,2018-01-01,Nordeste,PB,João Pessoa,Influenza,61333,Idosos,83.53,95,73429,2,Atenção
2018,1,2018-01-01,Centro-Oeste,DF,Brasília,Influenza,393002,Idosos,79.74,80,492860,0,Atenção
2018,1,2018-01-01,Centro-Oeste,GO,Goiânia,Poliomielite,70347,Adolescentes,72.81,80,96622,0,Atenção
2018,1,2018-01-01,Centro-Oeste,GO,Aparecida de Goiânia,COVID-19,95512,Adultos,68.09,80,140278,0,Atenção
2018,1,2018-01-01,Centro-Oeste,MT,Cuiabá,Influenza,318793,Idosos,98.79,95,322684,0,Adequado
2018,1,2018-01-01,Centro-Oeste,MS,Campo Grande,Hepatite B,362798,Adultos,82.9,80,437613,2,Adequado
2018,1,2018-01-01,Sudeste,SP,São Paulo,Hepatite B,265455,Idosos,63.13,80,420481,1,Crítico
2018,1,2018-01-01,Sudeste,SP,Campinas,BCG,321851,Idosos,80.79,95,398401,3,Atenção
2018,1,2018-01-01,Sudeste,SP,Ribeirão Preto,BCG,105696,Adolescentes,96.93,95,109042,4,Adequado
2018,1,2018-01-01,Sudeste,RJ,Rio de Janeiro,Poliomielite,262516,Crianças,86.8,80,302451,0,Adequado
2018,1,2018-01-01,Sudeste,RJ,Niterói,BCG,174213,Crianças,70.83,95,245973,3,Crítico
2018,1,2018-01-01,Sudeste,RJ,Nova Iguaçu,BCG,148406,Idosos,79.35,95,187036,0,Crítico
2018,1,2018-01-01,Sudeste,RJ,Petrópolis,Hepatite B,366372,Gestantes,86.74,95,422398,1,Atenção
2018,1,2018-01-01,Sudeste,MG,Belo Horizonte,Hepatite B,384062,Crianças,95.2,95,403431,0,Adequado
2018,1,2018-01-01,Sudeste,MG,Uberlândia,Hepatite B,144940,Gestantes,74.41,95,194789,2,Crítico
2018,1,2018-01-01,Sudeste,MG,Juiz de Fora,Tríplice Viral,87506,Gestantes,88.94,80,98388,2,Adequado
2018,1,2018-01-01,Sudeste,ES,Vitória,BCG,296102,Idosos,75.96,95,389838,2,Crítico
2018,1,2018-01-01,Sudeste,ES,Vila Velha,BCG,394068,Adolescentes,84.24,95,467812,0,Atenção
2018,1,2018-01-01,Sudeste,ES,Serra,COVID-19,251332,Adultos,100.0,95,251332,2,Adequado
2018,1,2018-01-01,Sul,PR,Curitiba,Poliomielite,314731,Adultos,89.06,95,353375,0,Atenção
2018,1,2018-01-01,Sul,PR,Londrina,Poliomielite,36683,Crianças,77.87,95,47111,0,Crítico
2018,1,2018-01-01,Sul,SC,Florianópolis,Tríplice Viral,26380,Idosos,85.28,95,30934,0,Atenção
2018,1,2018-01-01,Sul,SC,Joinville,Influenza,402663,Idosos,82.48,95,488199,1,Atenção
2018,1,2018-01-01,Sul,RS,Porto Alegre,Poliomielite,245075,Adultos,92.99,95,263560,1,Atenção
2018,1,2018-01-01,Sul,RS,Caxias do Sul,BCG,161320,Idosos,88.87,80,181526,1,Adequado
2018,2,2018-02-01,Norte,AM,Manaus,COVID-19,349011,Adolescentes,78.72,95,443350,2,Crítico
2018,2,2018-02-01,Norte,PA,Belém,BCG,188679,Idosos,88.79,95,212504,2,Atenção
2018,2,2018-02-01,Norte,PA,Santarém,Tríplice Viral,19525,Gestantes,91.91,95,21244,0,Atenção
2018,2,2018-02-01,Norte,RO,Porto Velho,Influenza,106571,Adultos,82.87,80,128594,1,Adequado
2018,2,2018-02-01,Norte,TO,Palmas,Hepatite B,228921,Crianças,85.63,80,267340,2,Adequado
2018,2,2018-02-01,Nordeste,BA,Salvador,BCG,245918,Adolescentes,82.53,95,297959,0,Atenção
2018,2,2018-02-01,Nordeste,BA,Feira de Santana,Poliomielite,11034,Adolescentes,78.14,95,14121,2,Crítico
2018,2,2018-02-01,Nordeste,PE,Recife,COVID-19,395915,Idosos,80.92,95,489260,0,Atenção
2018,2,2018-02-01,Nordeste,PE,Jaboatão dos Guararapes,Influenza,303377,Crianças,81.06,95,374258,0,Atenção
2018,2,2018-02-01,Nordeste,CE,Fortaleza,COVID-19,378028,Crianças,89.59,95,421940,0,Atenção
2018,2,2018-02-01,Nordeste,CE,Juazeiro do Norte,Hepatite B,85895,Adultos,97.17,95,88399,0,Adequado
2018,2,2018-02-01,Nordeste,MA,São Luís,Influenza,194390,Crianças,82.81,95,234740,0,Atenção
2018,2,2018-02-01,Nordeste,PB,João Pessoa,Hepatite B,235217,Adolescentes,87.15,95,269891,0,Atenção
2018,2,2018-02-01,Centro-Oeste,DF,Brasília,BCG,49568,Adultos,84.32,80,58789,0,Adequado
2018,2,2018-02-01,Centro-Oeste,GO,Goiânia,COVID-19,261485,Adolescentes,72.6,80,360180,1,Atenção
2018,2,2018-02-01,Centro-Oeste,GO,Aparecida de Goiânia,Poliomielite,210005,Adultos,93.65,95,224247,1,Atenção
2018,2,2018-02-01,Centro-Oeste,MT,Cuiabá,BCG,219475,Idosos,91.31,95,240375,0,Atenção
2018,2,2018-02-01,Centro-Oeste,MS,Campo Grande,Tríplice Viral,357113,Adolescentes,74.19,80,481350,0,Atenção
2018,2,2018-02-01,Sudeste,SP,São Paulo,BCG,243595,Adultos,81.21,95,299970,0,Atenção
2018,2,2018-02-01,Sudeste,SP,Campinas,BCG,363572,Gestantes,86.01,80,422709,1,Adequado
2018,2,2018-02-01,Sudeste,SP,Ribeirão Preto,Influenza,265157,Crianças,74.27,95,357040,0,Crítico
2018,2,2018-02-01,Sudeste,RJ,Rio de Janeiro,BCG,49324,Adultos,71.75,95,68743,2,Crítico
2018,2,2018-02-01,Sudeste,RJ,Niterói,Influenza,319400,Idosos,78.58,80,406461,1,Atenção
2018,2,2018-02-01,Sudeste,RJ,Nova Iguaçu,Poliomielite,183876,Idosos,85.51,95,215046,2,Atenção
2018,2,2018-02-01,Sudeste,RJ,Petrópolis,Poliomielite,421029,Idosos,92.28,95,456233,1,Atenção
2018,2,2018-02-01,Sudeste,MG,Belo Horizonte,Hepatite B,361875,Adultos,82.78,80,437143,0,Adequado
2018,2,2018-02-01,Sudeste,MG,Uberlândia,COVID-19,68083,Adultos,64.71,80,105212,2,Crítico
2018,2,2018-02-01,Sudeste,MG,Juiz de Fora,BCG,391110,Crianças,78.31,80,499454,1,Atenção
2018,2,2018-02-01,Sudeste,ES,Vitória,COVID-19,264168,Idosos,85.76,80,308036,1,Adequado
2018,2,2018-02-01,Sudeste,ES,Vila Velha,Poliomielite,190413,Adolescentes,63.57,95,299533,3,Crítico
2018,2,2018-02-01,Sudeste,ES,Serra,COVID-19,64837,Adolescentes,75.19,80,86235,0,Atenção
2018,2,2018-02-01,Sul,PR,Curitiba,Tríplice Viral,436173,Idosos,88.05,95,495355,1,Atenção
2018,2,2018-02-01,Sul,PR,Londrina,Poliomielite,174460,Idosos,82.86,80,210539,1,Adequado
2018,2,2018-02-01,Sul,SC,Florianópolis,Influenza,247424,Adolescentes,81.46,95,303731,1,Atenção
2018,2,2018-02-01,Sul,SC,Joinville,Tríplice Viral,371799,Crianças,89.85,95,413810,0,Atenção
2018,2,2018-02-01,Sul,RS,Porto Alegre,Hepatite B,358670,Crianças,82.06,95,437072,2,Atenção
2018,2,2018-02-01,Sul,RS,Caxias do Sul,Poliomielite,379321,Crianças,86.23,80,439910,2,Adequado
2018,3,2018-03-01,Norte,AM,Manaus,Tríplice Viral,378284,Gestantes,85.44,80,442737,2,Adequado
2018,3,2018-03-01,Norte,PA,Belém,COVID-19,368785,Adultos,91.52,80,402958,2,Adequado
2018,3,2018-03-01,Norte,PA,Santarém,Influenza,234915,Adolescentes,100.0,80,234915,1,Adequado
2018,3,2018-03-01,Norte,RO,Porto Velho,Tríplice Viral,22715,Idosos,85.37,95,26607,0,Atenção
2018,3,2018-03-01,Norte,TO,Palmas,BCG,460454,Adultos,94.04,95,489637,0,Atenção
2018,3,2018-03-01,Nordeste,BA,Salvador,BCG,433980,Adolescentes,100.0,80,433980,1,Adequado
2018,3,2018-03-01,Nordeste,BA,Feira de Santana,Hepatite B,211552,Gestantes,91.21,95,231937,1,Atenção
2018,3,2018-03-01,Nordeste,PE,Recife,Poliomielite,181233,Gestantes,77.85,95,232793,0,Crítico
2018,3,2018-03-01,Nordeste,PE,Jaboatão dos Guararapes,BCG,172351,Adolescentes,68.91,80,250127,1,Atenção
2018,3,2018-03-01,Nordeste,CE,Fortaleza,Poliomielite,68271,Crianças,73.34,95,93091,2,Crítico
2018,3,2018-03-01,Nordeste,CE,Juazeiro do Norte,Influenza,39007,Adolescentes,82.25,80,47426,2,Adequado
2018,3,2018-03-01,Nordeste,MA,São Luís,COVID-19,401241,Adolescentes,85.2,95,470963,0,Atenção
2018,3,2018-03-01,Nordeste,PB,João Pessoa,Tríplice Viral,332553,Adultos,86.5,80,384448,1,Adequado
2018,3,2018-03-01,Centro-Oeste,DF,Brasília,Poliomielite,89865,Gestantes,94.81,80,94787,1,Adequado
2018,3,2018-03-01,Centro-Oeste,GO,Goiânia,Tríplice Viral,195047,Crianças,97.15,95,200774,0,Adequado
2018,3,2018-03-01,Centro-Oeste,GO,Aparecida de Goiânia,Influenza,289418,Idosos,90.93,95,318281,2,Atenção
2018,3,2018-03-01,Centro-Oeste,MT,Cuiabá,COVID-19,177287,Adultos,71.39,80,248339,1,Atenção
2018,3,2018-03-01,Centro-Oeste,MS,Campo Grande,Poliomielite,266773,Crianças,76.24,95,349934,0,Crítico
2018,3,2018-03-01,Sudeste,SP,São Paulo,Hepatite B,150986,Gestantes,81.3,80,185707,1,Adequado
2018,3,2018-03-01,Sudeste,SP,Campinas,COVID-19,123738,Crianças,91.17,95,135726,1,Atenção
2018,3,2018-03-01,Sudeste,SP,Ribeirão Preto,Poliomielite,316255,Idosos,81.55,80,387805,0,Adequado
2018,3,2018-03-01,Sudeste,RJ,Rio de Janeiro,Influenza,167916,Idosos,89.68,95,187247,0,Atenção
2018,3,2018-03-01,Sudeste,RJ,Niterói,Influenza,417686,Adolescentes,84.24,95,495843,0,Atenção
2018,3,2018-03-01,Sudeste,RJ,Nova Iguaçu,Tríplice Viral,423777,Gestantes,96.09,80,441019,4,Adequado
2018,3,2018-03-01,Sudeste,RJ,Petrópolis,Influenza,345662,Idosos,69.48,95,497489,0,Crítico
2018,3,2018-03-01,Sudeste,MG,Belo Horizonte,BCG,129702,Gestantes,95.31,95,136083,1,Adequado
2018,3,2018-03-01,Sudeste,MG,Uberlândia,COVID-19,96147,Gestantes,71.16,80,135117,1,Atenção
2018,3,2018-03-01,Sudeste,MG,Juiz de Fora,COVID-19,9619,Crianças,76.14,80,12635,1,Atenção
2018,3,2018-03-01,Sudeste,ES,Vitória,Tríplice Viral,90524,Adultos,78.78,95,114906,1,Crítico
2018,3,2018-03-01,Sudeste,ES,Vila Velha,Hepatite B,151827,Adultos,100.0,95,151827,2,Adequado
2018,3,2018-03-01,Sudeste,ES,Serra,Hepatite B,217756,Adultos,65.86,95,330630,0,Crítico
2018,3,2018-03-01,Sul,PR,Curitiba,Poliomielite,286363,Adolescentes,80.48,80,355830,1,Adequado
2018,3,2018-03-01,Sul,PR,Londrina,Poliomielite,245332,Adultos,89.78,80,273268,0,Adequado
2018,3,2018-03-01,Sul,SC,Florianópolis,Hepatite B,262260,Crianças,92.76,80,282717,2,Adequado
2018,3,2018-03-01,Sul,SC,Joinville,Poliomielite,65581,Adolescentes,97.89,95,66998,1,Adequado
2018,3,2018-03-01,Sul,RS,Porto Alegre,Tríplice Viral,269594,Idosos,100.0,95,269594,0,Adequado
2018,3,2018-03-01,Sul,RS,Caxias do Sul,BCG,305789,Adolescentes,70.91,80,431238,1,Atenção
2018,4,2018-04-01,Norte,AM,Manaus,Influenza,171164,Crianças,86.4,95,198118,2,Atenção
2018,4,2018-04-01,Norte,PA,Belém,Tríplice Viral,173837,Adolescentes,97.53,80,178234,0,Adequado
2018,4,2018-04-01,Norte,PA,Santarém,Poliomielite,132709,Gestantes,91.13,80,145626,0,Adequado
2018,4,2018-04-01,Norte,RO,Porto Velho,Hepatite B,165380,Adolescentes,65.79,95,251385,2,Crítico
2018,4,2018-04-01,Norte,TO,Palmas,Influenza,123463,Gestantes,60.75,95,203235,1,Crítico
2018,4,2018-04-01,Nordeste,BA,Salvador,Hepatite B,435146,Gestantes,87.29,95,498489,1,Atenção
2018,4,2018-04-01,Nordeste,BA,Feira de Santana,Hepatite B,143933,Adultos,79.25,95,181623,2,Crítico
2018,4,2018-04-01,Nordeste,PE,Recife,Influenza,258122,Adolescentes,90.94,80,283853,0,Adequado
2018,4,2018-04-01,Nordeste,PE,Jaboatão dos Guararapes,Tríplice Viral,77501,Idosos,79.26,95,97779,0,Crítico
2018,4,2018-04-01,Nordeste,CE,Fortaleza,BCG,27317,Adultos,83.44,80,32740,0,Adequado
2018,4,2018-04-01,Nordeste,CE,Juazeiro do Norte,Hepatite B,127725,Adultos,92.62,80,137906,2,Adequado
2018,4,2018-04-01,Nordeste,MA,São Luís,Poliomielite,124352,Idosos,86.15,80,144346,2,Adequado
2018,4,2018-04-01,Nordeste,PB,João Pessoa,Influenza,32551,Gestantes,97.43,80,33409,0,Adequado
2018,4,2018-04-01,Centro-Oeste,DF,Brasília,COVID-19,17565,Gestantes,74.19,95,23675,2,Crítico
2018,4,2018-04-01,Centro-Oeste,GO,Goiânia,COVID-19,176792,Crianças,89.21,95,198177,0,Atenção
2018,4,2018-04-01,Centro-Oeste,GO,Aparecida de Goiânia,BCG,293879,Idosos,81.88,95,358925,0,Atenção
2018,4,2018-04-01,Centro-Oeste,MT,Cuiabá,Tríplice Viral,96912,Idosos,90.53,95,107046,1,Atenção
2018,4,2018-04-01,Centro-Oeste,MS,Campo Grande,Hepatite B,248188,Gestantes,79.42,80,312518,0,Atenção
2018,4,2018-04-01,Sudeste,SP,São Paulo,Poliomielite,192714,Adultos,84.48,95,228116,0,Atenção
2018,4,2018-04-01,Sudeste,SP,Campinas,Poliomielite,286324,Adultos,83.44,80,343137,0,Adequado
2018,4,2018-04-01,Sudeste,SP,Ribeirão Preto,BCG,204280,Crianças,89.58,95,228036,0,Atenção
2018,4,2018-04-01,Sudeste,RJ,Rio de Janeiro,Poliomielite,185719,Crianças,100.0,95,185719,0,Adequado
2018,4,2018-04-01,Sudeste,RJ,Niterói,BCG,311881,Adultos,91.26,95,341768,3,Atenção
2018,4,2018-04-01,Sudeste,RJ,Nova Iguaçu,Influenza,350173,Adultos,80.82,95,433291,2,Atenção
2018,4,2018-04-01,Sudeste,RJ,Petrópolis,Tríplice Viral,133356,Adultos,80.13,80,166427,1,Adequado
2018,4,2018-04-01,Sudeste,MG,Belo Horizonte,Tríplice Viral,20166,Adolescentes,73.29,80,27515,1,Atenção
2018,4,2018-04-01,Sudeste,MG,Uberlândia,COVID-19,67907,Gestantes,96.78,95,70169,1,Adequado
2018,4,2018-04-01,Sudeste,MG,Juiz de Fora,Tríplice Viral,279961,Gestantes,76.42,95,366354,1,Crítico
2018,4,2018-04-01,Sudeste,ES,Vitória,Poliomielite,257712,Gestantes,80.59,95,319789,0,Atenção
2018,4,2018-04-01,Sudeste,ES,Vila Velha,COVID-19,254489,Crianças,80.64,80,315580,2,Adequado
2018,4,2018-04-01,Sudeste,ES,Serra,Hepatite B,205730,Gestantes,94.89,95,216798,2,Atenção
2018,4,2018-04-01,Sul,PR,Curitiba,Hepatite B,100335,Crianças,97.34,95,103080,0,Adequado
2018,4,2018-04-01,Sul,PR,Londrina,Poliomielite,151832,Gestantes,80.8,95,187922,0,Atenção
2018,4,2018-04-01,Sul,SC,Florianópolis,Poliomielite,240710,Adolescentes,83.1,95,289661,1,Atenção
2018,4,2018-04-01,Sul,SC,Joinville,BCG,40997,Adolescentes,94.5,95,43385,2,Atenção
2018,4,2018-04-01,Sul,RS,Porto Alegre,Hepatite B,55784,Crianças,78.62,95,70953,2,Crítico
2018,4,2018-04-01,Sul,RS,Caxias do Sul,COVID-19,32352,Gestantes,91.22,95,35468,1,Atenção
2018,5,2018-05-01,Norte,AM,Manaus,Tríplice Viral,98290,Gestantes,77.14,95,127413,0,Crítico
2018,5,2018-05-01,Norte,PA,Belém,Influenza,195208,Adultos,72.22,95,270297,1,Crítico
2018,5,2018-05-01,Norte,PA,Santarém,Hepatite B,213239,Adolescentes,81.85,95,260517,1,Atenção
2018,5,2018-05-01,Norte,RO,Porto Velho,Hepatite B,31039,Adolescentes,79.73,80,38930,0,Atenção
2018,5,2018-05-01,Norte,TO,Palmas,Hepatite B,64504,Gestantes,82.73,95,77973,3,Atenção
2018,5,2018-05-01,Nordeste,BA,Salvador,Influenza,208812,Crianças,73.02,80,285976,0,Atenção
2018,5,2018-05-01,Nordeste,BA,Feira de Santana,Hepatite B,160954,Adolescentes,67.02,95,240152,2,Crítico
2018,5,2018-05-01,Nordeste,PE,Recife,Poliomielite,77030,Adolescentes,72.09,80,106858,2,Atenção
2018,5,2018-05-01,Nordeste,PE,Jaboatão dos Guararapes,BCG,15281,Adolescentes,88.29,95,17309,0,Atenção
2018,5,2018-05-01,Nordeste,CE,Fortaleza,Hepatite B,127286,Crianças,87.04,95,146246,2,Atenção
2018,5,2018-05-01,Nordeste,CE,Juazeiro do Norte,Poliomielite,79962,Idosos,94.24,95,84849,0,Atenção
2018,5,2018-05-01,Nordeste,MA,São Luís,Influenza,97519,Gestantes,74.4,80,131080,0,Atenção
2018,5,2018-05-01,Nordeste,PB,João Pessoa,Poliomielite,373572,Crianças,100.0,95,373572,0,Adequado
2018,5,2018-05-01,Centro-Oeste,DF,Brasília,Tríplice Viral,396670,Crianças,83.29,95,476265,0,Atenção
2018,5,2018-05-01,Centro-Oeste,GO,Goiânia,COVID-19,359207,Idosos,92.11,95,389993,2,Atenção
2018,5,2018-05-01,Centro-Oeste,GO,Aparecida de Goiânia,Poliomielite,336606,Adolescentes,87.96,95,382699,1,Atenção
2018,5,2018-05-01,Centro-Oeste,MT,Cuiabá,Poliomielite,50264,Crianças,82.23,80,61129,0,Adequado
2018,5,2018-05-01,Centro-Oeste,MS,Campo Grande,BCG,29797,Gestantes,80.26,80,37127,2,Adequado
2018,5,2018-05-01,Sudeste,SP,São Paulo,Poliomielite,331161,Gestantes,81.92,80,404227,2,Adequado
2018,5,2018-05-01,Sudeste,SP,Campinas,COVID-19,22589,Adolescentes,98.37,80,22965,1,Adequado
2018,5,2018-05-01,Sudeste,SP,Ribeirão Preto,Hepatite B,190808,Gestantes,81.39,95,234441,2,Atenção
2018,5,2018-05-01,Sudeste,RJ,Rio de Janeiro,BCG,217279,Crianças,77.8,95,279292,3,Crítico
2018,5,2018-05-01,Sudeste,RJ,Niterói,COVID-19,298372,Gestantes,62.33,95,478676,1,Crítico
2018,5,2018-05-01,Sudeste,RJ,Nova Iguaçu,Hepatite B,264953,Adultos,87.26,95,303627,0,Atenção
2018,5,2018-05-01,Sudeste,RJ,Petrópolis,Hepatite B,311390,Gestantes,79.83,95,390084,2,Crítico
2018,5,2018-05-01,Sudeste,MG,Belo Horizonte,Poliomielite,123685,Crianças,74.63,95,165742,3,Crítico
2018,5,2018-05-01,Sudeste,MG,Uberlândia,Influenza,163960,Idosos,79.79,95,205492,1,Crítico
2018,5,2018-05-01,Sudeste,MG,Juiz de Fora,COVID-19,378139,Adultos,85.12,95,444229,0,Atenção
2018,5,2018-05-01,Sudeste,ES,Vitória,Hepatite B,252125,Gestantes,76.43,80,329879,1,Atenção
2018,5,2018-05-01,Sudeste,ES,Vila Velha,Influenza,290326,Idosos,80.11,95,362422,0,Atenção
2018,5,2018-05-01,Sudeste,ES,Serra,Hepatite B,93517,Adolescentes,73.96,95,126439,1,Crítico
2018,5,2018-05-01,Sul,PR,Curitiba,BCG,344449,Idosos,80.97,95,425397,0,Atenção
2018,5,2018-05-01,Sul,PR,Londrina,Hepatite B,144221,Idosos,84.51,95,170666,2,Atenção
2018,5,2018-05-01,Sul,SC,Florianópolis,Poliomielite,235483,Idosos,77.38,95,304313,1,Crítico
2018,5,2018-05-01,Sul,SC,Joinville,Tríplice Viral,427971,Adolescentes,95.11,80,449956,4,Adequado
2018,5,2018-05-01,Sul,RS,Porto Alegre,Influenza,432823,Crianças,86.73,80,499022,0,Adequado
2018,5,2018-05-01,Sul,RS,Caxias do Sul,BCG,415881,Adolescentes,88.83,80,468194,2,Adequado
2018,6,2018-06-01,Norte,AM,Manaus,Poliomielite,35634,Adultos,71.69,95,49703,1,Crítico
2018,6,2018-06-01,Norte,PA,Belém,Hepatite B,384926,Gestantes,94.64,95,406732,1,Atenção
2018,6,2018-06-01,Norte,PA,Santarém,Hepatite B,275916,Crianças,99.82,95,276411,1,Adequado
2018,6,2018-06-01,Norte,RO,Porto Velho,BCG,162363,Gestantes,83.03,95,195553,3,Atenção
2018,6,2018-06-01,Norte,TO,Palmas,Hepatite B,247658,Gestantes,86.97,95,284750,2,Atenção
2018,6,2018-06-01,Nordeste,BA,Salvador,Tríplice Viral,248996,Adolescentes,79.14,80,314617,0,Atenção
2018,6,2018-06-01,Nordeste,BA,Feira de Santana,Influenza,69229,Crianças,88.75,95,78003,2,Atenção
2018,6,2018-06-01,Nordeste,PE,Recife,BCG,153022,Crianças,89.73,80,170546,1,Adequado
2018,6,2018-06-01,Nordeste,PE,Jaboatão dos Guararapes,COVID-19,247382,Adultos,73.57,95,336233,1,Crítico
2018,6,2018-06-01,Nordeste,CE,Fortaleza,Hepatite B,307088,Gestantes,93.62,95,328026,0,Atenção
2018,6,2018-06-01,Nordeste,CE,Juazeiro do Norte,COVID-19,211730,Gestantes,76.59,80,276431,4,Atenção
2018,6,2018-06-01,Nordeste,MA,São Luís,Poliomielite,117738,Crianças,83.3,95,141341,3,Atenção
2018,6,2018-06-01,Nordeste,PB,João Pessoa,Tríplice Viral,88894,Adolescentes,80.58,95,110321,2,Atenção
2018,6,2018-06-01,Centro-Oeste,DF,Brasília,Poliomielite,81555,Gestantes,76.25,95,106951,2,Crítico
2018,6,2018-06-01,Centro-Oeste,GO,Goiânia,BCG,308725,Idosos,72.49,95,425884,2,Crítico
2018,6,2018-06-01,Centro-Oeste,GO,Aparecida de Goiânia,Tríplice Viral,203676,Idosos,86.0,95,236827,1,Atenção
2018,6,2018-06-01,Centro-Oeste,MT,Cuiabá,BCG,261243,Gestantes,86.82,80,300895,0,Adequado
2018,6,2018-06-01,Centro-Oeste,MS,Campo Grande,BCG,107791,Gestantes,88.95,95,121176,0,Atenção
2018,6,2018-06-01,Sudeste,SP,São Paulo,Hepatite B,321883,Idosos,74.86,95,429965,1,Crítico
2018,6,2018-06-01,Sudeste,SP,Campinas,BCG,22299,Crianças,89.94,95,24794,2,Atenção
2018,6,2018-06-01,Sudeste,SP,Ribeirão Preto,COVID-19,261915,Adultos,88.2,80,296942,0,Adequado
2018,6,2018-06-01,Sudeste,RJ,Rio de Janeiro,Hepatite B,232289,Idosos,99.84,95,232657,3,Adequado
2018,6,2018-06-01,Sudeste,RJ,Niterói,COVID-19,139516,Adolescentes,76.3,95,182863,1,Crítico
2018,6,2018-06-01,Sudeste,RJ,Nova Iguaçu,Poliomielite,21536,Adolescentes,81.23,80,26513,0,Adequado
2018,6,2018-06-01,Sudeste,RJ,Petrópolis,Tríplice Viral,365230,Gestantes,89.84,80,406515,1,Adequado
2018,6,2018-06-01,Sudeste,MG,Belo Horizonte,Hepatite B,282570,Adultos,85.62,80,330047,0,Adequado
2018,6,2018-06-01,Sudeste,MG,Uberlândia,BCG,242710,Adolescentes,62.73,80,386910,0,Crítico
2018,6,2018-06-01,Sudeste,MG,Juiz de Fora,COVID-19,389011,Gestantes,100.0,95,389011,1,Adequado
2018,6,2018-06-01,Sudeste,ES,Vitória,Hepatite B,153335,Gestantes,77.9,80,196833,2,Atenção
2018,6,2018-06-01,Sudeste,ES,Vila Velha,Poliomielite,305592,Adolescentes,79.44,95,384700,3,Crítico
2018,6,2018-06-01,Sudeste,ES,Serra,Influenza,310332,Gestantes,77.35,95,401182,1,Crítico
2018,6,2018-06-01,Sul,PR,Curitiba,Hepatite B,418308,Crianças,95.87,95,436332,1,Adequado
2018,6,2018-06-01,Sul,PR,Londrina,BCG,21773,Adolescentes,80.64,80,27000,2,Adequado
2018,6,2018-06-01,Sul,SC,Florianópolis,BCG,74467,Adultos,100.0,95,74467,1,Adequado
2018,6,2018-06-01,Sul,SC,Joinville,Tríplice Viral,214063,Idosos,74.56,80,287114,0,Atenção
2018,6,2018-06-01,Sul,RS,Porto Alegre,BCG,231638,Idosos,71.8,80,322636,1,Atenção
2018,6,2018-06-01,Sul,RS,Caxias do Sul,Tríplice Viral,45424,Crianças,87.26,95,52057,1,Atenção
2018,7,2018-07-01,Norte,AM,Manaus,Influenza,72842,Crianças,76.54,95,95164,1,Crítico
2018,7,2018-07-01,Norte,PA,Belém,COVID-19,37171,Adultos,91.09,95,40808,0,Atenção
2018,7,2018-07-01,Norte,PA,Santarém,Influenza,160513,Adolescentes,86.82,80,184877,1,Adequado
2018,7,2018-07-01,Norte,RO,Porto Velho,COVID-19,65110,Gestantes,79.28,80,82126,0,Atenção
2018,7,2018-07-01,Norte,TO,Palmas,Influenza,60753,Adolescentes,64.97,95,93508,1,Crítico
2018,7,2018-07-01,Nordeste,BA,Salvador,Tríplice Viral,112851,Adolescentes,66.66,80,169286,0,Atenção
2018,7,2018-07-01,Nordeste,BA,Feira de Santana,Tríplice Viral,349824,Idosos,90.63,80,385987,1,Adequado
2018,7,2018-07-01,Nordeste,PE,Recife,Tríplice Viral,261764,Gestantes,73.25,95,357375,2,Crítico
2018,7,2018-07-01,Nordeste,PE,Jaboatão dos Guararapes,Tríplice Viral,185253,Crianças,81.86,95,226300,3,Atenção
2018,7,2018-07-01,Nordeste,CE,Fortaleza,Poliomielite,305992,Gestantes,83.11,80,368171,0,Adequado
2018,7,2018-07-01,Nordeste,CE,Juazeiro do Norte,Tríplice Viral,22611,Crianças,88.83,95,25454,2,Atenção
2018,7,2018-07-01,Nordeste,MA,São Luís,Hepatite B,228748,Crianças,83.16,95,275066,2,Atenção
2018,7,2018-07-01,Nordeste,PB,João Pessoa,Poliomielite,137616,Adultos,90.94,80,151327,0,Adequado
2018,7,2018-07-01,Centro-Oeste,DF,Brasília,COVID-19,139264,Adultos,100.0,95,139264,1,Adequado
2018,7,2018-07-01,Centro-Oeste,GO,Goiânia,Poliomielite,119990,Crianças,63.41,80,189230,2,Crítico
2018,7,2018-07-01,Centro-Oeste,GO,Aparecida de Goiânia,Influenza,254680,Idosos,80.09,95,318012,0,Atenção
2018,7,2018-07-01,Centro-Oeste,MT,Cuiabá,Poliomielite,28619,Crianças,92.18,80,31047,0,Adequado
2018,7,2018-07-01,Centro-Oeste,MS,Campo Grande,Poliomielite,93545,Adolescentes,95.57,80,97882,1,Adequado
2018,7,2018-07-01,Sudeste,SP,São Paulo,Poliomielite,203959,Idosos,100.0,80,203959,1,Adequado
2018,7,2018-07-01,Sudeste,SP,Campinas,Poliomielite,420251,Gestantes,100.0,95,420251,3,Adequado
2018,7,2018-07-01,Sudeste,SP,Ribeirão Preto,Hepatite B,235597,Idosos,90.63,80,259959,1,Adequado
2018,7,2018-07-01,Sudeste,RJ,Rio de Janeiro,Influenza,408538,Idosos,100.0,80,408538,1,Adequado
2018,7,2018-07-01,Sudeste,RJ,Niterói,COVID-19,187256,Gestantes,83.56,80,224097,0,Adequado
2018,7,2018-07-01,Sudeste,RJ,Nova Iguaçu,Poliomielite,237788,Adultos,75.71,95,314087,2,Crítico
2018,7,2018-07-01,Sudeste,RJ,Petrópolis,Influenza,99946,Adolescentes,82.92,95,120535,1,Atenção
2018,7,2018-07-01,Sudeste,MG,Belo Horizonte,COVID-19,363232,Gestantes,87.01,80,417450,0,Adequado
2018,7,2018-07-01,Sudeste,MG,Uberlândia,Hepatite B,297804,Gestantes,85.94,80,346526,0,Adequado
2018,7,2018-07-01,Sudeste,MG,Juiz de Fora,Influenza,351496,Adultos,80.37,80,437333,2,Adequado
2018,7,2018-07-01,Sudeste,ES,Vitória,Poliomielite,248016,Gestantes,80.1,95,309630,0,Atenção
2018,7,2018-07-01,Sudeste,ES,Vila Velha,Poliomielite,112709,Crianças,92.61,95,121700,2,Atenção
2018,7,2018-07-01,Sudeste,ES,Serra,Tríplice Viral,120320,Adolescentes,87.9,95,136891,3,Atenção
2018,7,2018-07-01,Sul,PR,Curitiba,Tríplice Viral,322264,Gestantes,81.35,95,396150,1,Atenção
2018,7,2018-07-01,Sul,PR,Londrina,BCG,360997,Idosos,80.74,95,447123,0,Atenção
2018,7,2018-07-01,Sul,SC,Florianópolis,Influenza,350127,Crianças,91.1,80,384344,2,Adequado
2018,7,2018-07-01,Sul,SC,Joinville,BCG,374209,Gestantes,86.5,80,432615,3,Adequado
2018,7,2018-07-01,Sul,RS,Porto Alegre,Influenza,387228,Adolescentes,91.17,95,424740,2,Atenção
2018,7,2018-07-01,Sul,RS,Caxias do Sul,Poliomielite,13138,Adolescentes,94.67,80,13879,1,Adequado
2018,8,2018-08-01,Norte,AM,Manaus,BCG,271912,Adolescentes,65.72,95,413757,3,Crítico
2018,8,2018-08-01,Norte,PA,Belém,Poliomielite,87186,Crianças,84.13,80,103637,0,Adequado
2018,8,2018-08-01,Norte,PA,Santarém,BCG,374032,Crianças,87.21,95,428888,2,Atenção
2018,8,2018-08-01,Norte,RO,Porto Velho,Hepatite B,170059,Adolescentes,78.2,80,217460,0,Atenção
2018,8,2018-08-01,Norte,TO,Palmas,COVID-19,259814,Crianças,91.98,80,282470,0,Adequado
2018,8,2018-08-01,Nordeste,BA,Salvador,Hepatite B,164651,Adultos,57.87,95,284510,0,Crítico
2018,8,2018-08-01,Nordeste,BA,Feira de Santana,Poliomielite,238372,Adultos,83.68,80,284868,0,Adequado
2018,8,2018-08-01,Nordeste,PE,Recife,Poliomielite,245610,Gestantes,87.99,95,279120,0,Atenção
2018,8,2018-08-01,Nordeste,PE,Jaboatão dos Guararapes,BCG,296695,Gestantes,71.58,80,414486,0,Atenção
2018,8,2018-08-01,Nordeste,CE,Fortaleza,Influenza,163762,Crianças,87.2,80,187794,0,Adequado
2018,8,2018-08-01,Nordeste,CE,Juazeiro do Norte,Tríplice Viral,340139,Idosos,100.0,95,340139,1,Adequado
2018,8,2018-08-01,Nordeste,MA,São Luís,COVID-19,74868,Gestantes,72.04,95,103925,1,Crítico
2018,8,2018-08-01,Nordeste,PB,João Pessoa,Poliomielite,257947,Idosos,100.0,95,257947,2,Adequado
2018,8,2018-08-01,Centro-Oeste,DF,Brasília,Influenza,461079,Gestantes,97.43,95,473254,0,Adequado
2018,8,2018-08-01,Centro-Oeste,GO,Goiânia,COVID-19,54818,Idosos,94.11,95,58247,2,Atenção
2018,8,2018-08-01,Centro-Oeste,GO,Aparecida de Goiânia,BCG,153405,Gestantes,82.39,80,186199,0,Adequado
2018,8,2018-08-01,Centro-Oeste,MT,Cuiabá,BCG,434775,Crianças,89.78,80,484273,1,Adequado
2018,8,2018-08-01,Centro-Oeste,MS,Campo Grande,Tríplice Viral,42614,Adultos,73.02,80,58363,0,Atenção
2018,8,2018-08-01,Sudeste,SP,São Paulo,Influenza,176583,Gestantes,80.23,95,220105,1,Atenção
2018,8,2018-08-01,Sudeste,SP,Campinas,Hepatite B,88874,Adultos,67.45,95,131769,3,Crítico
2018,8,2018-08-01,Sudeste,SP,Ribeirão Preto,Hepatite B,202402,Gestantes,100.0,80,202402,1,Adequado
2018,8,2018-08-01,Sudeste,RJ,Rio de Janeiro,Influenza,344577,Adultos,69.97,95,492457,1,Crítico
2018,8,2018-08-01,Sudeste,RJ,Niterói,Tríplice Viral,340788,Gestantes,88.69,80,384243,3,Adequado
2018,8,2018-08-01,Sudeste,RJ,Nova Iguaçu,Hepatite B,173746,Adultos,74.35,95,233678,2,Crítico
2018,8,2018-08-01,Sudeste,RJ,Petrópolis,COVID-19,162788,Adolescentes,84.56,80,192509,2,Adequado
2018,8,2018-08-01,Sudeste,MG,Belo Horizonte,Poliomielite,106616,Crianças,90.86,80,117342,2,Adequado
2018,8,2018-08-01,Sudeste,MG,Uberlândia,COVID-19,74932,Gestantes,77.05,80,97246,1,Atenção
2018,8,2018-08-01,Sudeste,MG,Juiz de Fora,Tríplice Viral,24136,Gestantes,81.27,95,29698,0,Atenção
2018,8,2018-08-01,Sudeste,ES,Vitória,Poliomielite,378921,Idosos,81.06,80,467443,1,Adequado
2018,8,2018-08-01,Sudeste,ES,Vila Velha,Poliomielite,63421,Adolescentes,71.59,95,88594,0,Crítico
2018,8,2018-08-01,Sudeste,ES,Serra,Hepatite B,289140,Adolescentes,77.41,95,373517,1,Crítico
2018,8,2018-08-01,Sul,PR,Curitiba,Tríplice Viral,409229,Adolescentes,95.22,95,429773,1,Adequado
2018,8,2018-08-01,Sul,PR,Londrina,Influenza,35357,Idosos,84.24,80,41971,1,Adequado
2018,8,2018-08-01,Sul,SC,Florianópolis,Tríplice Viral,214319,Adultos,92.4,95,231957,2,Atenção
2018,8,2018-08-01,Sul,SC,Joinville,BCG,200255,Adolescentes,81.82,80,244765,1,Adequado
2018,8,2018-08-01,Sul,RS,Porto Alegre,Hepatite B,195802,Gestantes,91.72,80,213480,3,Adequado
2018,8,2018-08-01,Sul,RS,Caxias do Sul,COVID-19,20732,Adolescentes,81.61,80,25404,1,Adequado
2018,9,2018-09-01,Norte,AM,Manaus,Hepatite B,241512,Idosos,82.52,80,292654,0,Adequado
2018,9,2018-09-01,Norte,PA,Belém,BCG,314365,Gestantes,89.2,80,352411,0,Adequado
2018,9,2018-09-01,Norte,PA,Santarém,BCG,122008,Adolescentes,99.47,95,122656,0,Adequado
2018,9,2018-09-01,Norte,RO,Porto Velho,Poliomielite,196163,Idosos,75.45,95,259987,0,Crítico
2018,9,2018-09-01,Norte,TO,Palmas,Tríplice Viral,378553,Adolescentes,100.0,80,378553,0,Adequado
2018,9,2018-09-01,Nordeste,BA,Salvador,Influenza,123546,Adultos,92.65,80,133345,0,Adequado
2018,9,2018-09-01,Nordeste,BA,Feira de Santana,Poliomielite,411342,Adolescentes,100.0,95,411342,1,Adequado
2018,9,2018-09-01,Nordeste,PE,Recife,Poliomielite,231980,Crianças,72.75,95,318891,0,Crítico
2018,9,2018-09-01,Nordeste,PE,Jaboatão dos Guararapes,Tríplice Viral,292547,Gestantes,99.25,95,294764,0,Adequado
2018,9,2018-09-01,Nordeste,CE,Fortaleza,Influenza,311339,Adolescentes,86.3,95,360781,0,Atenção
2018,9,2018-09-01,Nordeste,CE,Juazeiro do Norte,Tríplice Viral,246829,Crianças,68.38,95,360961,0,Crítico
2018,9,2018-09-01,Nordeste,MA,São Luís,Influenza,302200,Crianças,93.99,95,321525,0,Atenção
2018,9,2018-09-01,Nordeste,PB,João Pessoa,BCG,243664,Idosos,100.0,80,243664,1,Adequado
2018,9,2018-09-01,Centro-Oeste,DF,Brasília,Hepatite B,181549,Gestantes,77.36,95,234671,1,Crítico
2018,9,2018-09-01,Centro-Oeste,GO,Goiânia,Poliomielite,221196,Crianças,100.0,95,221196,0,Adequado
2018,9,2018-09-01,Centro-Oeste,GO,Aparecida de Goiânia,Influenza,23229,Crianças,83.1,80,27955,0,Adequado
2018,9,2018-09-01,Centro-Oeste,MT,Cuiabá,Influenza,63034,Crianças,92.45,80,68181,1,Adequado
2018,9,2018-09-01,Centro-Oeste,MS,Campo Grande,Influenza,279770,Adolescentes,73.32,95,381581,3,Crítico
2018,9,2018-09-01,Sudeste,SP,São Paulo,Poliomielite,273297,Crianças,72.35,80,377761,3,Atenção
2018,9,2018-09-01,Sudeste,SP,Campinas,Influenza,87451,Idosos,74.8,95,116921,2,Crítico
2018,9,2018-09-01,Sudeste,SP,Ribeirão Preto,Poliomielite,242494,Gestantes,96.29,80,251831,1,Adequado
2018,9,2018-09-01,Sudeste,RJ,Rio de Janeiro,Hepatite B,11792,Gestantes,92.7,80,12722,0,Adequado
2018,9,2018-09-01,Sudeste,RJ,Niterói,Hepatite B,172305,Idosos,73.15,80,235558,2,Atenção
2018,9,2018-09-01,Sudeste,RJ,Nova Iguaçu,Influenza,76300,Adolescentes,91.02,95,83828,0,Atenção
2018,9,2018-09-01,Sudeste,RJ,Petrópolis,Tríplice Viral,396691,Adolescentes,96.27,95,412074,4,Adequado
2018,9,2018-09-01,Sudeste,MG,Belo Horizonte,BCG,138512,Crianças,87.54,95,158230,2,Atenção
2018,9,2018-09-01,Sudeste,MG,Uberlândia,Hepatite B,274963,Adultos,90.17,95,304947,1,Atenção
2018,9,2018-09-01,Sudeste,MG,Juiz de Fora,COVID-19,494030,Crianças,100.0,95,494030,1,Adequado
2018,9,2018-09-01,Sudeste,ES,Vitória,BCG,222818,Idosos,89.25,95,249644,2,Atenção
2018,9,2018-09-01,Sudeste,ES,Vila Velha,Influenza,65629,Crianças,86.37,95,75988,0,Atenção
2018,9,2018-09-01,Sudeste,ES,Serra,BCG,404688,Crianças,82.2,95,492333,3,Atenção
2018,9,2018-09-01,Sul,PR,Curitiba,Hepatite B,213471,Crianças,81.13,80,263129,0,Adequado
2018,9,2018-09-01,Sul,PR,Londrina,Tríplice Viral,91164,Crianças,75.25,80,121156,2,Atenção
2018,9,2018-09-01,Sul,SC,Florianópolis,COVID-19,455760,Idosos,91.88,80,496013,0,Adequado
2018,9,2018-09-01,Sul,SC,Joinville,Influenza,30105,Adultos,100.0,95,30105,1,Adequado
2018,9,2018-09-01,Sul,RS,Porto Alegre,Influenza,88541,Crianças,92.3,80,95925,1,Adequado
2018,9,2018-09-01,Sul,RS,Caxias do Sul,Tríplice Viral,46988,Gestantes,80.58,95,58317,2,Atenção
2018,10,2018-10-01,Norte,AM,Manaus,BCG,92171,Idosos,77.01,95,119688,0,Crítico
2018,10,2018-10-01,Norte,PA,Belém,Tríplice Viral,104098,Adultos,75.28,80,138289,1,Atenção
2018,10,2018-10-01,Norte,PA,Santarém,Hepatite B,109834,Gestantes,89.95,95,122110,0,Atenção
2018,10,2018-10-01,Norte,RO,Porto Velho,BCG,438659,Crianças,90.92,80,482488,1,Adequado
2018,10,2018-10-01,Norte,TO,Palmas,BCG,379581,Crianças,78.3,95,484780,2,Crítico
2018,10,2018-10-01,Nordeste,BA,Salvador,Hepatite B,430737,Crianças,100.0,95,430737,2,Adequado
2018,10,2018-10-01,Nordeste,BA,Feira de Santana,Hepatite B,246950,Idosos,89.62,95,275559,1,Atenção
2018,10,2018-10-01,Nordeste,PE,Recife,BCG,82437,Adultos,91.06,95,90527,0,Atenção
2018,10,2018-10-01,Nordeste,PE,Jaboatão dos Guararapes,COVID-19,354544,Gestantes,97.04,95,365359,2,Adequado
2018,10,2018-10-01,Nordeste,CE,Fortaleza,Poliomielite,336475,Adolescentes,97.24,95,346030,0,Adequado
2018,10,2018-10-01,Nordeste,CE,Juazeiro do Norte,Tríplice Viral,258436,Crianças,65.48,95,394695,1,Crítico
2018,10,2018-10-01,Nordeste,MA,São Luís,Influenza,336416,Adultos,70.63,95,476334,1,Crítico
2018,10,2018-10-01,Nordeste,PB,João Pessoa,Influenza,350178,Idosos,71.43,95,490243,3,Crítico
2018,10,2018-10-01,Centro-Oeste,DF,Brasília,Poliomielite,36247,Idosos,79.55,95,45566,1,Crítico
2018,10,2018-10-01,Centro-Oeste,GO,Goiânia,Tríplice Viral,158379,Gestantes,83.05,95,190714,2,Atenção
2018,10,2018-10-01,Centro-Oeste,GO,Aparecida de Goiânia,Hepatite B,304705,Adolescentes,80.77,80,377269,0,Adequado
2018,10,2018-10-01,Centro-Oeste,MT,Cuiabá,BCG,20559,Adolescentes,90.23,95,22786,2,Atenção
2018,10,2018-10-01,Centro-Oeste,MS,Campo Grande,BCG,232630,Adolescentes,75.59,80,307737,3,Atenção
2018,10,2018-10-01,Sudeste,SP,São Paulo,COVID-19,321912,Gestantes,65.4,95,492218,1,Crítico
2018,10,2018-10-01,Sudeste,SP,Campinas,Hepatite B,422131,Adolescentes,86.96,95,485422,0,Atenção
2018,10,2018-10-01,Sudeste,SP,Ribeirão Preto,Influenza,99198,Gestantes,65.93,95,150470,2,Crítico
2018,10,2018-10-01,Sudeste,RJ,Rio de Janeiro,COVID-19,284801,Adolescentes,78.85,95,361203,1,Crítico
2018,10,2018-10-01,Sudeste,RJ,Niterói,Poliomielite,335474,Crianças,89.02,95,376837,0,Atenção
2018,10,2018-10-01,Sudeste,RJ,Nova Iguaçu,Hepatite B,191893,Idosos,81.76,95,234706,1,Atenção
2018,10,2018-10-01,Sudeste,RJ,Petrópolis,Influenza,184631,Gestantes,93.01,80,198510,0,Adequado
2018,10,2018-10-01,Sudeste,MG,Belo Horizonte,Influenza,205834,Adultos,76.86,95,267814,2,Crítico
2018,10,2018-10-01,Sudeste,MG,Uberlândia,COVID-19,480282,Gestantes,100.0,95,480282,2,Adequado
2018,10,2018-10-01,Sudeste,MG,Juiz de Fora,COVID-19,139743,Gestantes,87.69,95,159358,1,Atenção
2018,10,2018-10-01,Sudeste,ES,Vitória,Tríplice Viral,335879,Adultos,72.92,95,460607,0,Crítico
2018,10,2018-10-01,Sudeste,ES,Vila Velha,Influenza,41631,Adultos,100.0,95,41631,1,Adequado
2018,10,2018-10-01,Sudeste,ES,Serra,COVID-19,316234,Adolescentes,95.12,80,332456,2,Adequado
2018,10,2018-10-01,Sul,PR,Curitiba,Influenza,19155,Gestantes,85.62,95,22372,1,Atenção
2018,10,2018-10-01,Sul,PR,Londrina,COVID-19,346584,Gestantes,77.81,95,445416,4,Crítico
2018,10,2018-10-01,Sul,SC,Florianópolis,Poliomielite,391926,Crianças,80.39,95,487540,0,Atenção
2018,10,2018-10-01,Sul,SC,Joinville,Influenza,136775,Adolescentes,77.53,95,176408,1,Crítico
2018,10,2018-10-01,Sul,RS,Porto Alegre,Influenza,28043,Crianças,76.21,80,36796,1,Atenção
2018,10,2018-10-01,Sul,RS,Caxias do Sul,Influenza,290520,Idosos,88.83,95,327050,2,Atenção
2018,11,2018-11-01,Norte,AM,Manaus,COVID-19,27581,Adultos,100.0,80,27581,1,Adequado
2018,11,2018-11-01,Norte,PA,Belém,Poliomielite,179060,Adolescentes,81.47,95,219781,0,Atenção
2018,11,2018-11-01,Norte,PA,Santarém,BCG,337180,Idosos,94.02,95,358635,0,Atenção
2018,11,2018-11-01,Norte,RO,Porto Velho,Poliomielite,342148,Gestantes,83.01,95,412171,0,Atenção
2018,11,2018-11-01,Norte,TO,Palmas,Influenza,52053,Adolescentes,93.21,95,55848,0,Atenção
2018,11,2018-11-01,Nordeste,BA,Salvador,BCG,278510,Crianças,65.6,95,424552,0,Crítico
2018,11,2018-11-01,Nordeste,BA,Feira de Santana,COVID-19,222128,Adolescentes,82.03,95,270782,2,Atenção
2018,11,2018-11-01,Nordeste,PE,Recife,Influenza,337950,Idosos,90.28,80,374327,1,Adequado
2018,11,2018-11-01,Nordeste,PE,Jaboatão dos Guararapes,Tríplice Viral,148743,Adultos,86.17,95,172612,1,Atenção
2018,11,2018-11-01,Nordeste,CE,Fortaleza,Poliomielite,396945,Gestantes,86.0,95,461589,1,Atenção
2018,11,2018-11-01,Nordeste,CE,Juazeiro do Norte,Hepatite B,99652,Adultos,74.84,95,133147,1,Crítico
2018,11,2018-11-01,Nordeste,MA,São Luís,Poliomielite,317916,Adolescentes,71.57,95,444182,0,Crítico
2018,11,2018-11-01,Nordeste,PB,João Pessoa,Hepatite B,97993,Adultos,83.94,95,116748,1,Atenção
2018,11,2018-11-01,Centro-Oeste,DF,Brasília,BCG,131355,Adolescentes,77.41,95,169697,3,Crítico
2018,11,2018-11-01,Centro-Oeste,GO,Goiânia,Influenza,350517,Idosos,88.35,95,396755,0,Atenção
2018,11,2018-11-01,Centro-Oeste,GO,Aparecida de Goiânia,Tríplice Viral,261871,Gestantes,98.35,95,266252,0,Adequado
2018,11,2018-11-01,Centro-Oeste,MT,Cuiabá,Tríplice Viral,87005,Adultos,75.2,95,115706,2,Crítico
2018,11,2018-11-01,Centro-Oeste,MS,Campo Grande,BCG,241877,Idosos,79.51,95,304221,0,Crítico
2018,11,2018-11-01,Sudeste,SP,São Paulo,COVID-19,334247,Crianças,91.43,80,365597,3,Adequado
2018,11,2018-11-01,Sudeste,SP,Campinas,Poliomielite,336927,Adolescentes,73.9,80,455915,0,Atenção
2018,11,2018-11-01,Sudeste,SP,Ribeirão Preto,Hepatite B,91004,Adultos,67.23,80,135359,0,Atenção
2018,11,2018-11-01,Sudeste,RJ,Rio de Janeiro,COVID-19,373984,Idosos,84.52,80,442461,0,Adequado
2018,11,2018-11-01,Sudeste,RJ,Niterói,Hepatite B,85602,Idosos,71.97,80,118948,0,Atenção
2018,11,2018-11-01,Sudeste,RJ,Nova Iguaçu,Influenza,157054,Gestantes,70.97,95,221304,0,Crítico
2018,11,2018-11-01,Sudeste,RJ,Petrópolis,Poliomielite,67414,Idosos,83.04,95,81182,1,Atenção
2018,11,2018-11-01,Sudeste,MG,Belo Horizonte,Poliomielite,16969,Idosos,93.98,95,18056,0,Atenção
2018,11,2018-11-01,Sudeste,MG,Uberlândia,Influenza,259650,Gestantes,84.78,95,306259,4,Atenção
2018,11,2018-11-01,Sudeste,MG,Juiz de Fora,Poliomielite,9720,Adolescentes,93.81,95,10362,0,Atenção
2018,11,2018-11-01,Sudeste,ES,Vitória,COVID-19,193463,Crianças,77.26,80,250395,1,Atenção
2018,11,2018-11-01,Sudeste,ES,Vila Velha,COVID-19,178521,Idosos,83.71,80,213272,1,Adequado
2018,11,2018-11-01,Sudeste,ES,Serra,Hepatite B,33806,Crianças,78.98,95,42806,0,Crítico
2018,11,2018-11-01,Sul,PR,Curitiba,COVID-19,494915,Idosos,99.85,80,495638,0,Adequado
2018,11,2018-11-01,Sul,PR,Londrina,Poliomielite,47747,Crianças,79.44,95,60106,1,Crítico
2018,11,2018-11-01,Sul,SC,Florianópolis,BCG,42832,Adolescentes,82.91,95,51662,0,Atenção
2018,11,2018-11-01,Sul,SC,Joinville,BCG,355566,Idosos,79.47,95,447417,0,Crítico
2018,11,2018-11-01,Sul,RS,Porto Alegre,COVID-19,346385,Idosos,76.35,95,453676,1,Crítico
2018,11,2018-11-01,Sul,RS,Caxias do Sul,BCG,312345,Gestantes,84.21,95,370917,3,Atenção
2018,12,2018-12-01,Norte,AM,Manaus,Influenza,172538,Idosos,75.8,95,227614,0,Crítico
2018,12,2018-12-01,Norte,PA,Belém,Tríplice Viral,15967,Gestantes,69.25,95,23057,1,Crítico
2018,12,2018-12-01,Norte,PA,Santarém,Poliomielite,84771,Gestantes,81.17,95,104435,0,Atenção
2018,12,2018-12-01,Norte,RO,Porto Velho,COVID-19,402440,Gestantes,88.44,80,455020,1,Adequado
2018,12,2018-12-01,Norte,TO,Palmas,Poliomielite,211355,Gestantes,99.45,95,212519,1,Adequado
2018,12,2018-12-01,Nordeste,BA,Salvador,Poliomielite,138135,Adolescentes,82.33,95,167785,1,Atenção
2018,12,2018-12-01,Nordeste,BA,Feira de Santana,Tríplice Viral,431103,Crianças,93.34,80,461876,0,Adequado
2018,12,2018-12-01,Nordeste,PE,Recife,Influenza,151948,Adolescentes,100.0,95,151948,1,Adequado
2018,12,2018-12-01,Nordeste,PE,Jaboatão dos Guararapes,COVID-19,182358,Gestantes,85.62,95,212982,1,Atenção
2018,12,2018-12-01,Nordeste,CE,Fortaleza,Poliomielite,15392,Adolescentes,100.0,95,15392,0,Adequado
2018,12,2018-12-01,Nordeste,CE,Juazeiro do Norte,Hepatite B,293947,Crianças,81.43,80,360974,0,Adequado
2018,12,2018-12-01,Nordeste,MA,São Luís,Tríplice Viral,439686,Gestantes,100.0,80,439686,2,Adequado
2018,12,2018-12-01,Nordeste,PB,João Pessoa,Tríplice Viral,307870,Adolescentes,79.51,95,387193,1,Crítico
2018,12,2018-12-01,Centro-Oeste,DF,Brasília,Tríplice Viral,226847,Adolescentes,87.53,80,259179,0,Adequado
2018,12,2018-12-01,Centro-Oeste,GO,Goiânia,Poliomielite,105866,Adolescentes,72.37,95,146283,1,Crítico
2018,12,2018-12-01,Centro-Oeste,GO,Aparecida de Goiânia,BCG,390143,Adolescentes,100.0,95,390143,1,Adequado
2018,12,2018-12-01,Centro-Oeste,MT,Cuiabá,Tríplice Viral,302366,Adolescentes,71.08,80,425401,1,Atenção
2018,12,2018-12-01,Centro-Oeste,MS,Campo Grande,BCG,16702,Gestantes,75.1,95,22241,2,Crítico
2018,12,2018-12-01,Sudeste,SP,São Paulo,Tríplice Viral,316459,Adultos,85.59,95,369744,1,Atenção
2018,12,2018-12-01,Sudeste,SP,Campinas,BCG,204417,Adultos,83.14,95,245883,0,Atenção
2018,12,2018-12-01,Sudeste,SP,Ribeirão Preto,Tríplice Viral,384732,Idosos,87.02,80,442110,1,Adequado
2018,12,2018-12-01,Sudeste,RJ,Rio de Janeiro,Hepatite B,312351,Adultos,64.06,80,487624,0,Crítico
2018,12,2018-12-01,Sudeste,RJ,Niterói,Hepatite B,272468,Gestantes,73.07,95,372899,1,Crítico
2018,12,2018-12-01,Sudeste,RJ,Nova Iguaçu,BCG,212247,Idosos,78.27,95,271171,2,Crítico
2018,12,2018-12-01,Sudeste,RJ,Petrópolis,Poliomielite,228267,Idosos,100.0,95,228267,0,Adequado
2018,12,2018-12-01,Sudeste,MG,Belo Horizonte,Poliomielite,100492,Idosos,74.33,80,135191,0,Atenção
2018,12,2018-12-01,Sudeste,MG,Uberlândia,Poliomielite,153591,Crianças,87.09,80,176353,1,Adequado
2018,12,2018-12-01,Sudeste,MG,Juiz de Fora,BCG,415455,Adolescentes,93.99,95,442017,1,Atenção
2018,12,2018-12-01,Sudeste,ES,Vitória,BCG,351113,Adolescentes,85.08,95,412697,0,Atenção
2018,12,2018-12-01,Sudeste,ES,Vila Velha,Hepatite B,70812,Crianças,100.0,80,70812,0,Adequado
2018,12,2018-12-01,Sudeste,ES,Serra,Poliomielite,21082,Adultos,95.48,95,22082,2,Adequado
2018,12,2018-12-01,Sul,PR,Curitiba,Poliomielite,375243,Crianças,95.84,80,391514,0,Adequado
2018,12,2018-12-01,Sul,PR,Londrina,Poliomielite,24627,Adultos,85.35,95,28853,0,Atenção
2018,12,2018-12-01,Sul,SC,Florianópolis,Hepatite B,298023,Idosos,74.56,80,399687,6,Atenção
2018,12,2018-12-01,Sul,SC,Joinville,BCG,307397,Crianças,75.73,80,405928,2,Atenção
2018,12,2018-12-01,Sul,RS,Porto Alegre,Tríplice Viral,110106,Adultos,81.99,95,134295,0,Atenção
2018,12,2018-12-01,Sul,RS,Caxias do Sul,BCG,317318,Adultos,89.6,95,354169,1,Atenção
2019,1,2019-01-01,Norte,AM,Manaus,BCG,232893,Adolescentes,70.04,80,332522,2,Atenção
2019,1,2019-01-01,Norte,PA,Belém,Poliomielite,397335,Adolescentes,85.01,95,467416,0,Atenção
2019,1,2019-01-01,Norte,PA,Santarém,Poliomielite,44569,Idosos,96.45,95,46209,1,Adequado
2019,1,2019-01-01,Norte,RO,Porto Velho,Influenza,386609,Adolescentes,94.15,95,410619,2,Atenção
2019,1,2019-01-01,Norte,TO,Palmas,Tríplice Viral,122978,Gestantes,79.77,95,154172,2,Crítico
2019,1,2019-01-01,Nordeste,BA,Salvador,Hepatite B,195995,Adultos,70.61,95,277565,0,Crítico
2019,1,2019-01-01,Nordeste,BA,Feira de Santana,Influenza,118661,Idosos,73.74,95,160922,0,Crítico
2019,1,2019-01-01,Nordeste,PE,Recife,Influenza,343600,Crianças,97.05,80,354045,0,Adequado
2019,1,2019-01-01,Nordeste,PE,Jaboatão dos Guararapes,Poliomielite,50119,Adolescentes,78.77,95,63629,2,Crítico
2019,1,2019-01-01,Nordeste,CE,Fortaleza,Influenza,178941,Crianças,78.76,95,227197,2,Crítico
2019,1,2019-01-01,Nordeste,CE,Juazeiro do Norte,Poliomielite,150020,Adolescentes,75.02,80,199964,0,Atenção
2019,1,2019-01-01,Nordeste,MA,São Luís,BCG,136837,Adolescentes,82.68,95,165499,2,Atenção
2019,1,2019-01-01,Nordeste,PB,João Pessoa,Poliomielite,375672,Adolescentes,90.79,95,413759,0,Atenção
2019,1,2019-01-01,Centro-Oeste,DF,Brasília,COVID-19,182627,Adolescentes,80.51,80,226844,2,Adequado
2019,1,2019-01-01,Centro-Oeste,GO,Goiânia,Poliomielite,110094,Gestantes,94.74,95,116211,1,Atenção
2019,1,2019-01-01,Centro-Oeste,GO,Aparecida de Goiânia,COVID-19,61867,Adultos,74.29,95,83280,1,Crítico
2019,1,2019-01-01,Centro-Oeste,MT,Cuiabá,Tríplice Viral,184335,Idosos,98.22,80,187678,1,Adequado
2019,1,2019-01-01,Centro-Oeste,MS,Campo Grande,Tríplice Viral,131023,Adolescentes,86.27,95,151878,0,Atenção
2019,1,2019-01-01,Sudeste,SP,São Paulo,Poliomielite,208332,Idosos,100.0,80,208332,0,Adequado
2019,1,2019-01-01,Sudeste,SP,Campinas,Poliomielite,51922,Gestantes,83.2,95,62410,1,Atenção
2019,1,2019-01-01,Sudeste,SP,Ribeirão Preto,Hepatite B,388544,Gestantes,91.69,95,423772,1,Atenção
2019,1,2019-01-01,Sudeste,RJ,Rio de Janeiro,Hepatite B,318736,Gestantes,90.55,95,351994,0,Atenção
2019,1,2019-01-01,Sudeste,RJ,Niterói,COVID-19,70904,Crianças,80.92,95,87619,0,Atenção
2019,1,2019-01-01,Sudeste,RJ,Nova Iguaçu,Poliomielite,263091,Gestantes,89.31,95,294588,0,Atenção
2019,1,2019-01-01,Sudeste,RJ,Petrópolis,Poliomielite,238118,Gestantes,81.95,80,290576,1,Adequado
2019,1,2019-01-01,Sudeste,MG,Belo Horizonte,Poliomielite,191962,Adolescentes,71.58,95,268187,0,Crítico
2019,1,2019-01-01,Sudeste,MG,Uberlândia,BCG,313844,Adolescentes,93.04,95,337326,1,Atenção
2019,1,2019-01-01,Sudeste,MG,Juiz de Fora,Hepatite B,391284,Adultos,90.2,95,433794,1,Atenção
2019,1,2019-01-01,Sudeste,ES,Vitória,Poliomielite,223554,Idosos,72.99,80,306284,1,Atenção
2019,1,2019-01-01,Sudeste,ES,Vila Velha,Poliomielite,362635,Adultos,87.55,95,414216,0,Atenção
2019,1,2019-01-01,Sudeste,ES,Serra,Tríplice Viral,259851,Idosos,83.5,95,311199,0,Atenção
2019,1,2019-01-01,Sul,PR,Curitiba,BCG,212594,Adolescentes,80.37,80,264526,2,Adequado
2019,1,2019-01-01,Sul,PR,Londrina,Influenza,353283,Gestantes,74.88,95,471786,0,Crítico
2019,1,2019-01-01,Sul,SC,Florianópolis,Tríplice Viral,49236,Adultos,87.69,95,56149,0,Atenção
2019,1,2019-01-01,Sul,SC,Joinville,Tríplice Viral,115982,Adultos,93.48,80,124072,0,Adequado
2019,1,2019-01-01,Sul,RS,Porto Alegre,Hepatite B,199442,Adultos,92.02,80,216733,1,Adequado
2019,1,2019-01-01,Sul,RS,Caxias do Sul,COVID-19,275090,Gestantes,87.01,80,316168,0,Adequado
2019,2,2019-02-01,Norte,AM,Manaus,COVID-19,55303,Idosos,85.13,80,64960,0,Adequado
2019,2,2019-02-01,Norte,PA,Belém,Tríplice Viral,64740,Adultos,84.5,95,76615,1,Atenção
2019,2,2019-02-01,Norte,PA,Santarém,Hepatite B,175525,Crianças,96.59,95,181724,1,Adequado
2019,2,2019-02-01,Norte,RO,Porto Velho,Poliomielite,237678,Idosos,81.05,95,293251,2,Atenção
2019,2,2019-02-01,Norte,TO,Palmas,Influenza,368575,Adolescentes,95.24,95,387012,2,Adequado
2019,2,2019-02-01,Nordeste,BA,Salvador,BCG,139252,Adolescentes,95.3,95,146125,3,Adequado
2019,2,2019-02-01,Nordeste,BA,Feira de Santana,BCG,441226,Adolescentes,98.35,95,448649,3,Adequado
2019,2,2019-02-01,Nordeste,PE,Recife,Influenza,362497,Idosos,87.01,80,416616,2,Adequado
2019,2,2019-02-01,Nordeste,PE,Jaboatão dos Guararapes,BCG,65401,Gestantes,92.96,80,70355,0,Adequado
2019,2,2019-02-01,Nordeste,CE,Fortaleza,COVID-19,314562,Crianças,87.09,95,361173,0,Atenção
2019,2,2019-02-01,Nordeste,CE,Juazeiro do Norte,Tríplice Viral,38946,Adolescentes,100.0,95,38946,2,Adequado
2019,2,2019-02-01,Nordeste,MA,São Luís,Tríplice Viral,243830,Gestantes,88.03,95,276989,1,Atenção
2019,2,2019-02-01,Nordeste,PB,João Pessoa,Tríplice Viral,347733,Gestantes,86.42,95,402359,1,Atenção
2019,2,2019-02-01,Centro-Oeste,DF,Brasília,Hepatite B,254570,Gestantes,65.27,95,390026,2,Crítico
2019,2,2019-02-01,Centro-Oeste,GO,Goiânia,COVID-19,71160,Gestantes,62.52,95,113815,1,Crítico
2019,2,2019-02-01,Centro-Oeste,GO,Aparecida de Goiânia,COVID-19,11824,Adolescentes,67.29,95,17572,1,Crítico
2019,2,2019-02-01,Centro-Oeste,MT,Cuiabá,Tríplice Viral,231354,Adolescentes,81.61,80,283492,1,Adequado
2019,2,2019-02-01,Centro-Oeste,MS,Campo Grande,Poliomielite,304916,Crianças,71.39,95,427090,2,Crítico
2019,2,2019-02-01,Sudeste,SP,São Paulo,COVID-19,17583,Crianças,89.99,80,19539,2,Adequado
2019,2,2019-02-01,Sudeste,SP,Campinas,Hepatite B,289865,Crianças,86.67,80,334437,2,Adequado
2019,2,2019-02-01,Sudeste,SP,Ribeirão Preto,Influenza,142950,Adolescentes,72.06,80,198382,2,Atenção
2019,2,2019-02-01,Sudeste,RJ,Rio de Janeiro,Hepatite B,149411,Adultos,73.48,95,203343,0,Crítico
2019,2,2019-02-01,Sudeste,RJ,Niterói,Hepatite B,346130,Gestantes,81.6,80,424172,2,Adequado
2019,2,2019-02-01,Sudeste,RJ,Nova Iguaçu,Poliomielite,50737,Idosos,83.11,80,61049,2,Adequado
2019,2,2019-02-01,Sudeste,RJ,Petrópolis,Hepatite B,124654,Idosos,75.25,95,165655,0,Crítico
2019,2,2019-02-01,Sudeste,MG,Belo Horizonte,COVID-19,19819,Idosos,61.4,95,32281,0,Crítico
2019,2,2019-02-01,Sudeste,MG,Uberlândia,Poliomielite,268569,Adolescentes,79.1,95,339548,1,Crítico
2019,2,2019-02-01,Sudeste,MG,Juiz de Fora,Tríplice Viral,289166,Adultos,90.45,95,319700,1,Atenção
2019,2,2019-02-01,Sudeste,ES,Vitória,COVID-19,319236,Adolescentes,99.12,80,322066,1,Adequado
2019,2,2019-02-01,Sudeste,ES,Vila Velha,Influenza,135920,Gestantes,86.32,95,157460,0,Atenção
2019,2,2019-02-01,Sudeste,ES,Serra,Hepatite B,241047,Adolescentes,89.1,80,270533,0,Adequado
2019,2,2019-02-01,Sul,PR,Curitiba,BCG,89136,Adultos,83.55,95,106690,2,Atenção
2019,2,2019-02-01,Sul,PR,Londrina,Tríplice Viral,375688,Idosos,100.0,80,375688,2,Adequado
2019,2,2019-02-01,Sul,SC,Florianópolis,COVID-19,166097,Gestantes,80.91,95,205291,1,Atenção
2019,2,2019-02-01,Sul,SC,Joinville,Influenza,354978,Idosos,99.0,95,358578,0,Adequado
2019,2,2019-02-01,Sul,RS,Porto Alegre,Poliomielite,180993,Crianças,77.91,95,232300,2,Crítico
2019,2,2019-02-01,Sul,RS,Caxias do Sul,Poliomielite,254388,Adultos,88.57,80,287206,1,Adequado
2019,3,2019-03-01,Norte,AM,Manaus,COVID-19,197291,Adultos,79.18,80,249180,1,Atenção
2019,3,2019-03-01,Norte,PA,Belém,Poliomielite,348071,Adultos,73.37,95,474415,1,Crítico
2019,3,2019-03-01,Norte,PA,Santarém,BCG,204946,Adolescentes,73.37,95,279342,0,Crítico
2019,3,2019-03-01,Norte,RO,Porto Velho,BCG,69739,Idosos,74.02,95,94222,1,Crítico
2019,3,2019-03-01,Norte,TO,Palmas,Influenza,386710,Adultos,95.46,95,405110,1,Adequado
2019,3,2019-03-01,Nordeste,BA,Salvador,BCG,132642,Adolescentes,82.28,95,161200,0,Atenção
2019,3,2019-03-01,Nordeste,BA,Feira de Santana,Influenza,94197,Crianças,84.4,80,111612,0,Adequado
2019,3,2019-03-01,Nordeste,PE,Recife,BCG,304257,Gestantes,88.3,80,344576,0,Adequado
2019,3,2019-03-01,Nordeste,PE,Jaboatão dos Guararapes,Hepatite B,246672,Idosos,88.02,80,280249,1,Adequado
2019,3,2019-03-01,Nordeste,CE,Fortaleza,Poliomielite,308867,Adolescentes,74.8,95,412942,0,Crítico
2019,3,2019-03-01,Nordeste,CE,Juazeiro do Norte,Influenza,388810,Idosos,87.72,95,443261,1,Atenção
2019,3,2019-03-01,Nordeste,MA,São Luís,Hepatite B,145743,Crianças,64.92,95,224510,2,Crítico
2019,3,2019-03-01,Nordeste,PB,João Pessoa,Influenza,66512,Crianças,67.51,80,98518,2,Atenção
2019,3,2019-03-01,Centro-Oeste,DF,Brasília,Tríplice Viral,49619,Adultos,79.29,80,62580,1,Atenção
2019,3,2019-03-01,Centro-Oeste,GO,Goiânia,Poliomielite,120082,Adolescentes,78.9,95,152197,0,Crítico
2019,3,2019-03-01,Centro-Oeste,GO,Aparecida de Goiânia,BCG,133700,Crianças,89.19,95,149902,2,Atenção
2019,3,2019-03-01,Centro-Oeste,MT,Cuiabá,COVID-19,311619,Gestantes,100.0,95,311619,1,Adequado
2019,3,2019-03-01,Centro-Oeste,MS,Campo Grande,Hepatite B,40815,Gestantes,76.64,80,53259,1,Atenção
2019,3,2019-03-01,Sudeste,SP,São Paulo,COVID-19,148002,Adultos,94.47,95,156666,1,Atenção
2019,3,2019-03-01,Sudeste,SP,Campinas,Poliomielite,192688,Gestantes,86.73,95,222165,0,Atenção
2019,3,2019-03-01,Sudeste,SP,Ribeirão Preto,Influenza,295545,Adultos,90.52,95,326489,0,Atenção
2019,3,2019-03-01,Sudeste,RJ,Rio de Janeiro,Influenza,201626,Adultos,80.28,80,251143,1,Adequado
2019,3,2019-03-01,Sudeste,RJ,Niterói,Hepatite B,409109,Gestantes,86.79,95,471376,1,Atenção
2019,3,2019-03-01,Sudeste,RJ,Nova Iguaçu,COVID-19,110266,Adultos,81.85,95,134719,1,Atenção
2019,3,2019-03-01,Sudeste,RJ,Petrópolis,Influenza,209799,Crianças,91.8,80,228549,0,Adequado
2019,3,2019-03-01,Sudeste,MG,Belo Horizonte,BCG,146412,Gestantes,81.93,95,178705,0,Atenção
2019,3,2019-03-01,Sudeste,MG,Uberlândia,BCG,227984,Gestantes,84.86,80,268651,0,Adequado
2019,3,2019-03-01,Sudeste,MG,Juiz de Fora,Tríplice Viral,321260,Idosos,86.7,95,370533,2,Atenção
2019,3,2019-03-01,Sudeste,ES,Vitória,Hepatite B,277900,Gestantes,76.34,95,364033,1,Crítico
2019,3,2019-03-01,Sudeste,ES,Vila Velha,Poliomielite,212560,Adolescentes,75.56,95,281326,3,Crítico
2019,3,2019-03-01,Sudeste,ES,Serra,Poliomielite,393210,Adolescentes,86.86,95,452695,1,Atenção
2019,3,2019-03-01,Sul,PR,Curitiba,Influenza,38999,Idosos,77.75,80,50161,2,Atenção
2019,3,2019-03-01,Sul,PR,Londrina,Influenza,93106,Adultos,76.68,95,121421,2,Crítico
2019,3,2019-03-01,Sul,SC,Florianópolis,COVID-19,422247,Adultos,100.0,80,422247,0,Adequado
2019,3,2019-03-01,Sul,SC,Joinville,BCG,290101,Adolescentes,93.61,80,309898,0,Adequado
2019,3,2019-03-01,Sul,RS,Porto Alegre,Influenza,262278,Crianças,84.75,95,309456,1,Atenção
2019,3,2019-03-01,Sul,RS,Caxias do Sul,Poliomielite,199767,Crianças,85.13,80,234665,1,Adequado
2019,4,2019-04-01,Norte,AM,Manaus,Tríplice Viral,23833,Adultos,87.97,95,27091,0,Atenção
2019,4,2019-04-01,Norte,PA,Belém,Hepatite B,306585,Idosos,91.69,80,334373,1,Adequado
2019,4,2019-04-01,Norte,PA,Santarém,COVID-19,330073,Adultos,89.3,80,369607,2,Adequado
2019,4,2019-04-01,Norte,RO,Porto Velho,Influenza,96383,Adultos,72.8,80,132388,1,Atenção
2019,4,2019-04-01,Norte,TO,Palmas,Poliomielite,205468,Idosos,74.1,80,277284,1,Atenção
2019,4,2019-04-01,Nordeste,BA,Salvador,BCG,10915,Idosos,78.52,80,13902,0,Atenção
2019,4,2019-04-01,Nordeste,BA,Feira de Santana,COVID-19,151687,Idosos,54.58,95,277926,1,Crítico
2019,4,2019-04-01,Nordeste,PE,Recife,Tríplice Viral,468229,Adolescentes,100.0,95,468229,2,Adequado
2019,4,2019-04-01,Nordeste,PE,Jaboatão dos Guararapes,BCG,373518,Adultos,78.83,95,473820,0,Crítico
2019,4,2019-04-01,Nordeste,CE,Fortaleza,Hepatite B,9512,Adultos,86.86,80,10952,3,Adequado
2019,4,2019-04-01,Nordeste,CE,Juazeiro do Norte,BCG,289811,Gestantes,74.9,95,386943,1,Crítico
2019,4,2019-04-01,Nordeste,MA,São Luís,Hepatite B,206812,Gestantes,53.91,95,383655,2,Crítico
2019,4,2019-04-01,Nordeste,PB,João Pessoa,Hepatite B,176033,Gestantes,81.72,95,215408,3,Atenção
2019,4,2019-04-01,Centro-Oeste,DF,Brasília,BCG,458277,Crianças,100.0,80,458277,3,Adequado
2019,4,2019-04-01,Centro-Oeste,GO,Goiânia,BCG,251507,Gestantes,100.0,80,251507,2,Adequado
2019,4,2019-04-01,Centro-Oeste,GO,Aparecida de Goiânia,Poliomielite,96883,Adolescentes,88.1,95,109973,0,Atenção
2019,4,2019-04-01,Centro-Oeste,MT,Cuiabá,COVID-19,163612,Adultos,98.36,95,166348,1,Adequado
2019,4,2019-04-01,Centro-Oeste,MS,Campo Grande,Tríplice Viral,393857,Crianças,80.43,95,489663,1,Atenção
2019,4,2019-04-01,Sudeste,SP,São Paulo,Influenza,89506,Idosos,87.46,95,102341,0,Atenção
2019,4,2019-04-01,Sudeste,SP,Campinas,BCG,224347,Adolescentes,87.82,95,255461,1,Atenção
2019,4,2019-04-01,Sudeste,SP,Ribeirão Preto,BCG,164405,Adultos,86.59,95,189876,0,Atenção
2019,4,2019-04-01,Sudeste,RJ,Rio de Janeiro,COVID-19,231940,Adultos,60.85,95,381181,0,Crítico
2019,4,2019-04-01,Sudeste,RJ,Niterói,Influenza,285352,Adolescentes,62.62,95,455702,1,Crítico
2019,4,2019-04-01,Sudeste,RJ,Nova Iguaçu,Influenza,160412,Gestantes,91.1,95,176077,0,Atenção
2019,4,2019-04-01,Sudeste,RJ,Petrópolis,BCG,66091,Gestantes,77.0,95,85838,1,Crítico
2019,4,2019-04-01,Sudeste,MG,Belo Horizonte,Influenza,72499,Adultos,46.97,95,154336,0,Crítico
2019,4,2019-04-01,Sudeste,MG,Uberlândia,BCG,106853,Crianças,74.76,80,142919,2,Atenção
2019,4,2019-04-01,Sudeste,MG,Juiz de Fora,COVID-19,138158,Gestantes,77.18,80,179019,1,Atenção
2019,4,2019-04-01,Sudeste,ES,Vitória,Tríplice Viral,169414,Adolescentes,82.49,95,205381,0,Atenção
2019,4,2019-04-01,Sudeste,ES,Vila Velha,Hepatite B,102234,Adultos,88.93,95,114963,1,Atenção
2019,4,2019-04-01,Sudeste,ES,Serra,Tríplice Viral,218803,Idosos,100.0,80,218803,1,Adequado
2019,4,2019-04-01,Sul,PR,Curitiba,BCG,107029,Idosos,89.71,95,119304,2,Atenção
2019,4,2019-04-01,Sul,PR,Londrina,Hepatite B,151748,Crianças,76.82,95,197526,0,Crítico
2019,4,2019-04-01,Sul,SC,Florianópolis,Influenza,86286,Adultos,69.51,80,124130,1,Atenção
2019,4,2019-04-01,Sul,SC,Joinville,BCG,193574,Adolescentes,93.74,80,206499,3,Adequado
2019,4,2019-04-01,Sul,RS,Porto Alegre,BCG,290969,Gestantes,75.05,80,387719,0,Atenção
2019,4,2019-04-01,Sul,RS,Caxias do Sul,Poliomielite,82785,Idosos,97.76,95,84681,0,Adequado
2019,5,2019-05-01,Norte,AM,Manaus,Influenza,337660,Idosos,88.52,95,381453,1,Atenção
2019,5,2019-05-01,Norte,PA,Belém,BCG,329186,Idosos,96.21,95,342160,1,Adequado
2019,5,2019-05-01,Norte,PA,Santarém,Poliomielite,85978,Crianças,93.5,80,91956,1,Adequado
2019,5,2019-05-01,Norte,RO,Porto Velho,BCG,185546,Gestantes,79.92,95,232173,3,Crítico
2019,5,2019-05-01,Norte,TO,Palmas,Influenza,277526,Adultos,73.33,80,378455,0,Atenção
2019,5,2019-05-01,Nordeste,BA,Salvador,Tríplice Viral,366556,Adultos,84.19,80,435387,1,Adequado
2019,5,2019-05-01,Nordeste,BA,Feira de Santana,Influenza,191287,Idosos,86.01,80,222390,2,Adequado
2019,5,2019-05-01,Nordeste,PE,Recife,Hepatite B,376295,Crianças,77.1,80,488085,0,Atenção
2019,5,2019-05-01,Nordeste,PE,Jaboatão dos Guararapes,Tríplice Viral,61304,Gestantes,70.08,80,87473,0,Atenção
2019,5,2019-05-01,Nordeste,CE,Fortaleza,Tríplice Viral,391201,Gestantes,82.12,95,476377,1,Atenção
2019,5,2019-05-01,Nordeste,CE,Juazeiro do Norte,Tríplice Viral,419021,Adolescentes,100.0,95,419021,2,Adequado
2019,5,2019-05-01,Nordeste,MA,São Luís,Influenza,309731,Idosos,72.71,95,425975,0,Crítico
2019,5,2019-05-01,Nordeste,PB,João Pessoa,Poliomielite,216187,Gestantes,88.41,80,244522,1,Adequado
2019,5,2019-05-01,Centro-Oeste,DF,Brasília,Poliomielite,401784,Adolescentes,83.15,80,483200,0,Adequado
2019,5,2019-05-01,Centro-Oeste,GO,Goiânia,Poliomielite,293993,Gestantes,92.19,95,318910,2,Atenção
2019,5,2019-05-01,Centro-Oeste,GO,Aparecida de Goiânia,Tríplice Viral,308751,Idosos,87.45,95,353051,0,Atenção
2019,5,2019-05-01,Centro-Oeste,MT,Cuiabá,Tríplice Viral,299215,Adultos,73.79,80,405505,0,Atenção
2019,5,2019-05-01,Centro-Oeste,MS,Campo Grande,COVID-19,227635,Crianças,95.52,95,238322,0,Adequado
2019,5,2019-05-01,Sudeste,SP,São Paulo,COVID-19,281332,Idosos,89.73,95,313523,1,Atenção
2019,5,2019-05-01,Sudeste,SP,Campinas,Tríplice Viral,370152,Adultos,90.17,80,410493,1,Adequado
2019,5,2019-05-01,Sudeste,SP,Ribeirão Preto,BCG,133734,Idosos,62.1,95,215348,2,Crítico
2019,5,2019-05-01,Sudeste,RJ,Rio de Janeiro,Influenza,271200,Idosos,65.74,95,412561,0,Crítico
2019,5,2019-05-01,Sudeste,RJ,Niterói,Tríplice Viral,102660,Adolescentes,69.99,95,146687,1,Crítico
2019,5,2019-05-01,Sudeste,RJ,Nova Iguaçu,Tríplice Viral,62743,Adultos,82.04,80,76474,1,Adequado
2019,5,2019-05-01,Sudeste,RJ,Petrópolis,COVID-19,412106,Gestantes,91.57,95,450021,1,Atenção
2019,5,2019-05-01,Sudeste,MG,Belo Horizonte,Hepatite B,228742,Adultos,74.42,80,307353,3,Atenção
2019,5,2019-05-01,Sudeste,MG,Uberlândia,Poliomielite,172657,Adultos,78.81,95,219089,0,Crítico
2019,5,2019-05-01,Sudeste,MG,Juiz de Fora,Influenza,277306,Idosos,90.05,95,307936,0,Atenção
2019,5,2019-05-01,Sudeste,ES,Vitória,Hepatite B,219851,Idosos,76.86,95,286026,1,Crítico
2019,5,2019-05-01,Sudeste,ES,Vila Velha,Influenza,243189,Adultos,76.26,95,318875,0,Crítico
2019,5,2019-05-01,Sudeste,ES,Serra,Hepatite B,308926,Adultos,89.16,95,346472,0,Atenção
2019,5,2019-05-01,Sul,PR,Curitiba,Hepatite B,25080,Crianças,79.69,80,31474,0,Atenção
2019,5,2019-05-01,Sul,PR,Londrina,Poliomielite,371361,Crianças,83.79,95,443198,0,Atenção
2019,5,2019-05-01,Sul,SC,Florianópolis,BCG,417732,Crianças,98.89,80,422433,0,Adequado
2019,5,2019-05-01,Sul,SC,Joinville,Poliomielite,428626,Crianças,91.15,95,470243,1,Atenção
2019,5,2019-05-01,Sul,RS,Porto Alegre,Tríplice Viral,348638,Adolescentes,69.84,95,499186,1,Crítico
2019,5,2019-05-01,Sul,RS,Caxias do Sul,COVID-19,275170,Crianças,91.91,95,299385,2,Atenção
2019,6,2019-06-01,Norte,AM,Manaus,Poliomielite,209643,Gestantes,80.39,80,260780,1,Adequado
2019,6,2019-06-01,Norte,PA,Belém,Influenza,14737,Crianças,97.38,95,15134,1,Adequado
2019,6,2019-06-01,Norte,PA,Santarém,COVID-19,395269,Adultos,88.31,95,447599,0,Atenção
2019,6,2019-06-01,Norte,RO,Porto Velho,Poliomielite,141013,Adolescentes,87.86,95,160498,3,Atenção
2019,6,2019-06-01,Norte,TO,Palmas,Poliomielite,395499,Adultos,87.92,80,449816,1,Adequado
2019,6,2019-06-01,Nordeste,BA,Salvador,Hepatite B,140102,Adultos,82.61,95,169603,1,Atenção
2019,6,2019-06-01,Nordeste,BA,Feira de Santana,Hepatite B,106588,Crianças,70.78,95,150596,3,Crítico
2019,6,2019-06-01,Nordeste,PE,Recife,Poliomielite,342322,Adultos,77.85,80,439711,0,Atenção
2019,6,2019-06-01,Nordeste,PE,Jaboatão dos Guararapes,Hepatite B,341088,Crianças,100.0,95,341088,0,Adequado
2019,6,2019-06-01,Nordeste,CE,Fortaleza,Poliomielite,119855,Idosos,81.06,95,147868,1,Atenção
2019,6,2019-06-01,Nordeste,CE,Juazeiro do Norte,Influenza,305486,Adolescentes,82.57,80,369958,0,Adequado
2019,6,2019-06-01,Nordeste,MA,São Luís,COVID-19,359007,Adolescentes,77.38,95,463956,2,Crítico
2019,6,2019-06-01,Nordeste,PB,João Pessoa,Tríplice Viral,253274,Crianças,78.94,80,320852,0,Atenção
2019,6,2019-06-01,Centro-Oeste,DF,Brasília,BCG,401068,Adultos,81.47,95,492313,1,Atenção
2019,6,2019-06-01,Centro-Oeste,GO,Goiânia,Poliomielite,316720,Adultos,86.14,95,367670,0,Atenção
2019,6,2019-06-01,Centro-Oeste,GO,Aparecida de Goiânia,COVID-19,119899,Adultos,77.87,80,153972,2,Atenção
2019,6,2019-06-01,Centro-Oeste,MT,Cuiabá,Influenza,131420,Gestantes,89.44,95,146931,1,Atenção
2019,6,2019-06-01,Centro-Oeste,MS,Campo Grande,BCG,349340,Idosos,80.06,95,436368,0,Atenção
2019,6,2019-06-01,Sudeste,SP,São Paulo,Hepatite B,257055,Adolescentes,100.0,95,257055,2,Adequado
2019,6,2019-06-01,Sudeste,SP,Campinas,Poliomielite,71124,Adultos,75.2,80,94578,2,Atenção
2019,6,2019-06-01,Sudeste,SP,Ribeirão Preto,BCG,115912,Gestantes,99.57,95,116413,1,Adequado
2019,6,2019-06-01,Sudeste,RJ,Rio de Janeiro,Influenza,256318,Gestantes,74.24,80,345251,0,Atenção
2019,6,2019-06-01,Sudeste,RJ,Niterói,Poliomielite,257490,Crianças,77.22,95,333453,2,Crítico
2019,6,2019-06-01,Sudeste,RJ,Nova Iguaçu,COVID-19,224911,Idosos,64.25,95,350049,0,Crítico
2019,6,2019-06-01,Sudeste,RJ,Petrópolis,Hepatite B,106287,Adultos,85.77,95,123921,0,Atenção
2019,6,2019-06-01,Sudeste,MG,Belo Horizonte,BCG,308289,Idosos,70.12,95,439681,1,Crítico
2019,6,2019-06-01,Sudeste,MG,Uberlândia,Poliomielite,391968,Idosos,83.51,80,469384,2,Adequado
2019,6,2019-06-01,Sudeste,MG,Juiz de Fora,Influenza,359951,Adolescentes,77.52,95,464315,3,Crítico
2019,6,2019-06-01,Sudeste,ES,Vitória,Poliomielite,116556,Gestantes,86.08,95,135403,0,Atenção
2019,6,2019-06-01,Sudeste,ES,Vila Velha,Hepatite B,367997,Adolescentes,100.0,80,367997,1,Adequado
2019,6,2019-06-01,Sudeste,ES,Serra,Hepatite B,165583,Adultos,86.93,95,190487,2,Atenção
2019,6,2019-06-01,Sul,PR,Curitiba,Tríplice Viral,345167,Adultos,86.82,80,397571,1,Adequado
2019,6,2019-06-01,Sul,PR,Londrina,Tríplice Viral,232877,Idosos,85.61,95,272010,0,Atenção
2019,6,2019-06-01,Sul,SC,Florianópolis,Poliomielite,303671,Gestantes,85.71,80,354315,1,Adequado
2019,6,2019-06-01,Sul,SC,Joinville,COVID-19,347009,Crianças,75.73,80,458232,2,Atenção
2019,6,2019-06-01,Sul,RS,Porto Alegre,BCG,261564,Idosos,76.71,80,340958,3,Atenção
2019,6,2019-06-01,Sul,RS,Caxias do Sul,Hepatite B,364402,Adultos,73.57,80,495296,1,Atenção
2019,7,2019-07-01,Norte,AM,Manaus,COVID-19,207970,Adultos,81.4,80,255486,2,Adequado
2019,7,2019-07-01,Norte,PA,Belém,COVID-19,380901,Adultos,83.37,80,456883,0,Adequado
2019,7,2019-07-01,Norte,PA,Santarém,COVID-19,116127,Adolescentes,97.39,95,119237,1,Adequado
2019,7,2019-07-01,Norte,RO,Porto Velho,Poliomielite,296188,Crianças,92.52,80,320147,0,Adequado
2019,7,2019-07-01,Norte,TO,Palmas,Tríplice Viral,275838,Adultos,89.65,80,307694,0,Adequado
2019,7,2019-07-01,Nordeste,BA,Salvador,BCG,133004,Idosos,85.75,95,155113,1,Atenção
2019,7,2019-07-01,Nordeste,BA,Feira de Santana,Influenza,439766,Adultos,89.91,95,489122,2,Atenção
2019,7,2019-07-01,Nordeste,PE,Recife,BCG,225916,Gestantes,78.71,95,287016,5,Crítico
2019,7,2019-07-01,Nordeste,PE,Jaboatão dos Guararapes,Poliomielite,123028,Gestantes,83.09,95,148065,1,Atenção
2019,7,2019-07-01,Nordeste,CE,Fortaleza,Poliomielite,271809,Crianças,99.5,95,273188,2,Adequado
2019,7,2019-07-01,Nordeste,CE,Juazeiro do Norte,Hepatite B,46289,Gestantes,81.63,95,56706,0,Atenção
2019,7,2019-07-01,Nordeste,MA,São Luís,COVID-19,14493,Adultos,87.36,95,16591,0,Atenção
2019,7,2019-07-01,Nordeste,PB,João Pessoa,Hepatite B,179306,Idosos,66.0,80,271691,3,Atenção
2019,7,2019-07-01,Centro-Oeste,DF,Brasília,BCG,145309,Gestantes,76.62,80,189647,3,Atenção
2019,7,2019-07-01,Centro-Oeste,GO,Goiânia,COVID-19,93716,Adolescentes,67.12,80,139615,0,Atenção
2019,7,2019-07-01,Centro-Oeste,GO,Aparecida de Goiânia,Influenza,196632,Crianças,92.85,95,211783,0,Atenção
2019,7,2019-07-01,Centro-Oeste,MT,Cuiabá,Influenza,359314,Idosos,77.96,95,460883,0,Crítico
2019,7,2019-07-01,Centro-Oeste,MS,Campo Grande,Hepatite B,105393,Crianças,91.5,80,115183,0,Adequado
2019,7,2019-07-01,Sudeste,SP,São Paulo,Tríplice Viral,150352,Crianças,80.48,80,186831,1,Adequado
2019,7,2019-07-01,Sudeste,SP,Campinas,BCG,93338,Adolescentes,90.36,95,103300,3,Atenção
2019,7,2019-07-01,Sudeste,SP,Ribeirão Preto,Influenza,145248,Idosos,86.43,80,168054,2,Adequado
2019,7,2019-07-01,Sudeste,RJ,Rio de Janeiro,Tríplice Viral,182965,Gestantes,80.12,80,228359,1,Adequado
2019,7,2019-07-01,Sudeste,RJ,Niterói,Tríplice Viral,38808,Adultos,84.81,95,45762,3,Atenção
2019,7,2019-07-01,Sudeste,RJ,Nova Iguaçu,Influenza,325453,Gestantes,82.39,80,394995,1,Adequado
2019,7,2019-07-01,Sudeste,RJ,Petrópolis,COVID-19,178428,Idosos,85.58,95,208490,0,Atenção
2019,7,2019-07-01,Sudeste,MG,Belo Horizonte,COVID-19,99472,Adolescentes,72.69,95,136841,0,Crítico
2019,7,2019-07-01,Sudeste,MG,Uberlândia,Hepatite B,254044,Adultos,79.86,80,318132,2,Atenção
2019,7,2019-07-01,Sudeste,MG,Juiz de Fora,Influenza,262873,Gestantes,65.02,95,404271,3,Crítico
2019,7,2019-07-01,Sudeste,ES,Vitória,COVID-19,42018,Gestantes,79.23,95,53032,0,Crítico
2019,7,2019-07-01,Sudeste,ES,Vila Velha,Tríplice Viral,233823,Adolescentes,100.0,95,233823,1,Adequado
2019,7,2019-07-01,Sudeste,ES,Serra,Tríplice Viral,250925,Adultos,87.53,80,286689,1,Adequado
2019,7,2019-07-01,Sul,PR,Curitiba,Poliomielite,31946,Gestantes,77.22,95,41371,2,Crítico
2019,7,2019-07-01,Sul,PR,Londrina,Tríplice Viral,307242,Adolescentes,67.58,95,454619,0,Crítico
2019,7,2019-07-01,Sul,SC,Florianópolis,Influenza,26053,Gestantes,76.52,80,34048,0,Atenção
2019,7,2019-07-01,Sul,SC,Joinville,Poliomielite,162513,Idosos,98.3,80,165317,2,Adequado
2019,7,2019-07-01,Sul,RS,Porto Alegre,Poliomielite,259661,Idosos,73.44,95,353581,0,Crítico
2019,7,2019-07-01,Sul,RS,Caxias do Sul,Hepatite B,258293,Gestantes,78.49,80,329082,2,Atenção
2019,8,2019-08-01,Norte,AM,Manaus,BCG,298927,Adolescentes,79.75,95,374827,3,Crítico
2019,8,2019-08-01,Norte,PA,Belém,Hepatite B,21801,Crianças,95.53,80,22823,0,Adequado
2019,8,2019-08-01,Norte,PA,Santarém,Poliomielite,206079,Adultos,59.96,80,343693,1,Crítico
2019,8,2019-08-01,Norte,RO,Porto Velho,COVID-19,145191,Adultos,68.57,80,211750,2,Atenção
2019,8,2019-08-01,Norte,TO,Palmas,Influenza,309161,Idosos,80.61,80,383507,0,Adequado
2019,8,2019-08-01,Nordeste,BA,Salvador,COVID-19,296224,Adolescentes,93.12,95,318110,0,Atenção
2019,8,2019-08-01,Nordeste,BA,Feira de Santana,COVID-19,168867,Crianças,63.51,80,265874,0,Crítico
2019,8,2019-08-01,Nordeste,PE,Recife,BCG,221027,Adolescentes,67.12,80,329322,1,Atenção
2019,8,2019-08-01,Nordeste,PE,Jaboatão dos Guararapes,Influenza,194342,Adolescentes,67.35,95,288535,0,Crítico
2019,8,2019-08-01,Nordeste,CE,Fortaleza,BCG,186042,Crianças,100.0,80,186042,1,Adequado
2019,8,2019-08-01,Nordeste,CE,Juazeiro do Norte,Tríplice Viral,186286,Crianças,79.74,95,233610,1,Crítico
2019,8,2019-08-01,Nordeste,MA,São Luís,BCG,28244,Gestantes,89.1,80,31699,1,Adequado
2019,8,2019-08-01,Nordeste,PB,João Pessoa,BCG,16004,Idosos,85.63,95,18691,0,Atenção
2019,8,2019-08-01,Centro-Oeste,DF,Brasília,Hepatite B,289513,Crianças,72.1,80,401542,1,Atenção
2019,8,2019-08-01,Centro-Oeste,GO,Goiânia,Poliomielite,356738,Adultos,92.35,95,386283,0,Atenção
2019,8,2019-08-01,Centro-Oeste,GO,Aparecida de Goiânia,Tríplice Viral,357006,Gestantes,87.89,80,406182,2,Adequado
2019,8,2019-08-01,Centro-Oeste,MT,Cuiabá,BCG,193454,Idosos,99.61,80,194221,0,Adequado
2019,8,2019-08-01,Centro-Oeste,MS,Campo Grande,Influenza,160984,Gestantes,76.64,95,210054,0,Crítico
2019,8,2019-08-01,Sudeste,SP,São Paulo,Hepatite B,202286,Crianças,71.25,95,283927,2,Crítico
2019,8,2019-08-01,Sudeste,SP,Campinas,BCG,70241,Gestantes,64.08,80,109610,1,Crítico
2019,8,2019-08-01,Sudeste,SP,Ribeirão Preto,Poliomielite,300630,Crianças,86.18,95,348848,1,Atenção
2019,8,2019-08-01,Sudeste,RJ,Rio de Janeiro,Poliomielite,135983,Adolescentes,82.25,95,165338,1,Atenção
2019,8,2019-08-01,Sudeste,RJ,Niterói,Poliomielite,390746,Crianças,79.51,80,491466,1,Atenção
2019,8,2019-08-01,Sudeste,RJ,Nova Iguaçu,Influenza,263869,Crianças,76.41,80,345317,0,Atenção
2019,8,2019-08-01,Sudeste,RJ,Petrópolis,Poliomielite,321742,Adolescentes,85.0,95,378505,3,Atenção
2019,8,2019-08-01,Sudeste,MG,Belo Horizonte,Poliomielite,249272,Adultos,65.11,95,382849,2,Crítico
2019,8,2019-08-01,Sudeste,MG,Uberlândia,Influenza,73959,Adultos,100.0,95,73959,1,Adequado
2019,8,2019-08-01,Sudeste,MG,Juiz de Fora,Hepatite B,33962,Gestantes,100.0,95,33962,0,Adequado
2019,8,2019-08-01,Sudeste,ES,Vitória,Influenza,95972,Adolescentes,79.01,80,121465,0,Atenção
2019,8,2019-08-01,Sudeste,ES,Vila Velha,Poliomielite,14095,Adolescentes,94.98,95,14840,0,Atenção
2019,8,2019-08-01,Sudeste,ES,Serra,Hepatite B,142746,Adolescentes,70.18,80,203399,0,Atenção
2019,8,2019-08-01,Sul,PR,Curitiba,Influenza,271883,Adolescentes,92.12,95,295145,1,Atenção
2019,8,2019-08-01,Sul,PR,Londrina,Poliomielite,102210,Gestantes,61.18,95,167054,0,Crítico
2019,8,2019-08-01,Sul,SC,Florianópolis,Poliomielite,152821,Adolescentes,91.61,80,166817,0,Adequado
2019,8,2019-08-01,Sul,SC,Joinville,BCG,230290,Adultos,92.4,80,249232,1,Adequado
2019,8,2019-08-01,Sul,RS,Porto Alegre,BCG,245896,Gestantes,79.31,80,310032,1,Atenção
2019,8,2019-08-01,Sul,RS,Caxias do Sul,COVID-19,265095,Gestantes,87.42,95,303259,3,Atenção
2019,9,2019-09-01,Norte,AM,Manaus,BCG,202667,Adultos,75.25,95,269318,0,Crítico
2019,9,2019-09-01,Norte,PA,Belém,Influenza,223941,Adultos,67.8,80,330312,0,Atenção
2019,9,2019-09-01,Norte,PA,Santarém,Poliomielite,155518,Adolescentes,60.48,95,257136,1,Crítico
2019,9,2019-09-01,Norte,RO,Porto Velho,Tríplice Viral,25771,Adolescentes,87.36,80,29499,0,Adequado
2019,9,2019-09-01,Norte,TO,Palmas,Hepatite B,315585,Adultos,80.89,95,390164,1,Atenção
2019,9,2019-09-01,Nordeste,BA,Salvador,Poliomielite,204724,Crianças,96.98,80,211110,0,Adequado
2019,9,2019-09-01,Nordeste,BA,Feira de Santana,COVID-19,176964,Adolescentes,79.0,95,224008,0,Crítico
2019,9,2019-09-01,Nordeste,PE,Recife,Poliomielite,247605,Adolescentes,90.42,80,273839,1,Adequado
2019,9,2019-09-01,Nordeste,PE,Jaboatão dos Guararapes,Tríplice Viral,78966,Crianças,71.45,95,110513,3,Crítico
2019,9,2019-09-01,Nordeste,CE,Fortaleza,Influenza,239309,Idosos,78.44,80,305095,1,Atenção
2019,9,2019-09-01,Nordeste,CE,Juazeiro do Norte,COVID-19,175585,Gestantes,96.15,80,182621,0,Adequado
2019,9,2019-09-01,Nordeste,MA,São Luís,Hepatite B,73437,Gestantes,85.48,80,85916,0,Adequado
2019,9,2019-09-01,Nordeste,PB,João Pessoa,Hepatite B,350003,Idosos,86.45,80,404873,1,Adequado
2019,9,2019-09-01,Centro-Oeste,DF,Brasília,Poliomielite,264437,Gestantes,80.62,80,328005,1,Adequado
2019,9,2019-09-01,Centro-Oeste,GO,Goiânia,Tríplice Viral,312560,Adolescentes,96.35,95,324392,0,Adequado
2019,9,2019-09-01,Centro-Oeste,GO,Aparecida de Goiânia,Influenza,90936,Gestantes,93.36,95,97406,1,Atenção
2019,9,2019-09-01,Centro-Oeste,MT,Cuiabá,Poliomielite,33214,Crianças,70.21,95,47311,1,Crítico
2019,9,2019-09-01,Centro-Oeste,MS,Campo Grande,COVID-19,217414,Gestantes,80.94,80,268628,2,Adequado
2019,9,2019-09-01,Sudeste,SP,São Paulo,Influenza,123207,Crianças,70.75,95,174146,1,Crítico
2019,9,2019-09-01,Sudeste,SP,Campinas,Hepatite B,266516,Idosos,95.0,95,280530,1,Adequado
2019,9,2019-09-01,Sudeste,SP,Ribeirão Preto,Influenza,211701,Adolescentes,63.0,95,336010,1,Crítico
2019,9,2019-09-01,Sudeste,RJ,Rio de Janeiro,BCG,41757,Gestantes,94.12,95,44369,3,Atenção
2019,9,2019-09-01,Sudeste,RJ,Niterói,Hepatite B,358002,Crianças,76.4,95,468594,2,Crítico
2019,9,2019-09-01,Sudeste,RJ,Nova Iguaçu,Influenza,375717,Idosos,88.37,80,425168,1,Adequado
2019,9,2019-09-01,Sudeste,RJ,Petrópolis,COVID-19,258485,Gestantes,97.61,80,264808,1,Adequado
2019,9,2019-09-01,Sudeste,MG,Belo Horizonte,COVID-19,124325,Gestantes,95.59,95,130067,0,Adequado
2019,9,2019-09-01,Sudeste,MG,Uberlândia,COVID-19,364768,Idosos,88.43,95,412500,3,Atenção
2019,9,2019-09-01,Sudeste,MG,Juiz de Fora,Tríplice Viral,304534,Adultos,69.83,80,436090,3,Atenção
2019,9,2019-09-01,Sudeste,ES,Vitória,Tríplice Viral,343933,Crianças,78.35,95,438987,0,Crítico
2019,9,2019-09-01,Sudeste,ES,Vila Velha,Hepatite B,168756,Adolescentes,89.74,95,188042,0,Atenção
2019,9,2019-09-01,Sudeste,ES,Serra,Tríplice Viral,268418,Adolescentes,84.43,95,317905,3,Atenção
2019,9,2019-09-01,Sul,PR,Curitiba,BCG,275778,Idosos,85.54,80,322416,0,Adequado
2019,9,2019-09-01,Sul,PR,Londrina,Tríplice Viral,420947,Gestantes,84.94,95,495605,2,Atenção
2019,9,2019-09-01,Sul,SC,Florianópolis,Poliomielite,181806,Adolescentes,76.66,95,237174,4,Crítico
2019,9,2019-09-01,Sul,SC,Joinville,Hepatite B,381706,Gestantes,84.62,95,451106,0,Atenção
2019,9,2019-09-01,Sul,RS,Porto Alegre,Influenza,182538,Idosos,75.48,95,241851,3,Crítico
2019,9,2019-09-01,Sul,RS,Caxias do Sul,Hepatite B,364082,Gestantes,93.3,95,390230,1,Atenção
2019,10,2019-10-01,Norte,AM,Manaus,Hepatite B,373626,Idosos,92.96,95,401924,0,Atenção
2019,10,2019-10-01,Norte,PA,Belém,Tríplice Viral,177795,Adultos,96.8,95,183677,3,Adequado
2019,10,2019-10-01,Norte,PA,Santarém,Tríplice Viral,23153,Gestantes,89.77,95,25791,0,Atenção
2019,10,2019-10-01,Norte,RO,Porto Velho,Influenza,228643,Crianças,75.01,80,304804,1,Atenção
2019,10,2019-10-01,Norte,TO,Palmas,COVID-19,220163,Adultos,83.37,95,264079,3,Atenção
2019,10,2019-10-01,Nordeste,BA,Salvador,Tríplice Viral,346976,Idosos,82.68,80,419651,1,Adequado
2019,10,2019-10-01,Nordeste,BA,Feira de Santana,Tríplice Viral,347379,Crianças,79.08,80,439266,1,Atenção
2019,10,2019-10-01,Nordeste,PE,Recife,Influenza,76999,Adultos,91.97,95,83718,1,Atenção
2019,10,2019-10-01,Nordeste,PE,Jaboatão dos Guararapes,BCG,386169,Adultos,88.36,80,437017,0,Adequado
2019,10,2019-10-01,Nordeste,CE,Fortaleza,BCG,332687,Adolescentes,75.27,95,441981,2,Crítico
2019,10,2019-10-01,Nordeste,CE,Juazeiro do Norte,Influenza,319804,Adolescentes,67.36,95,474801,0,Crítico
2019,10,2019-10-01,Nordeste,MA,São Luís,Influenza,305360,Adultos,86.91,95,351371,1,Atenção
2019,10,2019-10-01,Nordeste,PB,João Pessoa,Influenza,125545,Idosos,96.7,80,129835,0,Adequado
2019,10,2019-10-01,Centro-Oeste,DF,Brasília,BCG,203779,Gestantes,100.0,80,203779,1,Adequado
2019,10,2019-10-01,Centro-Oeste,GO,Goiânia,Poliomielite,441279,Gestantes,88.99,80,495876,0,Adequado
2019,10,2019-10-01,Centro-Oeste,GO,Aparecida de Goiânia,COVID-19,12215,Gestantes,90.58,95,13485,1,Atenção
2019,10,2019-10-01,Centro-Oeste,MT,Cuiabá,Poliomielite,181120,Gestantes,82.39,80,219846,1,Adequado
2019,10,2019-10-01,Centro-Oeste,MS,Campo Grande,BCG,101755,Crianças,64.98,80,156604,2,Crítico
2019,10,2019-10-01,Sudeste,SP,São Paulo,Tríplice Viral,222642,Idosos,79.94,95,278503,0,Crítico
2019,10,2019-10-01,Sudeste,SP,Campinas,COVID-19,145996,Idosos,76.03,95,192031,1,Crítico
2019,10,2019-10-01,Sudeste,SP,Ribeirão Preto,Poliomielite,464598,Idosos,93.32,95,497843,2,Atenção
2019,10,2019-10-01,Sudeste,RJ,Rio de Janeiro,Influenza,283842,Gestantes,82.13,95,345617,1,Atenção
2019,10,2019-10-01,Sudeste,RJ,Niterói,BCG,391495,Gestantes,78.63,95,497884,1,Crítico
2019,10,2019-10-01,Sudeste,RJ,Nova Iguaçu,Poliomielite,283117,Adultos,80.58,80,351354,1,Adequado
2019,10,2019-10-01,Sudeste,RJ,Petrópolis,COVID-19,475021,Idosos,97.34,80,487979,1,Adequado
2019,10,2019-10-01,Sudeste,MG,Belo Horizonte,Hepatite B,76161,Adultos,77.54,95,98220,0,Crítico
2019,10,2019-10-01,Sudeste,MG,Uberlândia,Poliomielite,12583,Idosos,82.55,80,15244,0,Adequado
2019,10,2019-10-01,Sudeste,MG,Juiz de Fora,COVID-19,367850,Adolescentes,83.56,95,440228,5,Atenção
2019,10,2019-10-01,Sudeste,ES,Vitória,BCG,152533,Adultos,80.03,95,190605,0,Atenção
2019,10,2019-10-01,Sudeste,ES,Vila Velha,Hepatite B,241811,Adultos,85.09,95,284192,0,Atenção
2019,10,2019-10-01,Sudeste,ES,Serra,BCG,99733,Gestantes,82.51,95,120874,1,Atenção
2019,10,2019-10-01,Sul,PR,Curitiba,COVID-19,234991,Adultos,83.54,95,281279,0,Atenção
2019,10,2019-10-01,Sul,PR,Londrina,Poliomielite,174379,Adultos,91.76,95,190036,3,Atenção
2019,10,2019-10-01,Sul,SC,Florianópolis,Poliomielite,41084,Crianças,100.0,95,41084,2,Adequado
2019,10,2019-10-01,Sul,SC,Joinville,COVID-19,279650,Adultos,94.92,95,294626,1,Atenção
2019,10,2019-10-01,Sul,RS,Porto Alegre,Influenza,437900,Adolescentes,96.59,95,453344,1,Adequado
2019,10,2019-10-01,Sul,RS,Caxias do Sul,COVID-19,69125,Adolescentes,90.47,95,76411,0,Atenção
2019,11,2019-11-01,Norte,AM,Manaus,BCG,215697,Adultos,81.16,80,265757,2,Adequado
2019,11,2019-11-01,Norte,PA,Belém,Influenza,300059,Adultos,73.93,80,405884,1,Atenção
2019,11,2019-11-01,Norte,PA,Santarém,COVID-19,330535,Crianças,76.86,80,430027,2,Atenção
2019,11,2019-11-01,Norte,RO,Porto Velho,BCG,104177,Adultos,99.29,95,104920,0,Adequado
2019,11,2019-11-01,Norte,TO,Palmas,Poliomielite,152618,Idosos,96.4,80,158312,0,Adequado
2019,11,2019-11-01,Nordeste,BA,Salvador,Hepatite B,296745,Crianças,81.36,95,364750,2,Atenção
2019,11,2019-11-01,Nordeste,BA,Feira de Santana,BCG,257426,Adolescentes,89.19,80,288626,2,Adequado
2019,11,2019-11-01,Nordeste,PE,Recife,Tríplice Viral,190631,Crianças,69.29,95,275140,0,Crítico
2019,11,2019-11-01,Nordeste,PE,Jaboatão dos Guararapes,BCG,310444,Idosos,86.61,80,358423,1,Adequado
2019,11,2019-11-01,Nordeste,CE,Fortaleza,Tríplice Viral,88424,Adolescentes,70.73,95,125021,1,Crítico
2019,11,2019-11-01,Nordeste,CE,Juazeiro do Norte,Poliomielite,151159,Crianças,87.05,80,173652,1,Adequado
2019,11,2019-11-01,Nordeste,MA,São Luís,BCG,262254,Idosos,96.85,95,270791,2,Adequado
2019,11,2019-11-01,Nordeste,PB,João Pessoa,BCG,210877,Adolescentes,80.78,95,261043,0,Atenção
2019,11,2019-11-01,Centro-Oeste,DF,Brasília,Poliomielite,257926,Adultos,94.08,95,274168,1,Atenção
2019,11,2019-11-01,Centro-Oeste,GO,Goiânia,Poliomielite,455832,Adultos,93.43,80,487909,1,Adequado
2019,11,2019-11-01,Centro-Oeste,GO,Aparecida de Goiânia,COVID-19,364138,Idosos,79.33,80,459003,2,Atenção
2019,11,2019-11-01,Centro-Oeste,MT,Cuiabá,COVID-19,223405,Idosos,82.53,80,270680,0,Adequado
2019,11,2019-11-01,Centro-Oeste,MS,Campo Grande,Influenza,53710,Gestantes,83.36,95,64430,0,Atenção
2019,11,2019-11-01,Sudeste,SP,São Paulo,COVID-19,247659,Idosos,90.2,95,274558,0,Atenção
2019,11,2019-11-01,Sudeste,SP,Campinas,BCG,17448,Crianças,85.43,95,20426,3,Atenção
2019,11,2019-11-01,Sudeste,SP,Ribeirão Preto,Influenza,439831,Adultos,88.72,80,495767,2,Adequado
2019,11,2019-11-01,Sudeste,RJ,Rio de Janeiro,BCG,75811,Crianças,100.0,80,75811,1,Adequado
2019,11,2019-11-01,Sudeste,RJ,Niterói,COVID-19,359882,Gestantes,77.18,80,466314,0,Atenção
2019,11,2019-11-01,Sudeste,RJ,Nova Iguaçu,Poliomielite,226721,Adolescentes,83.65,80,271031,0,Adequado
2019,11,2019-11-01,Sudeste,RJ,Petrópolis,Tríplice Viral,276565,Gestantes,74.77,95,369912,0,Crítico
2019,11,2019-11-01,Sudeste,MG,Belo Horizonte,Poliomielite,166804,Adultos,86.81,80,192148,1,Adequado
2019,11,2019-11-01,Sudeste,MG,Uberlândia,Tríplice Viral,283543,Adultos,84.99,95,333617,0,Atenção
2019,11,2019-11-01,Sudeste,MG,Juiz de Fora,COVID-19,300411,Crianças,88.68,95,338754,1,Atenção
2019,11,2019-11-01,Sudeste,ES,Vitória,Poliomielite,243559,Gestantes,78.2,95,311440,0,Crítico
2019,11,2019-11-01,Sudeste,ES,Vila Velha,COVID-19,419526,Adolescentes,87.56,80,479116,0,Adequado
2019,11,2019-11-01,Sudeste,ES,Serra,BCG,66464,Crianças,59.02,95,112613,0,Crítico
2019,11,2019-11-01,Sul,PR,Curitiba,Tríplice Viral,249238,Crianças,87.42,95,285110,1,Atenção
2019,11,2019-11-01,Sul,PR,Londrina,Hepatite B,242568,Adultos,83.31,80,291154,1,Adequado
2019,11,2019-11-01,Sul,SC,Florianópolis,Poliomielite,40661,Adultos,69.48,80,58521,0,Atenção
2019,11,2019-11-01,Sul,SC,Joinville,Hepatite B,96030,Adultos,93.77,80,102412,0,Adequado
2019,11,2019-11-01,Sul,RS,Porto Alegre,Tríplice Viral,282944,Adolescentes,88.15,80,320979,1,Adequado
2019,11,2019-11-01,Sul,RS,Caxias do Sul,COVID-19,356608,Idosos,72.3,95,493202,0,Crítico
2019,12,2019-12-01,Norte,AM,Manaus,Poliomielite,92322,Adolescentes,86.12,80,107200,1,Adequado
2019,12,2019-12-01,Norte,PA,Belém,COVID-19,449549,Crianças,100.0,80,449549,0,Adequado
2019,12,2019-12-01,Norte,PA,Santarém,Poliomielite,330333,Adultos,100.0,95,330333,1,Adequado
2019,12,2019-12-01,Norte,RO,Porto Velho,COVID-19,397516,Adolescentes,85.35,95,465761,1,Atenção
2019,12,2019-12-01,Norte,TO,Palmas,BCG,261519,Adolescentes,92.94,95,281381,0,Atenção
2019,12,2019-12-01,Nordeste,BA,Salvador,BCG,219831,Crianças,90.88,95,241880,1,Atenção
2019,12,2019-12-01,Nordeste,BA,Feira de Santana,Tríplice Viral,124095,Idosos,76.98,95,161207,1,Crítico
2019,12,2019-12-01,Nordeste,PE,Recife,COVID-19,146159,Gestantes,95.1,95,153686,2,Adequado
2019,12,2019-12-01,Nordeste,PE,Jaboatão dos Guararapes,BCG,375824,Crianças,79.22,80,474413,1,Atenção
2019,12,2019-12-01,Nordeste,CE,Fortaleza,Tríplice Viral,290140,Adolescentes,77.18,80,375937,2,Atenção
2019,12,2019-12-01,Nordeste,CE,Juazeiro do Norte,Poliomielite,92557,Gestantes,83.26,80,111168,1,Adequado
2019,12,2019-12-01,Nordeste,MA,São Luís,Poliomielite,21212,Adolescentes,88.03,95,24098,3,Atenção
2019,12,2019-12-01,Nordeste,PB,João Pessoa,Hepatite B,358421,Crianças,86.69,95,413436,2,Atenção
2019,12,2019-12-01,Centro-Oeste,DF,Brasília,Influenza,364300,Idosos,74.39,95,489730,1,Crítico
2019,12,2019-12-01,Centro-Oeste,GO,Goiânia,Hepatite B,327352,Idosos,100.0,95,327352,0,Adequado
2019,12,2019-12-01,Centro-Oeste,GO,Aparecida de Goiânia,Influenza,243341,Crianças,91.89,95,264812,0,Atenção
2019,12,2019-12-01,Centro-Oeste,MT,Cuiabá,Tríplice Viral,305980,Gestantes,86.23,95,354841,0,Atenção
2019,12,2019-12-01,Centro-Oeste,MS,Campo Grande,BCG,298565,Crianças,89.72,95,332779,2,Atenção
2019,12,2019-12-01,Sudeste,SP,São Paulo,Tríplice Viral,335828,Adolescentes,67.87,80,494784,1,Atenção
2019,12,2019-12-01,Sudeste,SP,Campinas,Poliomielite,123698,Idosos,82.75,95,149476,1,Atenção
2019,12,2019-12-01,Sudeste,SP,Ribeirão Preto,Hepatite B,248225,Adolescentes,66.56,80,372943,1,Atenção
2019,12,2019-12-01,Sudeste,RJ,Rio de Janeiro,BCG,31890,Adultos,69.76,95,45711,0,Crítico
2019,12,2019-12-01,Sudeste,RJ,Niterói,Hepatite B,348728,Crianças,78.1,95,446507,1,Crítico
2019,12,2019-12-01,Sudeste,RJ,Nova Iguaçu,Hepatite B,288565,Adultos,98.24,80,293738,2,Adequado
2019,12,2019-12-01,Sudeste,RJ,Petrópolis,COVID-19,437454,Adolescentes,89.83,95,486958,1,Atenção
2019,12,2019-12-01,Sudeste,MG,Belo Horizonte,Tríplice Viral,373772,Idosos,86.61,95,431583,1,Atenção
2019,12,2019-12-01,Sudeste,MG,Uberlândia,BCG,223049,Gestantes,87.5,80,254920,0,Adequado
2019,12,2019-12-01,Sudeste,MG,Juiz de Fora,Poliomielite,37817,Adolescentes,82.69,80,45732,0,Adequado
2019,12,2019-12-01,Sudeste,ES,Vitória,Poliomielite,16611,Gestantes,78.78,80,21084,0,Atenção
2019,12,2019-12-01,Sudeste,ES,Vila Velha,Poliomielite,9512,Crianças,80.23,95,11856,2,Atenção
2019,12,2019-12-01,Sudeste,ES,Serra,Poliomielite,392221,Crianças,90.77,95,432082,0,Atenção
2019,12,2019-12-01,Sul,PR,Curitiba,Influenza,33842,Adultos,91.13,95,37137,3,Atenção
2019,12,2019-12-01,Sul,PR,Londrina,Hepatite B,281946,Adultos,78.85,95,357570,0,Crítico
2019,12,2019-12-01,Sul,SC,Florianópolis,Poliomielite,342834,Adultos,80.0,95,428564,1,Crítico
2019,12,2019-12-01,Sul,SC,Joinville,Poliomielite,433429,Gestantes,86.73,95,499769,1,Atenção
2019,12,2019-12-01,Sul,RS,Porto Alegre,BCG,79912,Idosos,96.15,80,83115,2,Adequado
2019,12,2019-12-01,Sul,RS,Caxias do Sul,COVID-19,225088,Adultos,60.68,80,370939,0,Crítico
2020,1,2020-01-01,Norte,AM,Manaus,Poliomielite,305947,Crianças,80.46,80,380249,2,Adequado
2020,1,2020-01-01,Norte,PA,Belém,Poliomielite,123001,Idosos,85.48,95,143898,1,Atenção
2020,1,2020-01-01,Norte,PA,Santarém,Tríplice Viral,335013,Adultos,74.54,95,449414,0,Crítico
2020,1,2020-01-01,Norte,RO,Porto Velho,BCG,366966,Crianças,81.95,95,447772,2,Atenção
2020,1,2020-01-01,Norte,TO,Palmas,Hepatite B,277670,Adultos,90.58,80,306542,5,Adequado
2020,1,2020-01-01,Nordeste,BA,Salvador,Influenza,110284,Adolescentes,97.45,80,113167,1,Adequado
2020,1,2020-01-01,Nordeste,BA,Feira de Santana,Tríplice Viral,83768,Gestantes,79.37,95,105538,0,Crítico
2020,1,2020-01-01,Nordeste,PE,Recife,Poliomielite,364014,Gestantes,82.48,80,441357,1,Adequado
2020,1,2020-01-01,Nordeste,PE,Jaboatão dos Guararapes,Poliomielite,338113,Gestantes,100.0,95,338113,1,Adequado
2020,1,2020-01-01,Nordeste,CE,Fortaleza,BCG,146305,Adultos,75.7,95,193263,0,Crítico
2020,1,2020-01-01,Nordeste,CE,Juazeiro do Norte,Poliomielite,116439,Adultos,66.79,95,174339,1,Crítico
2020,1,2020-01-01,Nordeste,MA,São Luís,Influenza,412248,Adolescentes,94.16,95,437794,0,Atenção
2020,1,2020-01-01,Nordeste,PB,João Pessoa,Tríplice Viral,339094,Idosos,88.26,95,384180,1,Atenção
2020,1,2020-01-01,Centro-Oeste,DF,Brasília,BCG,113628,Gestantes,76.53,80,148482,0,Atenção
2020,1,2020-01-01,Centro-Oeste,GO,Goiânia,BCG,180723,Adolescentes,87.96,95,205464,1,Atenção
2020,1,2020-01-01,Centro-Oeste,GO,Aparecida de Goiânia,COVID-19,279359,Gestantes,90.36,80,309169,2,Adequado
2020,1,2020-01-01,Centro-Oeste,MT,Cuiabá,Hepatite B,113256,Adolescentes,75.14,95,150731,0,Crítico
2020,1,2020-01-01,Centro-Oeste,MS,Campo Grande,COVID-19,349913,Idosos,72.49,95,482717,0,Crítico
2020,1,2020-01-01,Sudeste,SP,São Paulo,BCG,140543,Gestantes,87.04,95,161464,0,Atenção
2020,1,2020-01-01,Sudeste,SP,Campinas,COVID-19,306246,Adultos,88.17,95,347325,1,Atenção
2020,1,2020-01-01,Sudeste,SP,Ribeirão Preto,BCG,374489,Idosos,80.53,80,465052,3,Adequado
2020,1,2020-01-01,Sudeste,RJ,Rio de Janeiro,Hepatite B,220567,Gestantes,83.3,80,264780,0,Adequado
2020,1,2020-01-01,Sudeste,RJ,Niterói,Poliomielite,303575,Crianças,91.05,80,333412,1,Adequado
2020,1,2020-01-01,Sudeste,RJ,Nova Iguaçu,Influenza,124324,Adolescentes,100.0,95,124324,1,Adequado
2020,1,2020-01-01,Sudeste,RJ,Petrópolis,Hepatite B,79483,Idosos,73.92,80,107533,0,Atenção
2020,1,2020-01-01,Sudeste,MG,Belo Horizonte,Influenza,109191,Adolescentes,95.13,95,114779,2,Adequado
2020,1,2020-01-01,Sudeste,MG,Uberlândia,BCG,94280,Crianças,95.97,80,98245,2,Adequado
2020,1,2020-01-01,Sudeste,MG,Juiz de Fora,Poliomielite,303909,Adultos,91.02,80,333892,1,Adequado
2020,1,2020-01-01,Sudeste,ES,Vitória,COVID-19,205248,Gestantes,89.6,80,229079,2,Adequado
2020,1,2020-01-01,Sudeste,ES,Vila Velha,Tríplice Viral,219219,Adolescentes,96.26,95,227746,1,Adequado
2020,1,2020-01-01,Sudeste,ES,Serra,Poliomielite,145762,Adolescentes,86.04,80,169416,1,Adequado
2020,1,2020-01-01,Sul,PR,Curitiba,Hepatite B,38130,Adolescentes,88.24,95,43212,3,Atenção
2020,1,2020-01-01,Sul,PR,Londrina,Tríplice Viral,320301,Idosos,82.04,95,390437,2,Atenção
2020,1,2020-01-01,Sul,SC,Florianópolis,BCG,57625,Idosos,100.0,80,57625,1,Adequado
2020,1,2020-01-01,Sul,SC,Joinville,BCG,174507,Gestantes,77.06,95,226452,0,Crítico
2020,1,2020-01-01,Sul,RS,Porto Alegre,Tríplice Viral,73071,Adultos,74.31,95,98330,1,Crítico
2020,1,2020-01-01,Sul,RS,Caxias do Sul,Poliomielite,396751,Gestantes,83.52,80,475013,1,Adequado
2020,2,2020-02-01,Norte,AM,Manaus,COVID-19,422468,Adolescentes,92.95,95,454523,0,Atenção
2020,2,2020-02-01,Norte,PA,Belém,BCG,228845,Crianças,65.29,80,350530,2,Atenção
2020,2,2020-02-01,Norte,PA,Santarém,Tríplice Viral,50033,Idosos,89.78,80,55726,2,Adequado
2020,2,2020-02-01,Norte,RO,Porto Velho,BCG,300322,Gestantes,75.24,95,399177,0,Crítico
2020,2,2020-02-01,Norte,TO,Palmas,Poliomielite,375971,Idosos,78.76,95,477376,1,Crítico
2020,2,2020-02-01,Nordeste,BA,Salvador,Hepatite B,123682,Crianças,100.0,95,123682,1,Adequado
2020,2,2020-02-01,Nordeste,BA,Feira de Santana,Tríplice Viral,307218,Idosos,78.89,80,389424,1,Atenção
2020,2,2020-02-01,Nordeste,PE,Recife,Poliomielite,93057,Crianças,71.75,80,129689,2,Atenção
2020,2,2020-02-01,Nordeste,PE,Jaboatão dos Guararapes,Tríplice Viral,213309,Adultos,74.91,95,284746,0,Crítico
2020,2,2020-02-01,Nordeste,CE,Fortaleza,COVID-19,406690,Crianças,89.12,95,456354,1,Atenção
2020,2,2020-02-01,Nordeste,CE,Juazeiro do Norte,Poliomielite,288291,Crianças,68.05,95,423640,1,Crítico
2020,2,2020-02-01,Nordeste,MA,São Luís,BCG,275043,Adolescentes,81.26,95,338473,2,Atenção
2020,2,2020-02-01,Nordeste,PB,João Pessoa,Poliomielite,209478,Gestantes,97.88,95,214025,1,Adequado
2020,2,2020-02-01,Centro-Oeste,DF,Brasília,BCG,248476,Adolescentes,58.64,95,423718,1,Crítico
2020,2,2020-02-01,Centro-Oeste,GO,Goiânia,Tríplice Viral,287506,Gestantes,79.32,95,362449,2,Crítico
2020,2,2020-02-01,Centro-Oeste,GO,Aparecida de Goiânia,Influenza,262626,Crianças,82.69,80,317622,2,Adequado
2020,2,2020-02-01,Centro-Oeste,MT,Cuiabá,Influenza,70370,Idosos,72.47,95,97105,2,Crítico
2020,2,2020-02-01,Centro-Oeste,MS,Campo Grande,Hepatite B,62234,Adolescentes,73.12,80,85113,0,Atenção
2020,2,2020-02-01,Sudeste,SP,São Paulo,COVID-19,257383,Gestantes,100.0,95,257383,0,Adequado
2020,2,2020-02-01,Sudeste,SP,Campinas,COVID-19,294418,Idosos,91.86,95,320512,2,Atenção
2020,2,2020-02-01,Sudeste,SP,Ribeirão Preto,Poliomielite,319242,Crianças,90.3,95,353529,2,Atenção
2020,2,2020-02-01,Sudeste,RJ,Rio de Janeiro,Influenza,15280,Adolescentes,80.4,80,19006,2,Adequado
2020,2,2020-02-01,Sudeste,RJ,Niterói,Hepatite B,82645,Gestantes,83.89,95,98517,1,Atenção
2020,2,2020-02-01,Sudeste,RJ,Nova Iguaçu,Influenza,229377,Adultos,87.96,95,260776,0,Atenção
2020,2,2020-02-01,Sudeste,RJ,Petrópolis,Influenza,84670,Idosos,96.72,80,87538,2,Adequado
2020,2,2020-02-01,Sudeste,MG,Belo Horizonte,Tríplice Viral,196219,Adultos,81.45,95,240907,0,Atenção
2020,2,2020-02-01,Sudeste,MG,Uberlândia,BCG,327645,Adultos,79.84,95,410363,1,Crítico
2020,2,2020-02-01,Sudeste,MG,Juiz de Fora,Poliomielite,323356,Gestantes,92.22,95,350650,1,Atenção
2020,2,2020-02-01,Sudeste,ES,Vitória,BCG,235181,Adolescentes,85.26,95,275830,1,Atenção
2020,2,2020-02-01,Sudeste,ES,Vila Velha,Hepatite B,206427,Adolescentes,62.98,95,327781,1,Crítico
2020,2,2020-02-01,Sudeste,ES,Serra,Poliomielite,36392,Idosos,89.82,95,40517,1,Atenção
2020,2,2020-02-01,Sul,PR,Curitiba,Hepatite B,285941,Adultos,85.99,95,332539,2,Atenção
2020,2,2020-02-01,Sul,PR,Londrina,Hepatite B,192875,Idosos,76.3,95,252785,1,Crítico
2020,2,2020-02-01,Sul,SC,Florianópolis,Poliomielite,407511,Gestantes,91.38,80,445951,1,Adequado
2020,2,2020-02-01,Sul,SC,Joinville,BCG,353519,Idosos,86.57,95,408384,1,Atenção
2020,2,2020-02-01,Sul,RS,Porto Alegre,BCG,275762,Adolescentes,88.08,95,313075,0,Atenção
2020,2,2020-02-01,Sul,RS,Caxias do Sul,COVID-19,67430,Crianças,88.81,80,75924,1,Adequado
2020,3,2020-03-01,Norte,AM,Manaus,COVID-19,145945,Adolescentes,100.0,95,145945,0,Adequado
2020,3,2020-03-01,Norte,PA,Belém,Poliomielite,20823,Adultos,77.73,80,26788,0,Atenção
2020,3,2020-03-01,Norte,PA,Santarém,COVID-19,136660,Adolescentes,86.99,95,157096,0,Atenção
2020,3,2020-03-01,Norte,RO,Porto Velho,Poliomielite,382413,Crianças,79.28,95,482379,0,Crítico
2020,3,2020-03-01,Norte,TO,Palmas,Influenza,25299,Crianças,80.79,95,31314,1,Atenção
2020,3,2020-03-01,Nordeste,BA,Salvador,Hepatite B,264449,Crianças,100.0,95,264449,1,Adequado
2020,3,2020-03-01,Nordeste,BA,Feira de Santana,COVID-19,197997,Gestantes,78.5,95,252220,1,Crítico
2020,3,2020-03-01,Nordeste,PE,Recife,Hepatite B,118673,Idosos,72.23,95,164293,2,Crítico
2020,3,2020-03-01,Nordeste,PE,Jaboatão dos Guararapes,Tríplice Viral,28093,Adultos,67.77,95,41452,0,Crítico
2020,3,2020-03-01,Nordeste,CE,Fortaleza,BCG,180423,Crianças,64.34,80,280409,0,Crítico
2020,3,2020-03-01,Nordeste,CE,Juazeiro do Norte,Influenza,28320,Crianças,92.67,95,30560,0,Atenção
2020,3,2020-03-01,Nordeste,MA,São Luís,Tríplice Viral,318030,Crianças,88.78,95,358211,1,Atenção
2020,3,2020-03-01,Nordeste,PB,João Pessoa,COVID-19,20996,Adultos,87.14,80,24094,1,Adequado
2020,3,2020-03-01,Centro-Oeste,DF,Brasília,Tríplice Viral,24055,Idosos,79.08,95,30421,2,Crítico
2020,3,2020-03-01,Centro-Oeste,GO,Goiânia,BCG,193001,Adultos,82.43,80,234144,0,Adequado
2020,3,2020-03-01,Centro-Oeste,GO,Aparecida de Goiânia,COVID-19,145138,Adultos,75.28,95,192787,1,Crítico
2020,3,2020-03-01,Centro-Oeste,MT,Cuiabá,Hepatite B,323133,Adultos,68.56,95,471283,0,Crítico
2020,3,2020-03-01,Centro-Oeste,MS,Campo Grande,BCG,193432,Gestantes,63.9,80,302732,2,Crítico
2020,3,2020-03-01,Sudeste,SP,São Paulo,Tríplice Viral,75888,Idosos,93.08,95,81530,2,Atenção
2020,3,2020-03-01,Sudeste,SP,Campinas,Tríplice Viral,54607,Adultos,76.88,80,71027,2,Atenção
2020,3,2020-03-01,Sudeste,SP,Ribeirão Preto,BCG,317661,Adultos,87.34,95,363702,1,Atenção
2020,3,2020-03-01,Sudeste,RJ,Rio de Janeiro,COVID-19,346557,Gestantes,79.8,95,434283,0,Crítico
2020,3,2020-03-01,Sudeste,RJ,Niterói,Tríplice Viral,211446,Adolescentes,76.82,95,275249,1,Crítico
2020,3,2020-03-01,Sudeste,RJ,Nova Iguaçu,Hepatite B,171455,Adolescentes,89.08,95,192478,1,Atenção
2020,3,2020-03-01,Sudeste,RJ,Petrópolis,BCG,216690,Adultos,67.38,80,321613,2,Atenção
2020,3,2020-03-01,Sudeste,MG,Belo Horizonte,Poliomielite,393558,Crianças,88.43,95,445068,0,Atenção
2020,3,2020-03-01,Sudeste,MG,Uberlândia,Hepatite B,231584,Gestantes,77.31,95,299563,4,Crítico
2020,3,2020-03-01,Sudeste,MG,Juiz de Fora,Tríplice Viral,360660,Crianças,95.16,80,379013,1,Adequado
2020,3,2020-03-01,Sudeste,ES,Vitória,Tríplice Viral,280759,Adultos,71.56,95,392356,0,Crítico
2020,3,2020-03-01,Sudeste,ES,Vila Velha,Hepatite B,111615,Adolescentes,58.19,80,191808,0,Crítico
2020,3,2020-03-01,Sudeste,ES,Serra,Influenza,285434,Adultos,83.57,95,341551,1,Atenção
2020,3,2020-03-01,Sul,PR,Curitiba,Poliomielite,344563,Adolescentes,70.5,95,488760,2,Crítico
2020,3,2020-03-01,Sul,PR,Londrina,Tríplice Viral,247205,Adolescentes,83.81,95,294976,2,Atenção
2020,3,2020-03-01,Sul,SC,Florianópolis,Tríplice Viral,201955,Gestantes,84.02,95,240373,1,Atenção
2020,3,2020-03-01,Sul,SC,Joinville,COVID-19,196065,Crianças,93.1,95,210595,0,Atenção
2020,3,2020-03-01,Sul,RS,Porto Alegre,Tríplice Viral,329795,Gestantes,84.62,95,389736,2,Atenção
2020,3,2020-03-01,Sul,RS,Caxias do Sul,Hepatite B,167285,Gestantes,82.14,95,203668,1,Atenção
2020,4,2020-04-01,Norte,AM,Manaus,BCG,337471,Gestantes,76.71,80,439912,1,Atenção
2020,4,2020-04-01,Norte,PA,Belém,Poliomielite,192597,Gestantes,51.02,80,377463,2,Crítico
2020,4,2020-04-01,Norte,PA,Santarém,Tríplice Viral,45586,Adolescentes,78.82,95,57838,0,Crítico
2020,4,2020-04-01,Norte,RO,Porto Velho,Poliomielite,278107,Adolescentes,86.01,80,323335,2,Adequado
2020,4,2020-04-01,Norte,TO,Palmas,Hepatite B,321682,Adultos,68.78,80,467682,2,Atenção
2020,4,2020-04-01,Nordeste,BA,Salvador,BCG,179206,Idosos,83.52,80,214569,1,Adequado
2020,4,2020-04-01,Nordeste,BA,Feira de Santana,Tríplice Viral,253366,Idosos,94.98,80,266747,2,Adequado
2020,4,2020-04-01,Nordeste,PE,Recife,Hepatite B,192567,Crianças,100.0,95,192567,0,Adequado
2020,4,2020-04-01,Nordeste,PE,Jaboatão dos Guararapes,COVID-19,277099,Idosos,70.48,80,393180,1,Atenção
2020,4,2020-04-01,Nordeste,CE,Fortaleza,BCG,32283,Gestantes,74.15,95,43536,0,Crítico
2020,4,2020-04-01,Nordeste,CE,Juazeiro do Norte,COVID-19,399298,Adultos,85.14,80,469016,2,Adequado
2020,4,2020-04-01,Nordeste,MA,São Luís,BCG,317072,Adultos,92.85,95,341503,1,Atenção
2020,4,2020-04-01,Nordeste,PB,João Pessoa,Tríplice Viral,271575,Idosos,86.09,80,315465,1,Adequado
2020,4,2020-04-01,Centro-Oeste,DF,Brasília,Tríplice Viral,302243,Adultos,91.05,80,331948,0,Adequado
2020,4,2020-04-01,Centro-Oeste,GO,Goiânia,Tríplice Viral,15493,Adolescentes,98.61,80,15712,0,Adequado
2020,4,2020-04-01,Centro-Oeste,GO,Aparecida de Goiânia,Hepatite B,191185,Adolescentes,97.88,95,195324,2,Adequado
2020,4,2020-04-01,Centro-Oeste,MT,Cuiabá,COVID-19,83575,Adultos,77.9,95,107290,1,Crítico
2020,4,2020-04-01,Centro-Oeste,MS,Campo Grande,Hepatite B,262906,Adultos,81.37,80,323115,0,Adequado
2020,4,2020-04-01,Sudeste,SP,São Paulo,Tríplice Viral,227822,Adultos,91.14,80,249983,0,Adequado
2020,4,2020-04-01,Sudeste,SP,Campinas,Influenza,462210,Crianças,92.69,95,498646,2,Atenção
2020,4,2020-04-01,Sudeste,SP,Ribeirão Preto,Influenza,378990,Idosos,77.51,80,488971,2,Atenção
2020,4,2020-04-01,Sudeste,RJ,Rio de Janeiro,Tríplice Viral,20909,Adolescentes,86.29,95,24232,1,Atenção
2020,4,2020-04-01,Sudeste,RJ,Niterói,Tríplice Viral,227821,Adultos,68.79,80,331160,2,Atenção
2020,4,2020-04-01,Sudeste,RJ,Nova Iguaçu,Hepatite B,48945,Adolescentes,68.46,80,71498,1,Atenção
2020,4,2020-04-01,Sudeste,RJ,Petrópolis,COVID-19,344383,Gestantes,81.2,95,424107,1,Atenção
2020,4,2020-04-01,Sudeste,MG,Belo Horizonte,BCG,137054,Idosos,91.81,95,149284,2,Atenção
2020,4,2020-04-01,Sudeste,MG,Uberlândia,Hepatite B,107151,Idosos,86.19,95,124327,2,Atenção
2020,4,2020-04-01,Sudeste,MG,Juiz de Fora,Influenza,55013,Crianças,48.24,95,114051,1,Crítico
2020,4,2020-04-01,Sudeste,ES,Vitória,BCG,193661,Gestantes,89.77,80,215733,0,Adequado
2020,4,2020-04-01,Sudeste,ES,Vila Velha,Influenza,238809,Idosos,77.47,95,308241,1,Crítico
2020,4,2020-04-01,Sudeste,ES,Serra,Tríplice Viral,174953,Gestantes,71.53,95,244587,0,Crítico
2020,4,2020-04-01,Sul,PR,Curitiba,Tríplice Viral,186069,Adultos,82.77,95,224813,2,Atenção
2020,4,2020-04-01,Sul,PR,Londrina,Tríplice Viral,100875,Idosos,75.33,95,133909,0,Crítico
2020,4,2020-04-01,Sul,SC,Florianópolis,BCG,295426,Idosos,91.9,95,321472,0,Atenção
2020,4,2020-04-01,Sul,SC,Joinville,Hepatite B,235763,Crianças,75.91,80,310579,0,Atenção
2020,4,2020-04-01,Sul,RS,Porto Alegre,COVID-19,51956,Idosos,73.33,95,70856,1,Crítico
2020,4,2020-04-01,Sul,RS,Caxias do Sul,Influenza,149480,Idosos,88.08,80,169707,1,Adequado
2020,5,2020-05-01,Norte,AM,Manaus,COVID-19,262446,Crianças,93.52,95,280628,0,Atenção
2020,5,2020-05-01,Norte,PA,Belém,Tríplice Viral,213258,Adultos,68.14,95,312988,1,Crítico
2020,5,2020-05-01,Norte,PA,Santarém,COVID-19,234094,Crianças,92.03,95,254364,0,Atenção
2020,5,2020-05-01,Norte,RO,Porto Velho,BCG,162140,Idosos,85.46,80,189725,0,Adequado
2020,5,2020-05-01,Norte,TO,Palmas,Tríplice Viral,224288,Crianças,63.39,95,353836,0,Crítico
2020,5,2020-05-01,Nordeste,BA,Salvador,COVID-19,349958,Crianças,78.58,95,445336,0,Crítico
2020,5,2020-05-01,Nordeste,BA,Feira de Santana,Hepatite B,89422,Gestantes,73.82,80,121133,1,Atenção
2020,5,2020-05-01,Nordeste,PE,Recife,BCG,266171,Idosos,100.0,80,266171,1,Adequado
2020,5,2020-05-01,Nordeste,PE,Jaboatão dos Guararapes,COVID-19,364237,Idosos,84.53,80,430918,1,Adequado
2020,5,2020-05-01,Nordeste,CE,Fortaleza,Tríplice Viral,100627,Adolescentes,70.49,95,142745,0,Crítico
2020,5,2020-05-01,Nordeste,CE,Juazeiro do Norte,Poliomielite,251059,Adolescentes,82.3,95,305045,3,Atenção
2020,5,2020-05-01,Nordeste,MA,São Luís,Tríplice Viral,218308,Adolescentes,79.49,80,274624,1,Atenção
2020,5,2020-05-01,Nordeste,PB,João Pessoa,Influenza,208734,Idosos,87.2,95,239380,2,Atenção
2020,5,2020-05-01,Centro-Oeste,DF,Brasília,COVID-19,376018,Crianças,86.74,95,433488,0,Atenção
2020,5,2020-05-01,Centro-Oeste,GO,Goiânia,COVID-19,58394,Adolescentes,64.27,80,90861,2,Crítico
2020,5,2020-05-01,Centro-Oeste,GO,Aparecida de Goiânia,Hepatite B,337544,Crianças,79.81,95,422924,1,Crítico
2020,5,2020-05-01,Centro-Oeste,MT,Cuiabá,COVID-19,477476,Gestantes,100.0,80,477476,1,Adequado
2020,5,2020-05-01,Centro-Oeste,MS,Campo Grande,Hepatite B,98457,Crianças,83.79,95,117504,0,Atenção
2020,5,2020-05-01,Sudeste,SP,São Paulo,COVID-19,136495,Gestantes,79.55,95,171593,1,Crítico
2020,5,2020-05-01,Sudeste,SP,Campinas,Influenza,213335,Idosos,96.36,80,221399,0,Adequado
2020,5,2020-05-01,Sudeste,SP,Ribeirão Preto,Hepatite B,9817,Adultos,92.71,95,10590,1,Atenção
2020,5,2020-05-01,Sudeste,RJ,Rio de Janeiro,Influenza,294182,Adultos,85.84,95,342722,0,Atenção
2020,5,2020-05-01,Sudeste,RJ,Niterói,Hepatite B,293251,Gestantes,88.1,80,332863,1,Adequado
2020,5,2020-05-01,Sudeste,RJ,Nova Iguaçu,Poliomielite,95338,Idosos,80.79,95,118010,3,Atenção
2020,5,2020-05-01,Sudeste,RJ,Petrópolis,Poliomielite,212806,Crianças,73.07,95,291256,0,Crítico
2020,5,2020-05-01,Sudeste,MG,Belo Horizonte,Influenza,225161,Idosos,100.0,95,225161,0,Adequado
2020,5,2020-05-01,Sudeste,MG,Uberlândia,COVID-19,206046,Crianças,100.0,95,206046,1,Adequado
2020,5,2020-05-01,Sudeste,MG,Juiz de Fora,Hepatite B,325594,Crianças,83.86,95,388267,0,Atenção
2020,5,2020-05-01,Sudeste,ES,Vitória,COVID-19,136225,Adultos,100.0,95,136225,1,Adequado
2020,5,2020-05-01,Sudeste,ES,Vila Velha,Tríplice Viral,351313,Gestantes,70.74,80,496641,0,Atenção
2020,5,2020-05-01,Sudeste,ES,Serra,BCG,267093,Idosos,80.63,80,331251,2,Adequado
2020,5,2020-05-01,Sul,PR,Curitiba,Hepatite B,247517,Gestantes,98.49,95,251314,0,Adequado
2020,5,2020-05-01,Sul,PR,Londrina,BCG,216516,Adolescentes,98.3,95,220269,0,Adequado
2020,5,2020-05-01,Sul,SC,Florianópolis,BCG,288131,Gestantes,75.42,80,382025,0,Atenção
2020,5,2020-05-01,Sul,SC,Joinville,COVID-19,458973,Adolescentes,93.4,80,491413,2,Adequado
2020,5,2020-05-01,Sul,RS,Porto Alegre,COVID-19,417586,Crianças,86.21,95,484398,1,Atenção
2020,5,2020-05-01,Sul,RS,Caxias do Sul,COVID-19,148236,Gestantes,77.37,80,191587,0,Atenção
2020,6,2020-06-01,Norte,AM,Manaus,Poliomielite,256262,Gestantes,78.64,95,325876,3,Crítico
2020,6,2020-06-01,Norte,PA,Belém,BCG,171274,Idosos,79.07,95,216600,3,Crítico
2020,6,2020-06-01,Norte,PA,Santarém,Influenza,306217,Adultos,76.3,95,401348,0,Crítico
2020,6,2020-06-01,Norte,RO,Porto Velho,Hepatite B,29136,Adultos,73.91,95,39422,0,Crítico
2020,6,2020-06-01,Norte,TO,Palmas,BCG,294275,Idosos,100.0,95,294275,1,Adequado
2020,6,2020-06-01,Nordeste,BA,Salvador,Tríplice Viral,251977,Crianças,72.46,95,347740,1,Crítico
2020,6,2020-06-01,Nordeste,BA,Feira de Santana,Hepatite B,186400,Adultos,95.41,80,195370,0,Adequado
2020,6,2020-06-01,Nordeste,PE,Recife,Hepatite B,232835,Crianças,100.0,95,232835,0,Adequado
2020,6,2020-06-01,Nordeste,PE,Jaboatão dos Guararapes,Tríplice Viral,70225,Adultos,100.0,80,70225,1,Adequado
2020,6,2020-06-01,Nordeste,CE,Fortaleza,Poliomielite,236446,Crianças,88.1,95,268372,0,Atenção
2020,6,2020-06-01,Nordeste,CE,Juazeiro do Norte,Hepatite B,295740,Crianças,68.43,80,432189,0,Atenção
2020,6,2020-06-01,Nordeste,MA,São Luís,COVID-19,186310,Gestantes,93.57,95,199109,1,Atenção
2020,6,2020-06-01,Nordeste,PB,João Pessoa,Influenza,376219,Gestantes,75.97,95,495242,2,Crítico
2020,6,2020-06-01,Centro-Oeste,DF,Brasília,COVID-19,117392,Adultos,89.31,95,131446,0,Atenção
2020,6,2020-06-01,Centro-Oeste,GO,Goiânia,COVID-19,158914,Adolescentes,87.82,95,180960,0,Atenção
2020,6,2020-06-01,Centro-Oeste,GO,Aparecida de Goiânia,BCG,123547,Adultos,72.41,95,170632,0,Crítico
2020,6,2020-06-01,Centro-Oeste,MT,Cuiabá,Tríplice Viral,149068,Adolescentes,88.32,80,168782,0,Adequado
2020,6,2020-06-01,Centro-Oeste,MS,Campo Grande,BCG,245522,Crianças,80.73,80,304125,1,Adequado
2020,6,2020-06-01,Sudeste,SP,São Paulo,Poliomielite,159548,Gestantes,73.66,95,216599,2,Crítico
2020,6,2020-06-01,Sudeste,SP,Campinas,BCG,379482,Adolescentes,84.57,95,448731,1,Atenção
2020,6,2020-06-01,Sudeste,SP,Ribeirão Preto,Tríplice Viral,81659,Adultos,83.67,95,97601,3,Atenção
2020,6,2020-06-01,Sudeste,RJ,Rio de Janeiro,Hepatite B,252862,Adultos,84.01,80,300981,2,Adequado
2020,6,2020-06-01,Sudeste,RJ,Niterói,Hepatite B,302303,Crianças,75.3,80,401490,3,Atenção
2020,6,2020-06-01,Sudeste,RJ,Nova Iguaçu,BCG,167478,Crianças,86.59,80,193418,0,Adequado
2020,6,2020-06-01,Sudeste,RJ,Petrópolis,BCG,295601,Adultos,84.51,80,349795,0,Adequado
2020,6,2020-06-01,Sudeste,MG,Belo Horizonte,COVID-19,233798,Adultos,94.74,95,246780,2,Atenção
2020,6,2020-06-01,Sudeste,MG,Uberlândia,COVID-19,139130,Idosos,77.83,80,178756,1,Atenção
2020,6,2020-06-01,Sudeste,MG,Juiz de Fora,Poliomielite,302631,Adultos,88.73,80,341075,0,Adequado
2020,6,2020-06-01,Sudeste,ES,Vitória,Influenza,302910,Gestantes,67.45,80,449069,0,Atenção
2020,6,2020-06-01,Sudeste,ES,Vila Velha,Tríplice Viral,370127,Idosos,80.69,95,458716,3,Atenção
2020,6,2020-06-01,Sudeste,ES,Serra,Influenza,243171,Adultos,81.1,95,299833,0,Atenção
2020,6,2020-06-01,Sul,PR,Curitiba,Tríplice Viral,101589,Idosos,80.43,95,126302,2,Atenção
2020,6,2020-06-01,Sul,PR,Londrina,Hepatite B,250870,Adolescentes,76.06,95,329812,2,Crítico
2020,6,2020-06-01,Sul,SC,Florianópolis,Hepatite B,439462,Idosos,89.22,95,492570,3,Atenção
2020,6,2020-06-01,Sul,SC,Joinville,COVID-19,158713,Adolescentes,96.89,80,163812,1,Adequado
2020,6,2020-06-01,Sul,RS,Porto Alegre,Hepatite B,330500,Adolescentes,75.35,80,438649,4,Atenção
2020,6,2020-06-01,Sul,RS,Caxias do Sul,Hepatite B,11360,Adultos,89.89,80,12638,0,Adequado
2020,7,2020-07-01,Norte,AM,Manaus,Tríplice Viral,41334,Crianças,88.37,95,46773,0,Atenção
2020,7,2020-07-01,Norte,PA,Belém,Poliomielite,174129,Crianças,77.55,95,224528,1,Crítico
2020,7,2020-07-01,Norte,PA,Santarém,Poliomielite,210917,Gestantes,65.94,80,319875,2,Atenção
2020,7,2020-07-01,Norte,RO,Porto Velho,BCG,349196,Gestantes,72.12,95,484159,0,Crítico
2020,7,2020-07-01,Norte,TO,Palmas,Tríplice Viral,498550,Crianças,100.0,95,498550,1,Adequado
2020,7,2020-07-01,Nordeste,BA,Salvador,Influenza,328723,Adultos,75.64,80,434594,2,Atenção
2020,7,2020-07-01,Nordeste,BA,Feira de Santana,COVID-19,32355,Adolescentes,90.15,80,35891,2,Adequado
2020,7,2020-07-01,Nordeste,PE,Recife,Poliomielite,37841,Adultos,81.34,95,46524,3,Atenção
2020,7,2020-07-01,Nordeste,PE,Jaboatão dos Guararapes,Tríplice Viral,196817,Adolescentes,74.79,95,263171,2,Crítico
2020,7,2020-07-01,Nordeste,CE,Fortaleza,Influenza,223500,Adultos,71.46,95,312783,1,Crítico
2020,7,2020-07-01,Nordeste,CE,Juazeiro do Norte,Tríplice Viral,73707,Adultos,70.97,95,103852,0,Crítico
2020,7,2020-07-01,Nordeste,MA,São Luís,Hepatite B,325829,Gestantes,92.01,95,354110,0,Atenção
2020,7,2020-07-01,Nordeste,PB,João Pessoa,Tríplice Viral,283734,Adolescentes,65.78,95,431350,1,Crítico
2020,7,2020-07-01,Centro-Oeste,DF,Brasília,Hepatite B,411133,Crianças,99.2,80,414440,1,Adequado
2020,7,2020-07-01,Centro-Oeste,GO,Goiânia,Influenza,55963,Gestantes,88.86,95,62982,0,Atenção
2020,7,2020-07-01,Centro-Oeste,GO,Aparecida de Goiânia,Tríplice Viral,421006,Idosos,88.61,95,475128,0,Atenção
2020,7,2020-07-01,Centro-Oeste,MT,Cuiabá,BCG,197371,Idosos,72.63,80,271761,0,Atenção
2020,7,2020-07-01,Centro-Oeste,MS,Campo Grande,COVID-19,319188,Crianças,81.52,95,391529,1,Atenção
2020,7,2020-07-01,Sudeste,SP,São Paulo,Hepatite B,296238,Adolescentes,94.05,95,314984,2,Atenção
2020,7,2020-07-01,Sudeste,SP,Campinas,Hepatite B,382010,Crianças,84.57,80,451695,0,Adequado
2020,7,2020-07-01,Sudeste,SP,Ribeirão Preto,BCG,87187,Adultos,90.22,80,96642,1,Adequado
2020,7,2020-07-01,Sudeste,RJ,Rio de Janeiro,Tríplice Viral,331600,Adolescentes,86.19,95,384720,2,Atenção
2020,7,2020-07-01,Sudeste,RJ,Niterói,Hepatite B,171497,Idosos,85.14,95,201431,3,Atenção
2020,7,2020-07-01,Sudeste,RJ,Nova Iguaçu,Hepatite B,127771,Adolescentes,100.0,80,127771,1,Adequado
2020,7,2020-07-01,Sudeste,RJ,Petrópolis,Hepatite B,64111,Crianças,63.75,95,100560,6,Crítico
2020,7,2020-07-01,Sudeste,MG,Belo Horizonte,Poliomielite,25236,Gestantes,91.45,95,27597,2,Atenção
2020,7,2020-07-01,Sudeste,MG,Uberlândia,Tríplice Viral,341003,Crianças,89.93,80,379208,1,Adequado
2020,7,2020-07-01,Sudeste,MG,Juiz de Fora,Tríplice Viral,134525,Idosos,90.14,80,149247,0,Adequado
2020,7,2020-07-01,Sudeste,ES,Vitória,Tríplice Viral,248572,Idosos,86.99,95,285743,2,Atenção
2020,7,2020-07-01,Sudeste,ES,Vila Velha,Poliomielite,188062,Adultos,72.45,80,259584,4,Atenção
2020,7,2020-07-01,Sudeste,ES,Serra,Poliomielite,176344,Idosos,83.67,80,210767,1,Adequado
2020,7,2020-07-01,Sul,PR,Curitiba,Poliomielite,201397,Adultos,91.92,95,219110,1,Atenção
2020,7,2020-07-01,Sul,PR,Londrina,Poliomielite,213561,Adultos,88.77,80,240583,2,Adequado
2020,7,2020-07-01,Sul,SC,Florianópolis,Influenza,358052,Gestantes,86.15,95,415610,2,Atenção
2020,7,2020-07-01,Sul,SC,Joinville,Tríplice Viral,108790,Crianças,88.68,80,122677,4,Adequado
2020,7,2020-07-01,Sul,RS,Porto Alegre,COVID-19,322943,Idosos,74.03,95,436217,0,Crítico
2020,7,2020-07-01,Sul,RS,Caxias do Sul,BCG,293258,Gestantes,74.08,95,395854,2,Crítico
2020,8,2020-08-01,Norte,AM,Manaus,Hepatite B,282721,Idosos,90.76,95,311514,0,Atenção
2020,8,2020-08-01,Norte,PA,Belém,Tríplice Viral,366338,Gestantes,85.42,95,428851,1,Atenção
2020,8,2020-08-01,Norte,PA,Santarém,Hepatite B,94615,Gestantes,86.53,95,109343,2,Atenção
2020,8,2020-08-01,Norte,RO,Porto Velho,BCG,16120,Adultos,71.13,80,22664,3,Atenção
2020,8,2020-08-01,Norte,TO,Palmas,BCG,133865,Adolescentes,71.98,95,185971,1,Crítico
2020,8,2020-08-01,Nordeste,BA,Salvador,COVID-19,95237,Adultos,69.01,95,138009,0,Crítico
2020,8,2020-08-01,Nordeste,BA,Feira de Santana,COVID-19,138140,Crianças,68.69,95,201104,0,Crítico
2020,8,2020-08-01,Nordeste,PE,Recife,COVID-19,36811,Gestantes,91.9,95,40058,0,Atenção
2020,8,2020-08-01,Nordeste,PE,Jaboatão dos Guararapes,Poliomielite,317904,Adolescentes,78.25,95,406246,0,Crítico
2020,8,2020-08-01,Nordeste,CE,Fortaleza,Tríplice Viral,206482,Gestantes,72.83,80,283503,2,Atenção
2020,8,2020-08-01,Nordeste,CE,Juazeiro do Norte,BCG,25785,Gestantes,83.8,95,30769,0,Atenção
2020,8,2020-08-01,Nordeste,MA,São Luís,Tríplice Viral,349085,Adultos,100.0,80,349085,1,Adequado
2020,8,2020-08-01,Nordeste,PB,João Pessoa,Poliomielite,124871,Crianças,90.84,95,137463,1,Atenção
2020,8,2020-08-01,Centro-Oeste,DF,Brasília,Poliomielite,104286,Gestantes,91.96,80,113410,0,Adequado
2020,8,2020-08-01,Centro-Oeste,GO,Goiânia,Tríplice Viral,150825,Adolescentes,80.89,95,186455,0,Atenção
2020,8,2020-08-01,Centro-Oeste,GO,Aparecida de Goiânia,Hepatite B,320615,Idosos,72.02,95,445154,1,Crítico
2020,8,2020-08-01,Centro-Oeste,MT,Cuiabá,Poliomielite,128111,Idosos,88.67,95,144486,1,Atenção
2020,8,2020-08-01,Centro-Oeste,MS,Campo Grande,COVID-19,203195,Gestantes,69.77,80,291234,1,Atenção
2020,8,2020-08-01,Sudeste,SP,São Paulo,BCG,66513,Gestantes,76.74,95,86677,0,Crítico
2020,8,2020-08-01,Sudeste,SP,Campinas,Tríplice Viral,173929,Adultos,96.48,80,180273,1,Adequado
2020,8,2020-08-01,Sudeste,SP,Ribeirão Preto,Influenza,102078,Idosos,88.0,80,116000,0,Adequado
2020,8,2020-08-01,Sudeste,RJ,Rio de Janeiro,Tríplice Viral,81650,Idosos,81.35,95,100371,0,Atenção
2020,8,2020-08-01,Sudeste,RJ,Niterói,Tríplice Viral,248151,Gestantes,69.75,95,355765,0,Crítico
2020,8,2020-08-01,Sudeste,RJ,Nova Iguaçu,BCG,289759,Crianças,83.29,95,347879,0,Atenção
2020,8,2020-08-01,Sudeste,RJ,Petrópolis,Tríplice Viral,214067,Gestantes,73.75,95,290274,0,Crítico
2020,8,2020-08-01,Sudeste,MG,Belo Horizonte,Influenza,120294,Adolescentes,94.51,80,127282,4,Adequado
2020,8,2020-08-01,Sudeste,MG,Uberlândia,COVID-19,142516,Gestantes,80.15,95,177804,1,Atenção
2020,8,2020-08-01,Sudeste,MG,Juiz de Fora,Poliomielite,288984,Crianças,71.77,80,402641,0,Atenção
2020,8,2020-08-01,Sudeste,ES,Vitória,BCG,329549,Idosos,74.34,80,443275,1,Atenção
2020,8,2020-08-01,Sudeste,ES,Vila Velha,BCG,71226,Adolescentes,92.44,80,77050,2,Adequado
2020,8,2020-08-01,Sudeste,ES,Serra,Tríplice Viral,252643,Gestantes,84.69,95,298329,1,Atenção
2020,8,2020-08-01,Sul,PR,Curitiba,Hepatite B,355565,Adolescentes,87.39,95,406852,2,Atenção
2020,8,2020-08-01,Sul,PR,Londrina,Hepatite B,326604,Idosos,100.0,80,326604,1,Adequado
2020,8,2020-08-01,Sul,SC,Florianópolis,Tríplice Viral,388289,Idosos,93.84,95,413759,2,Atenção
2020,8,2020-08-01,Sul,SC,Joinville,Poliomielite,287646,Idosos,94.73,95,303657,0,Atenção
2020,8,2020-08-01,Sul,RS,Porto Alegre,COVID-19,449316,Idosos,94.77,80,474088,1,Adequado
2020,8,2020-08-01,Sul,RS,Caxias do Sul,COVID-19,309495,Adultos,99.01,80,312588,1,Adequado
2020,9,2020-09-01,Norte,AM,Manaus,COVID-19,350510,Gestantes,95.33,80,367686,1,Adequado
2020,9,2020-09-01,Norte,PA,Belém,Tríplice Viral,31675,Adolescentes,91.5,95,34617,0,Atenção
2020,9,2020-09-01,Norte,PA,Santarém,Poliomielite,32613,Adultos,89.87,95,36291,0,Atenção
2020,9,2020-09-01,Norte,RO,Porto Velho,Poliomielite,311159,Crianças,77.87,95,399568,1,Crítico
2020,9,2020-09-01,Norte,TO,Palmas,COVID-19,109488,Adolescentes,78.74,80,139052,0,Atenção
2020,9,2020-09-01,Nordeste,BA,Salvador,Influenza,93120,Idosos,88.66,95,105035,2,Atenção
2020,9,2020-09-01,Nordeste,BA,Feira de Santana,BCG,34985,Adolescentes,75.33,95,46446,1,Crítico
2020,9,2020-09-01,Nordeste,PE,Recife,BCG,48690,Crianças,70.15,95,69410,2,Crítico
2020,9,2020-09-01,Nordeste,PE,Jaboatão dos Guararapes,BCG,266785,Crianças,75.62,80,352783,0,Atenção
2020,9,2020-09-01,Nordeste,CE,Fortaleza,COVID-19,352710,Gestantes,78.44,95,449658,0,Crítico
2020,9,2020-09-01,Nordeste,CE,Juazeiro do Norte,Poliomielite,142296,Idosos,72.21,95,197062,1,Crítico
2020,9,2020-09-01,Nordeste,MA,São Luís,Hepatite B,370563,Gestantes,91.19,80,406371,1,Adequado
2020,9,2020-09-01,Nordeste,PB,João Pessoa,Poliomielite,62927,Adolescentes,60.21,80,104518,0,Crítico
2020,9,2020-09-01,Centro-Oeste,DF,Brasília,Tríplice Viral,35074,Gestantes,62.81,95,55839,1,Crítico
2020,9,2020-09-01,Centro-Oeste,GO,Goiânia,Influenza,117862,Adolescentes,66.0,80,178591,1,Atenção
2020,9,2020-09-01,Centro-Oeste,GO,Aparecida de Goiânia,Poliomielite,201866,Adolescentes,96.69,95,208779,1,Adequado
2020,9,2020-09-01,Centro-Oeste,MT,Cuiabá,Hepatite B,197970,Adultos,77.0,80,257095,1,Atenção
2020,9,2020-09-01,Centro-Oeste,MS,Campo Grande,COVID-19,179998,Idosos,80.81,95,222741,0,Atenção
2020,9,2020-09-01,Sudeste,SP,São Paulo,Poliomielite,352332,Adolescentes,71.62,95,491947,0,Crítico
2020,9,2020-09-01,Sudeste,SP,Campinas,Influenza,182540,Adolescentes,82.11,80,222307,0,Adequado
2020,9,2020-09-01,Sudeste,SP,Ribeirão Preto,Poliomielite,75427,Gestantes,90.59,80,83261,0,Adequado
2020,9,2020-09-01,Sudeste,RJ,Rio de Janeiro,BCG,267152,Crianças,87.98,95,303664,0,Atenção
2020,9,2020-09-01,Sudeste,RJ,Niterói,BCG,164888,Adultos,64.97,95,253785,1,Crítico
2020,9,2020-09-01,Sudeste,RJ,Nova Iguaçu,BCG,385831,Adolescentes,82.6,95,467085,0,Atenção
2020,9,2020-09-01,Sudeste,RJ,Petrópolis,Hepatite B,10232,Idosos,79.86,95,12813,3,Crítico
2020,9,2020-09-01,Sudeste,MG,Belo Horizonte,Influenza,140950,Crianças,76.91,80,183261,2,Atenção
2020,9,2020-09-01,Sudeste,MG,Uberlândia,Influenza,468641,Crianças,97.33,80,481513,3,Adequado
2020,9,2020-09-01,Sudeste,MG,Juiz de Fora,COVID-19,357717,Adultos,85.15,95,420121,1,Atenção
2020,9,2020-09-01,Sudeste,ES,Vitória,Hepatite B,168392,Adolescentes,100.0,95,168392,0,Adequado
2020,9,2020-09-01,Sudeste,ES,Vila Velha,COVID-19,111091,Adultos,85.62,95,129754,0,Atenção
2020,9,2020-09-01,Sudeste,ES,Serra,COVID-19,104433,Gestantes,97.79,95,106795,0,Adequado
2020,9,2020-09-01,Sul,PR,Curitiba,Hepatite B,152747,Idosos,91.06,95,167748,2,Atenção
2020,9,2020-09-01,Sul,PR,Londrina,BCG,15767,Idosos,78.42,95,20107,1,Crítico
2020,9,2020-09-01,Sul,SC,Florianópolis,Hepatite B,391076,Adolescentes,84.68,95,461806,1,Atenção
2020,9,2020-09-01,Sul,SC,Joinville,Influenza,77432,Adolescentes,87.93,80,88059,0,Adequado
2020,9,2020-09-01,Sul,RS,Porto Alegre,Tríplice Viral,155238,Crianças,83.31,95,186327,1,Atenção
2020,9,2020-09-01,Sul,RS,Caxias do Sul,Tríplice Viral,299014,Adolescentes,94.76,95,315542,1,Atenção
2020,10,2020-10-01,Norte,AM,Manaus,Tríplice Viral,90922,Idosos,82.42,95,110316,0,Atenção
2020,10,2020-10-01,Norte,PA,Belém,BCG,451598,Adultos,99.6,95,453430,0,Adequado
2020,10,2020-10-01,Norte,PA,Santarém,Influenza,18995,Crianças,67.68,80,28068,1,Atenção
2020,10,2020-10-01,Norte,RO,Porto Velho,Tríplice Viral,473544,Adolescentes,95.94,80,493598,3,Adequado
2020,10,2020-10-01,Norte,TO,Palmas,Influenza,106014,Crianças,79.81,95,132828,0,Crítico
2020,10,2020-10-01,Nordeste,BA,Salvador,Tríplice Viral,175821,Adultos,80.58,80,218186,0,Adequado
2020,10,2020-10-01,Nordeste,BA,Feira de Santana,BCG,262647,Gestantes,81.2,80,323451,1,Adequado
2020,10,2020-10-01,Nordeste,PE,Recife,Hepatite B,86564,Gestantes,87.47,95,98966,1,Atenção
2020,10,2020-10-01,Nordeste,PE,Jaboatão dos Guararapes,COVID-19,298468,Gestantes,93.38,80,319640,2,Adequado
2020,10,2020-10-01,Nordeste,CE,Fortaleza,COVID-19,278549,Gestantes,70.87,80,393022,0,Atenção
2020,10,2020-10-01,Nordeste,CE,Juazeiro do Norte,COVID-19,61483,Adolescentes,79.45,95,77390,1,Crítico
2020,10,2020-10-01,Nordeste,MA,São Luís,Hepatite B,90625,Adolescentes,83.33,95,108761,0,Atenção
2020,10,2020-10-01,Nordeste,PB,João Pessoa,COVID-19,144350,Gestantes,82.71,95,174530,1,Atenção
2020,10,2020-10-01,Centro-Oeste,DF,Brasília,Poliomielite,48974,Crianças,60.98,95,80311,0,Crítico
2020,10,2020-10-01,Centro-Oeste,GO,Goiânia,Influenza,93990,Crianças,84.37,80,111403,2,Adequado
2020,10,2020-10-01,Centro-Oeste,GO,Aparecida de Goiânia,Poliomielite,411470,Crianças,91.44,95,449987,0,Atenção
2020,10,2020-10-01,Centro-Oeste,MT,Cuiabá,Poliomielite,332960,Idosos,88.77,80,375062,1,Adequado
2020,10,2020-10-01,Centro-Oeste,MS,Campo Grande,Tríplice Viral,335474,Adolescentes,85.28,95,393387,0,Atenção
2020,10,2020-10-01,Sudeste,SP,São Paulo,Influenza,342418,Gestantes,91.12,95,375786,3,Atenção
2020,10,2020-10-01,Sudeste,SP,Campinas,Tríplice Viral,230951,Adolescentes,73.95,80,312294,1,Atenção
2020,10,2020-10-01,Sudeste,SP,Ribeirão Preto,COVID-19,72707,Crianças,75.44,95,96374,1,Crítico
2020,10,2020-10-01,Sudeste,RJ,Rio de Janeiro,COVID-19,59344,Crianças,84.45,80,70276,2,Adequado
2020,10,2020-10-01,Sudeste,RJ,Niterói,COVID-19,184969,Adultos,88.49,95,209024,0,Atenção
2020,10,2020-10-01,Sudeste,RJ,Nova Iguaçu,Poliomielite,134784,Gestantes,82.41,80,163560,0,Adequado
2020,10,2020-10-01,Sudeste,RJ,Petrópolis,Influenza,159600,Gestantes,87.06,95,183319,3,Atenção
2020,10,2020-10-01,Sudeste,MG,Belo Horizonte,Hepatite B,307418,Adolescentes,87.18,80,352623,0,Adequado
2020,10,2020-10-01,Sudeste,MG,Uberlândia,BCG,394934,Adolescentes,87.17,80,453068,1,Adequado
2020,10,2020-10-01,Sudeste,MG,Juiz de Fora,Hepatite B,441855,Gestantes,88.9,95,497025,0,Atenção
2020,10,2020-10-01,Sudeste,ES,Vitória,COVID-19,362098,Gestantes,77.28,95,468526,0,Crítico
2020,10,2020-10-01,Sudeste,ES,Vila Velha,Hepatite B,138890,Crianças,82.88,95,167577,1,Atenção
2020,10,2020-10-01,Sudeste,ES,Serra,Poliomielite,424067,Adolescentes,85.66,80,495039,3,Adequado
2020,10,2020-10-01,Sul,PR,Curitiba,BCG,458759,Adultos,96.55,95,475171,1,Adequado
2020,10,2020-10-01,Sul,PR,Londrina,Hepatite B,403697,Adultos,83.63,80,482718,1,Adequado
2020,10,2020-10-01,Sul,SC,Florianópolis,Influenza,26126,Gestantes,84.64,95,30868,1,Atenção
2020,10,2020-10-01,Sul,SC,Joinville,COVID-19,210561,Idosos,100.0,95,210561,1,Adequado
2020,10,2020-10-01,Sul,RS,Porto Alegre,Influenza,152095,Gestantes,77.62,95,195956,1,Crítico
2020,10,2020-10-01,Sul,RS,Caxias do Sul,Poliomielite,419297,Gestantes,91.86,80,456440,1,Adequado
2020,11,2020-11-01,Norte,AM,Manaus,Hepatite B,100335,Adultos,71.4,95,140532,1,Crítico
2020,11,2020-11-01,Norte,PA,Belém,Influenza,283702,Crianças,65.56,80,432768,0,Atenção
2020,11,2020-11-01,Norte,PA,Santarém,COVID-19,468283,Adultos,98.46,80,475587,2,Adequado
2020,11,2020-11-01,Norte,RO,Porto Velho,Hepatite B,69862,Adultos,68.75,95,101611,1,Crítico
2020,11,2020-11-01,Norte,TO,Palmas,BCG,126134,Gestantes,91.38,95,138034,0,Atenção
2020,11,2020-11-01,Nordeste,BA,Salvador,Hepatite B,266704,Idosos,97.77,80,272794,0,Adequado
2020,11,2020-11-01,Nordeste,BA,Feira de Santana,BCG,89946,Gestantes,67.74,95,132774,0,Crítico
2020,11,2020-11-01,Nordeste,PE,Recife,Tríplice Viral,330472,Crianças,87.41,95,378057,2,Atenção
2020,11,2020-11-01,Nordeste,PE,Jaboatão dos Guararapes,Tríplice Viral,147757,Idosos,71.15,80,207681,1,Atenção
2020,11,2020-11-01,Nordeste,CE,Fortaleza,BCG,181867,Idosos,77.53,95,234589,1,Crítico
2020,11,2020-11-01,Nordeste,CE,Juazeiro do Norte,COVID-19,216972,Adultos,75.47,80,287494,0,Atenção
2020,11,2020-11-01,Nordeste,MA,São Luís,COVID-19,17954,Adolescentes,71.59,95,25078,0,Crítico
2020,11,2020-11-01,Nordeste,PB,João Pessoa,BCG,221221,Adolescentes,82.36,95,268612,0,Atenção
2020,11,2020-11-01,Centro-Oeste,DF,Brasília,COVID-19,61362,Crianças,65.26,95,94033,1,Crítico
2020,11,2020-11-01,Centro-Oeste,GO,Goiânia,Poliomielite,233080,Adultos,63.55,95,366783,0,Crítico
2020,11,2020-11-01,Centro-Oeste,GO,Aparecida de Goiânia,Hepatite B,156064,Crianças,92.36,80,168971,1,Adequado
2020,11,2020-11-01,Centro-Oeste,MT,Cuiabá,Poliomielite,145747,Adolescentes,93.34,80,156152,1,Adequado
2020,11,2020-11-01,Centro-Oeste,MS,Campo Grande,Influenza,154091,Adultos,94.93,95,162328,0,Atenção
2020,11,2020-11-01,Sudeste,SP,São Paulo,Influenza,170367,Gestantes,73.48,95,231848,0,Crítico
2020,11,2020-11-01,Sudeste,SP,Campinas,BCG,328778,Adultos,82.7,95,397570,1,Atenção
2020,11,2020-11-01,Sudeste,SP,Ribeirão Preto,Hepatite B,402837,Adultos,96.47,95,417586,3,Adequado
2020,11,2020-11-01,Sudeste,RJ,Rio de Janeiro,Tríplice Viral,138464,Idosos,64.7,80,214011,0,Crítico
2020,11,2020-11-01,Sudeste,RJ,Niterói,Tríplice Viral,321413,Adultos,90.88,95,353688,0,Atenção
2020,11,2020-11-01,Sudeste,RJ,Nova Iguaçu,COVID-19,299265,Adultos,76.04,80,393586,1,Atenção
2020,11,2020-11-01,Sudeste,RJ,Petrópolis,COVID-19,357832,Crianças,82.94,80,431439,1,Adequado
2020,11,2020-11-01,Sudeste,MG,Belo Horizonte,BCG,339365,Adolescentes,84.52,95,401515,0,Atenção
2020,11,2020-11-01,Sudeste,MG,Uberlândia,BCG,290491,Adolescentes,75.48,95,384848,0,Crítico
2020,11,2020-11-01,Sudeste,MG,Juiz de Fora,BCG,302425,Gestantes,100.0,95,302425,1,Adequado
2020,11,2020-11-01,Sudeste,ES,Vitória,COVID-19,79897,Idosos,88.57,95,90203,3,Atenção
2020,11,2020-11-01,Sudeste,ES,Vila Velha,Tríplice Viral,296616,Idosos,86.88,95,341397,0,Atenção
2020,11,2020-11-01,Sudeste,ES,Serra,Hepatite B,470150,Gestantes,99.31,95,473441,2,Adequado
2020,11,2020-11-01,Sul,PR,Curitiba,BCG,213851,Idosos,84.94,95,251754,3,Atenção
2020,11,2020-11-01,Sul,PR,Londrina,Poliomielite,311112,Crianças,89.76,95,346622,2,Atenção
2020,11,2020-11-01,Sul,SC,Florianópolis,Influenza,322962,Gestantes,84.31,95,383082,2,Atenção
2020,11,2020-11-01,Sul,SC,Joinville,BCG,423831,Gestantes,85.89,80,493453,1,Adequado
2020,11,2020-11-01,Sul,RS,Porto Alegre,COVID-19,68713,Gestantes,91.34,80,75230,2,Adequado
2020,11,2020-11-01,Sul,RS,Caxias do Sul,Hepatite B,436146,Crianças,97.77,95,446081,1,Adequado
2020,12,2020-12-01,Norte,AM,Manaus,Hepatite B,76462,Adolescentes,72.25,80,105838,4,Atenção
2020,12,2020-12-01,Norte,PA,Belém,Influenza,88066,Adultos,91.07,95,96706,1,Atenção
2020,12,2020-12-01,Norte,PA,Santarém,COVID-19,354512,Crianças,85.92,95,412621,2,Atenção
2020,12,2020-12-01,Norte,RO,Porto Velho,BCG,201488,Idosos,73.87,95,272775,1,Crítico
2020,12,2020-12-01,Norte,TO,Palmas,Influenza,30470,Adultos,99.38,80,30662,1,Adequado
2020,12,2020-12-01,Nordeste,BA,Salvador,Hepatite B,115901,Adultos,77.88,95,148822,2,Crítico
2020,12,2020-12-01,Nordeste,BA,Feira de Santana,Tríplice Viral,164431,Adolescentes,90.6,95,181496,1,Atenção
2020,12,2020-12-01,Nordeste,PE,Recife,Influenza,17236,Idosos,66.45,80,25939,0,Atenção
2020,12,2020-12-01,Nordeste,PE,Jaboatão dos Guararapes,Tríplice Viral,116353,Crianças,81.19,95,143305,0,Atenção
2020,12,2020-12-01,Nordeste,CE,Fortaleza,Tríplice Viral,341601,Gestantes,100.0,95,341601,1,Adequado
2020,12,2020-12-01,Nordeste,CE,Juazeiro do Norte,Influenza,135124,Gestantes,76.7,80,176180,2,Atenção
2020,12,2020-12-01,Nordeste,MA,São Luís,Hepatite B,379832,Gestantes,91.4,80,415594,0,Adequado
2020,12,2020-12-01,Nordeste,PB,João Pessoa,Influenza,118834,Idosos,64.87,80,183198,1,Crítico
2020,12,2020-12-01,Centro-Oeste,DF,Brasília,Poliomielite,111790,Crianças,74.14,80,150774,0,Atenção
2020,12,2020-12-01,Centro-Oeste,GO,Goiânia,Tríplice Viral,218582,Crianças,80.01,95,273208,0,Atenção
2020,12,2020-12-01,Centro-Oeste,GO,Aparecida de Goiânia,Hepatite B,440207,Crianças,98.64,95,446280,0,Adequado
2020,12,2020-12-01,Centro-Oeste,MT,Cuiabá,Poliomielite,435946,Gestantes,90.68,95,480731,0,Atenção
2020,12,2020-12-01,Centro-Oeste,MS,Campo Grande,Tríplice Viral,45590,Adolescentes,70.98,80,64232,0,Atenção
2020,12,2020-12-01,Sudeste,SP,São Paulo,Hepatite B,430796,Adultos,98.34,95,438072,0,Adequado
2020,12,2020-12-01,Sudeste,SP,Campinas,Hepatite B,219658,Idosos,88.91,95,247064,0,Atenção
2020,12,2020-12-01,Sudeste,SP,Ribeirão Preto,Hepatite B,120642,Idosos,90.17,95,133792,0,Atenção
2020,12,2020-12-01,Sudeste,RJ,Rio de Janeiro,Hepatite B,191501,Crianças,75.54,95,253505,3,Crítico
2020,12,2020-12-01,Sudeste,RJ,Niterói,Poliomielite,50561,Crianças,71.08,95,71135,4,Crítico
2020,12,2020-12-01,Sudeste,RJ,Nova Iguaçu,Hepatite B,340939,Gestantes,87.48,80,389715,0,Adequado
2020,12,2020-12-01,Sudeste,RJ,Petrópolis,Poliomielite,380303,Adultos,76.63,95,496300,3,Crítico
2020,12,2020-12-01,Sudeste,MG,Belo Horizonte,Tríplice Viral,291364,Crianças,85.78,95,339668,0,Atenção
2020,12,2020-12-01,Sudeste,MG,Uberlândia,Hepatite B,133765,Adolescentes,85.32,80,156772,1,Adequado
2020,12,2020-12-01,Sudeste,MG,Juiz de Fora,Poliomielite,180763,Adolescentes,68.46,80,264043,1,Atenção
2020,12,2020-12-01,Sudeste,ES,Vitória,Tríplice Viral,43148,Idosos,84.49,95,51071,4,Atenção
2020,12,2020-12-01,Sudeste,ES,Vila Velha,Influenza,215701,Adolescentes,80.12,80,269235,1,Adequado
2020,12,2020-12-01,Sudeste,ES,Serra,BCG,230872,Adolescentes,68.81,95,335545,0,Crítico
2020,12,2020-12-01,Sul,PR,Curitiba,Influenza,246239,Gestantes,90.18,95,273061,0,Atenção
2020,12,2020-12-01,Sul,PR,Londrina,BCG,377552,Adultos,87.53,95,431354,3,Atenção
2020,12,2020-12-01,Sul,SC,Florianópolis,Poliomielite,235323,Adolescentes,82.83,80,284097,2,Adequado
2020,12,2020-12-01,Sul,SC,Joinville,Influenza,304739,Idosos,75.35,95,404416,0,Crítico
2020,12,2020-12-01,Sul,RS,Porto Alegre,Hepatite B,12012,Idosos,86.06,95,13959,1,Atenção
2020,12,2020-12-01,Sul,RS,Caxias do Sul,Hepatite B,448193,Crianças,94.82,95,472693,1,Atenção
2021,1,2021-01-01,Norte,AM,Manaus,Poliomielite,22130,Adolescentes,98.22,95,22531,0,Adequado
2021,1,2021-01-01,Norte,PA,Belém,Poliomielite,306864,Crianças,73.24,95,418980,2,Crítico
2021,1,2021-01-01,Norte,PA,Santarém,Influenza,221892,Adolescentes,84.83,95,261575,1,Atenção
2021,1,2021-01-01,Norte,RO,Porto Velho,COVID-19,158368,Adultos,100.0,95,158368,1,Adequado
2021,1,2021-01-01,Norte,TO,Palmas,COVID-19,139244,Adolescentes,80.06,95,173934,1,Atenção
2021,1,2021-01-01,Nordeste,BA,Salvador,Influenza,24377,Gestantes,79.28,95,30747,0,Crítico
2021,1,2021-01-01,Nordeste,BA,Feira de Santana,Hepatite B,28760,Idosos,92.61,80,31057,1,Adequado
2021,1,2021-01-01,Nordeste,PE,Recife,Poliomielite,23077,Gestantes,88.33,80,26127,1,Adequado
2021,1,2021-01-01,Nordeste,PE,Jaboatão dos Guararapes,Hepatite B,18085,Adolescentes,80.6,80,22438,1,Adequado
2021,1,2021-01-01,Nordeste,CE,Fortaleza,Hepatite B,266377,Gestantes,93.72,95,284233,1,Atenção
2021,1,2021-01-01,Nordeste,CE,Juazeiro do Norte,Influenza,14082,Adultos,96.17,80,14643,2,Adequado
2021,1,2021-01-01,Nordeste,MA,São Luís,Poliomielite,304891,Adolescentes,80.73,95,377689,0,Atenção
2021,1,2021-01-01,Nordeste,PB,João Pessoa,Poliomielite,204719,Idosos,67.83,95,301810,0,Crítico
2021,1,2021-01-01,Centro-Oeste,DF,Brasília,Influenza,273018,Adultos,81.59,80,334635,2,Adequado
2021,1,2021-01-01,Centro-Oeste,GO,Goiânia,Poliomielite,239583,Adultos,78.03,80,307051,3,Atenção
2021,1,2021-01-01,Centro-Oeste,GO,Aparecida de Goiânia,COVID-19,98944,Adultos,83.19,80,118944,1,Adequado
2021,1,2021-01-01,Centro-Oeste,MT,Cuiabá,BCG,176803,Adultos,83.36,95,212103,1,Atenção
2021,1,2021-01-01,Centro-Oeste,MS,Campo Grande,BCG,373920,Adolescentes,100.0,95,373920,1,Adequado
2021,1,2021-01-01,Sudeste,SP,São Paulo,COVID-19,119216,Gestantes,89.45,95,133275,0,Atenção
2021,1,2021-01-01,Sudeste,SP,Campinas,BCG,89983,Adultos,82.39,95,109215,0,Atenção
2021,1,2021-01-01,Sudeste,SP,Ribeirão Preto,Poliomielite,118002,Adultos,82.57,80,142914,3,Adequado
2021,1,2021-01-01,Sudeste,RJ,Rio de Janeiro,BCG,130759,Adolescentes,95.9,95,136354,0,Adequado
2021,1,2021-01-01,Sudeste,RJ,Niterói,Hepatite B,80717,Gestantes,76.5,80,105513,3,Atenção
2021,1,2021-01-01,Sudeste,RJ,Nova Iguaçu,Hepatite B,334991,Adolescentes,86.55,95,387052,0,Atenção
2021,1,2021-01-01,Sudeste,RJ,Petrópolis,Hepatite B,481788,Adultos,96.39,80,499830,0,Adequado
2021,1,2021-01-01,Sudeste,MG,Belo Horizonte,Poliomielite,75068,Adolescentes,98.32,95,76348,0,Adequado
2021,1,2021-01-01,Sudeste,MG,Uberlândia,Hepatite B,212327,Idosos,92.13,80,230462,4,Adequado
2021,1,2021-01-01,Sudeste,MG,Juiz de Fora,Poliomielite,333964,Adultos,71.74,95,465533,1,Crítico
2021,1,2021-01-01,Sudeste,ES,Vitória,COVID-19,59915,Crianças,82.0,80,73064,1,Adequado
2021,1,2021-01-01,Sudeste,ES,Vila Velha,Hepatite B,287677,Gestantes,68.41,80,420498,0,Atenção
2021,1,2021-01-01,Sudeste,ES,Serra,Poliomielite,276408,Adolescentes,77.39,95,357151,4,Crítico
2021,1,2021-01-01,Sul,PR,Curitiba,COVID-19,247187,Idosos,86.14,95,286950,2,Atenção
2021,1,2021-01-01,Sul,PR,Londrina,Poliomielite,269937,Gestantes,59.01,80,457430,1,Crítico
2021,1,2021-01-01,Sul,SC,Florianópolis,Tríplice Viral,36964,Idosos,88.34,95,41843,1,Atenção
2021,1,2021-01-01,Sul,SC,Joinville,Poliomielite,173633,Crianças,79.02,95,219724,1,Crítico
2021,1,2021-01-01,Sul,RS,Porto Alegre,Influenza,212422,Adultos,70.41,95,301713,1,Crítico
2021,1,2021-01-01,Sul,RS,Caxias do Sul,Influenza,151865,Crianças,77.07,95,197056,1,Crítico
2021,2,2021-02-01,Norte,AM,Manaus,Hepatite B,79665,Adolescentes,96.82,95,82283,2,Adequado
2021,2,2021-02-01,Norte,PA,Belém,BCG,251546,Idosos,80.5,80,312471,0,Adequado
2021,2,2021-02-01,Norte,PA,Santarém,Poliomielite,241844,Crianças,86.06,95,281004,2,Atenção
2021,2,2021-02-01,Norte,RO,Porto Velho,COVID-19,43141,Idosos,75.0,80,57524,2,Atenção
2021,2,2021-02-01,Norte,TO,Palmas,Hepatite B,46123,Crianças,81.38,95,56678,2,Atenção
2021,2,2021-02-01,Nordeste,BA,Salvador,Tríplice Viral,198154,Crianças,88.86,80,223009,1,Adequado
2021,2,2021-02-01,Nordeste,BA,Feira de Santana,Influenza,228025,Adolescentes,79.97,80,285154,2,Atenção
2021,2,2021-02-01,Nordeste,PE,Recife,BCG,96019,Crianças,82.66,95,116167,1,Atenção
2021,2,2021-02-01,Nordeste,PE,Jaboatão dos Guararapes,Hepatite B,90291,Adolescentes,77.97,80,115806,0,Atenção
2021,2,2021-02-01,Nordeste,CE,Fortaleza,BCG,239753,Adolescentes,78.84,95,304088,1,Crítico
2021,2,2021-02-01,Nordeste,CE,Juazeiro do Norte,BCG,354452,Idosos,71.71,95,494257,1,Crítico
2021,2,2021-02-01,Nordeste,MA,São Luís,COVID-19,225011,Crianças,86.58,95,259882,1,Atenção
2021,2,2021-02-01,Nordeste,PB,João Pessoa,Influenza,183085,Adolescentes,93.68,80,195447,2,Adequado
2021,2,2021-02-01,Centro-Oeste,DF,Brasília,Influenza,36996,Adolescentes,78.42,95,47176,0,Crítico
2021,2,2021-02-01,Centro-Oeste,GO,Goiânia,Tríplice Viral,346589,Idosos,72.72,80,476625,1,Atenção
2021,2,2021-02-01,Centro-Oeste,GO,Aparecida de Goiânia,Hepatite B,225839,Adolescentes,77.93,80,289800,0,Atenção
2021,2,2021-02-01,Centro-Oeste,MT,Cuiabá,Hepatite B,326665,Adolescentes,79.38,80,411530,1,Atenção
2021,2,2021-02-01,Centro-Oeste,MS,Campo Grande,BCG,388879,Adolescentes,78.76,80,493779,1,Atenção
2021,2,2021-02-01,Sudeste,SP,São Paulo,Poliomielite,255446,Gestantes,97.32,80,262494,0,Adequado
2021,2,2021-02-01,Sudeste,SP,Campinas,BCG,359304,Adultos,78.41,80,458215,0,Atenção
2021,2,2021-02-01,Sudeste,SP,Ribeirão Preto,COVID-19,432613,Adolescentes,92.4,95,468206,1,Atenção
2021,2,2021-02-01,Sudeste,RJ,Rio de Janeiro,COVID-19,419539,Adultos,99.62,95,421127,1,Adequado
2021,2,2021-02-01,Sudeste,RJ,Niterói,COVID-19,16309,Adolescentes,77.64,95,21006,0,Crítico
2021,2,2021-02-01,Sudeste,RJ,Nova Iguaçu,Poliomielite,30231,Adolescentes,70.85,95,42671,1,Crítico
2021,2,2021-02-01,Sudeste,RJ,Petrópolis,BCG,170606,Gestantes,97.99,80,174114,3,Adequado
2021,2,2021-02-01,Sudeste,MG,Belo Horizonte,Hepatite B,173824,Adultos,86.98,95,199854,0,Atenção
2021,2,2021-02-01,Sudeste,MG,Uberlândia,Poliomielite,51049,Adultos,64.76,95,78825,0,Crítico
2021,2,2021-02-01,Sudeste,MG,Juiz de Fora,BCG,394621,Crianças,87.19,95,452579,0,Atenção
2021,2,2021-02-01,Sudeste,ES,Vitória,COVID-19,115966,Idosos,67.36,95,172166,1,Crítico
2021,2,2021-02-01,Sudeste,ES,Vila Velha,COVID-19,256527,Adolescentes,100.0,80,256527,1,Adequado
2021,2,2021-02-01,Sudeste,ES,Serra,BCG,294621,Gestantes,89.0,80,331024,2,Adequado
2021,2,2021-02-01,Sul,PR,Curitiba,COVID-19,260970,Adultos,82.98,95,314516,0,Atenção
2021,2,2021-02-01,Sul,PR,Londrina,BCG,327707,Crianças,70.29,80,466228,1,Atenção
2021,2,2021-02-01,Sul,SC,Florianópolis,Influenza,126618,Idosos,71.0,80,178335,2,Atenção
2021,2,2021-02-01,Sul,SC,Joinville,Influenza,326930,Gestantes,80.45,80,406387,1,Adequado
2021,2,2021-02-01,Sul,RS,Porto Alegre,Hepatite B,349976,Crianças,81.32,95,430377,1,Atenção
2021,2,2021-02-01,Sul,RS,Caxias do Sul,COVID-19,90101,Adultos,82.09,80,109756,0,Adequado
2021,3,2021-03-01,Norte,AM,Manaus,COVID-19,228479,Idosos,85.87,95,266083,1,Atenção
2021,3,2021-03-01,Norte,PA,Belém,Poliomielite,401538,Adultos,85.27,95,470877,6,Atenção
2021,3,2021-03-01,Norte,PA,Santarém,Tríplice Viral,283006,Crianças,73.64,80,384292,1,Atenção
2021,3,2021-03-01,Norte,RO,Porto Velho,COVID-19,70577,Gestantes,69.79,95,101127,0,Crítico
2021,3,2021-03-01,Norte,TO,Palmas,Influenza,96927,Adultos,81.7,80,118633,3,Adequado
2021,3,2021-03-01,Nordeste,BA,Salvador,COVID-19,136098,Adolescentes,78.26,80,173905,1,Atenção
2021,3,2021-03-01,Nordeste,BA,Feira de Santana,BCG,201732,Crianças,81.14,95,248624,0,Atenção
2021,3,2021-03-01,Nordeste,PE,Recife,Hepatite B,93059,Idosos,83.6,80,111315,1,Adequado
2021,3,2021-03-01,Nordeste,PE,Jaboatão dos Guararapes,Poliomielite,90468,Adolescentes,67.32,95,134386,1,Crítico
2021,3,2021-03-01,Nordeste,CE,Fortaleza,Poliomielite,113242,Gestantes,56.78,95,199426,1,Crítico
2021,3,2021-03-01,Nordeste,CE,Juazeiro do Norte,BCG,348584,Adolescentes,78.12,80,446194,1,Atenção
2021,3,2021-03-01,Nordeste,MA,São Luís,Tríplice Viral,200665,Gestantes,63.25,95,317274,3,Crítico
2021,3,2021-03-01,Nordeste,PB,João Pessoa,Poliomielite,415870,Idosos,100.0,80,415870,0,Adequado
2021,3,2021-03-01,Centro-Oeste,DF,Brasília,Influenza,496497,Adolescentes,100.0,80,496497,0,Adequado
2021,3,2021-03-01,Centro-Oeste,GO,Goiânia,Tríplice Viral,212957,Crianças,86.38,95,246525,2,Atenção
2021,3,2021-03-01,Centro-Oeste,GO,Aparecida de Goiânia,Influenza,67202,Crianças,100.0,80,67202,0,Adequado
2021,3,2021-03-01,Centro-Oeste,MT,Cuiabá,COVID-19,185208,Gestantes,74.26,80,249418,0,Atenção
2021,3,2021-03-01,Centro-Oeste,MS,Campo Grande,COVID-19,161125,Adultos,65.47,95,246093,2,Crítico
2021,3,2021-03-01,Sudeste,SP,São Paulo,COVID-19,65720,Adultos,86.5,95,75979,0,Atenção
2021,3,2021-03-01,Sudeste,SP,Campinas,Poliomielite,439120,Adultos,92.29,80,475802,0,Adequado
2021,3,2021-03-01,Sudeste,SP,Ribeirão Preto,Poliomielite,133813,Idosos,70.67,95,189338,1,Crítico
2021,3,2021-03-01,Sudeste,RJ,Rio de Janeiro,BCG,85622,Gestantes,69.46,80,123269,1,Atenção
2021,3,2021-03-01,Sudeste,RJ,Niterói,Tríplice Viral,321248,Gestantes,67.53,95,475734,0,Crítico
2021,3,2021-03-01,Sudeste,RJ,Nova Iguaçu,COVID-19,39388,Idosos,90.27,95,43632,1,Atenção
2021,3,2021-03-01,Sudeste,RJ,Petrópolis,Tríplice Viral,67929,Crianças,85.22,80,79709,2,Adequado
2021,3,2021-03-01,Sudeste,MG,Belo Horizonte,COVID-19,360094,Idosos,91.37,95,394108,0,Atenção
2021,3,2021-03-01,Sudeste,MG,Uberlândia,Hepatite B,265629,Idosos,91.51,95,290282,1,Atenção
2021,3,2021-03-01,Sudeste,MG,Juiz de Fora,Tríplice Viral,298753,Adolescentes,75.52,95,395607,2,Crítico
2021,3,2021-03-01,Sudeste,ES,Vitória,Hepatite B,7356,Adolescentes,68.25,95,10779,1,Crítico
2021,3,2021-03-01,Sudeste,ES,Vila Velha,COVID-19,315830,Adolescentes,76.81,80,411208,0,Atenção
2021,3,2021-03-01,Sudeste,ES,Serra,Tríplice Viral,357424,Adolescentes,74.02,80,482900,1,Atenção
2021,3,2021-03-01,Sul,PR,Curitiba,Tríplice Viral,303831,Idosos,84.67,95,358832,0,Atenção
2021,3,2021-03-01,Sul,PR,Londrina,Tríplice Viral,53623,Idosos,98.76,95,54295,0,Adequado
2021,3,2021-03-01,Sul,SC,Florianópolis,Influenza,247335,Adolescentes,98.7,95,250604,1,Adequado
2021,3,2021-03-01,Sul,SC,Joinville,Hepatite B,345416,Crianças,85.7,95,403037,2,Atenção
2021,3,2021-03-01,Sul,RS,Porto Alegre,BCG,255910,Adultos,85.81,95,298216,1,Atenção
2021,3,2021-03-01,Sul,RS,Caxias do Sul,COVID-19,70867,Idosos,81.62,95,86827,2,Atenção
2021,4,2021-04-01,Norte,AM,Manaus,Hepatite B,191254,Gestantes,73.27,95,261030,1,Crítico
2021,4,2021-04-01,Norte,PA,Belém,Poliomielite,47256,Gestantes,93.6,95,50489,0,Atenção
2021,4,2021-04-01,Norte,PA,Santarém,COVID-19,378620,Crianças,94.3,95,401501,0,Atenção
2021,4,2021-04-01,Norte,RO,Porto Velho,Poliomielite,238388,Gestantes,100.0,95,238388,1,Adequado
2021,4,2021-04-01,Norte,TO,Palmas,Poliomielite,150994,Adultos,78.11,80,193298,0,Atenção
2021,4,2021-04-01,Nordeste,BA,Salvador,Hepatite B,272434,Gestantes,90.88,95,299770,0,Atenção
2021,4,2021-04-01,Nordeste,BA,Feira de Santana,Tríplice Viral,90706,Crianças,79.07,95,114713,0,Crítico
2021,4,2021-04-01,Nordeste,PE,Recife,COVID-19,131515,Crianças,84.13,95,156329,2,Atenção
2021,4,2021-04-01,Nordeste,PE,Jaboatão dos Guararapes,COVID-19,52526,Gestantes,73.19,95,71771,2,Crítico
2021,4,2021-04-01,Nordeste,CE,Fortaleza,BCG,279477,Crianças,69.03,95,404886,0,Crítico
2021,4,2021-04-01,Nordeste,CE,Juazeiro do Norte,COVID-19,99542,Adolescentes,82.39,80,120813,0,Adequado
2021,4,2021-04-01,Nordeste,MA,São Luís,Hepatite B,228899,Crianças,84.68,80,270311,0,Adequado
2021,4,2021-04-01,Nordeste,PB,João Pessoa,Tríplice Viral,392260,Adolescentes,86.64,80,452751,1,Adequado
2021,4,2021-04-01,Centro-Oeste,DF,Brasília,BCG,72159,Crianças,100.0,95,72159,0,Adequado
2021,4,2021-04-01,Centro-Oeste,GO,Goiânia,Influenza,372783,Crianças,93.11,80,400367,1,Adequado
2021,4,2021-04-01,Centro-Oeste,GO,Aparecida de Goiânia,Hepatite B,90931,Idosos,85.64,95,106182,2,Atenção
2021,4,2021-04-01,Centro-Oeste,MT,Cuiabá,Poliomielite,115844,Gestantes,87.54,80,132330,4,Adequado
2021,4,2021-04-01,Centro-Oeste,MS,Campo Grande,Hepatite B,370371,Gestantes,89.33,95,414622,3,Atenção
2021,4,2021-04-01,Sudeste,SP,São Paulo,BCG,288141,Adolescentes,100.0,95,288141,1,Adequado
2021,4,2021-04-01,Sudeste,SP,Campinas,BCG,411952,Crianças,84.44,95,487843,0,Atenção
2021,4,2021-04-01,Sudeste,SP,Ribeirão Preto,BCG,447155,Crianças,100.0,80,447155,1,Adequado
2021,4,2021-04-01,Sudeste,RJ,Rio de Janeiro,Influenza,44491,Adolescentes,93.94,95,47361,1,Atenção
2021,4,2021-04-01,Sudeste,RJ,Niterói,Poliomielite,73919,Adolescentes,89.65,80,82454,0,Adequado
2021,4,2021-04-01,Sudeste,RJ,Nova Iguaçu,Hepatite B,186068,Crianças,67.91,95,274003,0,Crítico
2021,4,2021-04-01,Sudeste,RJ,Petrópolis,COVID-19,11925,Adultos,93.09,95,12811,2,Atenção
2021,4,2021-04-01,Sudeste,MG,Belo Horizonte,Hepatite B,76542,Adolescentes,74.56,80,102662,0,Atenção
2021,4,2021-04-01,Sudeste,MG,Uberlândia,Poliomielite,195851,Adolescentes,72.83,95,268916,1,Crítico
2021,4,2021-04-01,Sudeste,MG,Juiz de Fora,BCG,55719,Gestantes,85.06,95,65506,0,Atenção
2021,4,2021-04-01,Sudeste,ES,Vitória,Tríplice Viral,387773,Crianças,100.0,80,387773,0,Adequado
2021,4,2021-04-01,Sudeste,ES,Vila Velha,COVID-19,237625,Idosos,91.72,95,259078,0,Atenção
2021,4,2021-04-01,Sudeste,ES,Serra,COVID-19,304788,Adultos,61.14,95,498545,2,Crítico
2021,4,2021-04-01,Sul,PR,Curitiba,COVID-19,284988,Crianças,84.71,80,336436,2,Adequado
2021,4,2021-04-01,Sul,PR,Londrina,Poliomielite,94914,Idosos,69.9,95,135777,0,Crítico
2021,4,2021-04-01,Sul,SC,Florianópolis,COVID-19,228814,Idosos,73.59,80,310945,0,Atenção
2021,4,2021-04-01,Sul,SC,Joinville,Influenza,49495,Adultos,82.33,95,60117,3,Atenção
2021,4,2021-04-01,Sul,RS,Porto Alegre,COVID-19,440863,Adolescentes,89.05,80,495052,0,Adequado
2021,4,2021-04-01,Sul,RS,Caxias do Sul,BCG,203940,Adultos,74.32,80,274393,2,Atenção
2021,5,2021-05-01,Norte,AM,Manaus,BCG,411868,Idosos,92.1,95,447218,1,Atenção
2021,5,2021-05-01,Norte,PA,Belém,BCG,354253,Gestantes,88.67,95,399509,1,Atenção
2021,5,2021-05-01,Norte,PA,Santarém,BCG,278639,Adultos,86.13,80,323525,1,Adequado
2021,5,2021-05-01,Norte,RO,Porto Velho,Poliomielite,265711,Idosos,79.78,80,333064,0,Atenção
2021,5,2021-05-01,Norte,TO,Palmas,Tríplice Viral,212389,Adultos,78.88,95,269263,1,Crítico
2021,5,2021-05-01,Nordeste,BA,Salvador,Poliomielite,69486,Crianças,76.72,95,90575,2,Crítico
2021,5,2021-05-01,Nordeste,BA,Feira de Santana,Hepatite B,25656,Adultos,84.89,80,30224,0,Adequado
2021,5,2021-05-01,Nordeste,PE,Recife,Hepatite B,403252,Crianças,97.79,95,412379,0,Adequado
2021,5,2021-05-01,Nordeste,PE,Jaboatão dos Guararapes,Tríplice Viral,299193,Idosos,94.14,80,317807,1,Adequado
2021,5,2021-05-01,Nordeste,CE,Fortaleza,COVID-19,353032,Adultos,88.87,95,397254,0,Atenção
2021,5,2021-05-01,Nordeste,CE,Juazeiro do Norte,Influenza,355995,Adolescentes,83.01,95,428875,1,Atenção
2021,5,2021-05-01,Nordeste,MA,São Luís,Poliomielite,39973,Gestantes,66.32,95,60273,2,Crítico
2021,5,2021-05-01,Nordeste,PB,João Pessoa,Poliomielite,137601,Crianças,97.1,95,141705,0,Adequado
2021,5,2021-05-01,Centro-Oeste,DF,Brasília,Poliomielite,164361,Adolescentes,86.0,95,191124,2,Atenção
2021,5,2021-05-01,Centro-Oeste,GO,Goiânia,Influenza,124135,Adolescentes,72.88,95,170331,0,Crítico
2021,5,2021-05-01,Centro-Oeste,GO,Aparecida de Goiânia,COVID-19,170970,Adultos,92.8,95,184241,0,Atenção
2021,5,2021-05-01,Centro-Oeste,MT,Cuiabá,Poliomielite,186720,Adultos,98.09,95,190365,1,Adequado
2021,5,2021-05-01,Centro-Oeste,MS,Campo Grande,Poliomielite,243156,Gestantes,67.72,95,359037,2,Crítico
2021,5,2021-05-01,Sudeste,SP,São Paulo,Tríplice Viral,300797,Adultos,70.72,95,425326,2,Crítico
2021,5,2021-05-01,Sudeste,SP,Campinas,BCG,284147,Adolescentes,67.57,95,420532,1,Crítico
2021,5,2021-05-01,Sudeste,SP,Ribeirão Preto,Tríplice Viral,174766,Gestantes,94.23,95,185458,1,Atenção
2021,5,2021-05-01,Sudeste,RJ,Rio de Janeiro,Poliomielite,18587,Gestantes,75.04,80,24772,1,Atenção
2021,5,2021-05-01,Sudeste,RJ,Niterói,BCG,122512,Crianças,82.75,95,148051,0,Atenção
2021,5,2021-05-01,Sudeste,RJ,Nova Iguaçu,COVID-19,134872,Gestantes,85.1,80,158481,1,Adequado
2021,5,2021-05-01,Sudeste,RJ,Petrópolis,BCG,222935,Gestantes,79.89,80,279050,0,Atenção
2021,5,2021-05-01,Sudeste,MG,Belo Horizonte,Tríplice Viral,50843,Gestantes,74.05,80,68662,0,Atenção
2021,5,2021-05-01,Sudeste,MG,Uberlândia,Tríplice Viral,418643,Adolescentes,100.0,80,418643,1,Adequado
2021,5,2021-05-01,Sudeste,MG,Juiz de Fora,BCG,124721,Gestantes,85.72,80,145507,3,Adequado
2021,5,2021-05-01,Sudeste,ES,Vitória,Influenza,77703,Idosos,90.01,95,86327,0,Atenção
2021,5,2021-05-01,Sudeste,ES,Vila Velha,COVID-19,382727,Crianças,88.39,95,432979,1,Atenção
2021,5,2021-05-01,Sudeste,ES,Serra,COVID-19,61839,Gestantes,98.0,80,63103,1,Adequado
2021,5,2021-05-01,Sul,PR,Curitiba,Poliomielite,231186,Adolescentes,87.76,95,263432,0,Atenção
2021,5,2021-05-01,Sul,PR,Londrina,Tríplice Viral,195166,Crianças,75.02,95,260151,3,Crítico
2021,5,2021-05-01,Sul,SC,Florianópolis,Tríplice Viral,262084,Gestantes,78.52,80,333793,0,Atenção
2021,5,2021-05-01,Sul,SC,Joinville,BCG,339871,Adolescentes,70.09,95,484887,2,Crítico
2021,5,2021-05-01,Sul,RS,Porto Alegre,Influenza,358082,Crianças,81.61,95,438768,1,Atenção
2021,5,2021-05-01,Sul,RS,Caxias do Sul,Poliomielite,329234,Gestantes,81.86,95,402201,0,Atenção
2021,6,2021-06-01,Norte,AM,Manaus,Hepatite B,203190,Crianças,78.1,95,260182,3,Crítico
2021,6,2021-06-01,Norte,PA,Belém,Influenza,196691,Idosos,99.29,95,198098,2,Adequado
2021,6,2021-06-01,Norte,PA,Santarém,COVID-19,228065,Adolescentes,82.18,95,277528,1,Atenção
2021,6,2021-06-01,Norte,RO,Porto Velho,Influenza,89050,Idosos,66.8,95,133305,1,Crítico
2021,6,2021-06-01,Norte,TO,Palmas,Tríplice Viral,436914,Idosos,88.9,80,491441,0,Adequado
2021,6,2021-06-01,Nordeste,BA,Salvador,Hepatite B,353232,Adultos,100.0,80,353232,0,Adequado
2021,6,2021-06-01,Nordeste,BA,Feira de Santana,Tríplice Viral,364574,Crianças,97.32,95,374632,2,Adequado
2021,6,2021-06-01,Nordeste,PE,Recife,BCG,54021,Adultos,85.73,95,63014,1,Atenção
2021,6,2021-06-01,Nordeste,PE,Jaboatão dos Guararapes,Hepatite B,427446,Gestantes,98.53,95,433815,0,Adequado
2021,6,2021-06-01,Nordeste,CE,Fortaleza,Tríplice Viral,148315,Adultos,67.87,80,218513,0,Atenção
2021,6,2021-06-01,Nordeste,CE,Juazeiro do Norte,Influenza,269889,Adultos,81.96,95,329285,1,Atenção
2021,6,2021-06-01,Nordeste,MA,São Luís,Hepatite B,148919,Idosos,89.99,95,165491,0,Atenção
2021,6,2021-06-01,Nordeste,PB,João Pessoa,COVID-19,188784,Crianças,75.48,80,250104,0,Atenção
2021,6,2021-06-01,Centro-Oeste,DF,Brasília,BCG,301993,Adolescentes,88.48,80,341321,2,Adequado
2021,6,2021-06-01,Centro-Oeste,GO,Goiânia,Hepatite B,375622,Idosos,84.6,95,443993,1,Atenção
2021,6,2021-06-01,Centro-Oeste,GO,Aparecida de Goiânia,COVID-19,74974,Idosos,93.13,95,80507,0,Atenção
2021,6,2021-06-01,Centro-Oeste,MT,Cuiabá,Tríplice Viral,36565,Idosos,85.15,95,42945,0,Atenção
2021,6,2021-06-01,Centro-Oeste,MS,Campo Grande,COVID-19,35426,Gestantes,100.0,95,35426,0,Adequado
2021,6,2021-06-01,Sudeste,SP,São Paulo,Influenza,356965,Adultos,98.6,95,362016,2,Adequado
2021,6,2021-06-01,Sudeste,SP,Campinas,Influenza,55192,Gestantes,87.38,95,63166,2,Atenção
2021,6,2021-06-01,Sudeste,SP,Ribeirão Preto,BCG,26501,Idosos,81.02,80,32710,0,Adequado
2021,6,2021-06-01,Sudeste,RJ,Rio de Janeiro,COVID-19,49816,Adolescentes,81.49,95,61132,1,Atenção
2021,6,2021-06-01,Sudeste,RJ,Niterói,Poliomielite,112624,Idosos,82.49,95,136536,0,Atenção
2021,6,2021-06-01,Sudeste,RJ,Nova Iguaçu,Influenza,287615,Crianças,85.22,95,337516,0,Atenção
2021,6,2021-06-01,Sudeste,RJ,Petrópolis,BCG,268456,Adolescentes,90.11,80,297911,0,Adequado
2021,6,2021-06-01,Sudeste,MG,Belo Horizonte,Poliomielite,379756,Adultos,76.82,95,494359,0,Crítico
2021,6,2021-06-01,Sudeste,MG,Uberlândia,Poliomielite,256781,Idosos,68.5,80,374864,1,Atenção
2021,6,2021-06-01,Sudeste,MG,Juiz de Fora,Hepatite B,361667,Gestantes,100.0,95,361667,0,Adequado
2021,6,2021-06-01,Sudeste,ES,Vitória,Tríplice Viral,62130,Adultos,100.0,80,62130,2,Adequado
2021,6,2021-06-01,Sudeste,ES,Vila Velha,COVID-19,324861,Adolescentes,83.68,95,388221,1,Atenção
2021,6,2021-06-01,Sudeste,ES,Serra,Hepatite B,34156,Gestantes,100.0,95,34156,1,Adequado
2021,6,2021-06-01,Sul,PR,Curitiba,Hepatite B,375256,Gestantes,84.71,80,443000,2,Adequado
2021,6,2021-06-01,Sul,PR,Londrina,Influenza,245367,Adultos,77.82,95,315308,0,Crítico
2021,6,2021-06-01,Sul,SC,Florianópolis,BCG,203619,Gestantes,80.48,80,253021,0,Adequado
2021,6,2021-06-01,Sul,SC,Joinville,Hepatite B,72409,Crianças,90.51,80,80002,2,Adequado
2021,6,2021-06-01,Sul,RS,Porto Alegre,COVID-19,264448,Gestantes,86.13,80,307040,1,Adequado
2021,6,2021-06-01,Sul,RS,Caxias do Sul,BCG,71310,Crianças,91.33,80,78081,1,Adequado
2021,7,2021-07-01,Norte,AM,Manaus,BCG,238879,Adolescentes,92.27,80,258893,1,Adequado
2021,7,2021-07-01,Norte,PA,Belém,Poliomielite,365619,Adolescentes,94.41,80,387287,0,Adequado
2021,7,2021-07-01,Norte,PA,Santarém,BCG,161322,Gestantes,84.0,80,192057,1,Adequado
2021,7,2021-07-01,Norte,RO,Porto Velho,Influenza,290105,Idosos,81.98,95,353892,1,Atenção
2021,7,2021-07-01,Norte,TO,Palmas,Tríplice Viral,179461,Gestantes,94.36,80,190186,4,Adequado
2021,7,2021-07-01,Nordeste,BA,Salvador,BCG,148325,Gestantes,73.46,95,201901,2,Crítico
2021,7,2021-07-01,Nordeste,BA,Feira de Santana,Influenza,304341,Crianças,88.95,95,342147,1,Atenção
2021,7,2021-07-01,Nordeste,PE,Recife,BCG,104427,Idosos,68.76,95,151866,0,Crítico
2021,7,2021-07-01,Nordeste,PE,Jaboatão dos Guararapes,Hepatite B,190327,Idosos,100.0,80,190327,3,Adequado
2021,7,2021-07-01,Nordeste,CE,Fortaleza,Hepatite B,155214,Gestantes,86.12,95,180223,0,Atenção
2021,7,2021-07-01,Nordeste,CE,Juazeiro do Norte,Hepatite B,400507,Adolescentes,96.23,95,416180,1,Adequado
2021,7,2021-07-01,Nordeste,MA,São Luís,Hepatite B,380804,Adolescentes,100.0,95,380804,2,Adequado
2021,7,2021-07-01,Nordeste,PB,João Pessoa,Influenza,87959,Crianças,75.47,95,116547,0,Crítico
2021,7,2021-07-01,Centro-Oeste,DF,Brasília,Hepatite B,176478,Adolescentes,78.25,80,225546,0,Atenção
2021,7,2021-07-01,Centro-Oeste,GO,Goiânia,BCG,333416,Adolescentes,88.78,95,375572,0,Atenção
2021,7,2021-07-01,Centro-Oeste,GO,Aparecida de Goiânia,Tríplice Viral,397718,Adolescentes,90.27,80,440591,1,Adequado
2021,7,2021-07-01,Centro-Oeste,MT,Cuiabá,Influenza,146309,Adolescentes,82.51,80,177330,0,Adequado
2021,7,2021-07-01,Centro-Oeste,MS,Campo Grande,Hepatite B,49967,Gestantes,68.31,80,73145,1,Atenção
2021,7,2021-07-01,Sudeste,SP,São Paulo,Tríplice Viral,293938,Adultos,98.7,95,297815,0,Adequado
2021,7,2021-07-01,Sudeste,SP,Campinas,Influenza,332413,Idosos,92.21,95,360491,0,Atenção
2021,7,2021-07-01,Sudeste,SP,Ribeirão Preto,Poliomielite,277438,Gestantes,84.96,95,326541,2,Atenção
2021,7,2021-07-01,Sudeste,RJ,Rio de Janeiro,BCG,197056,Adultos,81.23,80,242602,3,Adequado
2021,7,2021-07-01,Sudeste,RJ,Niterói,Poliomielite,160043,Gestantes,86.1,80,185875,0,Adequado
2021,7,2021-07-01,Sudeste,RJ,Nova Iguaçu,Poliomielite,389969,Crianças,97.18,95,401285,1,Adequado
2021,7,2021-07-01,Sudeste,RJ,Petrópolis,BCG,125869,Gestantes,87.25,95,144262,1,Atenção
2021,7,2021-07-01,Sudeste,MG,Belo Horizonte,Hepatite B,79045,Adolescentes,79.1,80,99931,1,Atenção
2021,7,2021-07-01,Sudeste,MG,Uberlândia,COVID-19,268462,Gestantes,75.42,95,355938,1,Crítico
2021,7,2021-07-01,Sudeste,MG,Juiz de Fora,BCG,214653,Idosos,81.74,95,262606,0,Atenção
2021,7,2021-07-01,Sudeste,ES,Vitória,COVID-19,29338,Gestantes,75.39,95,38914,1,Crítico
2021,7,2021-07-01,Sudeste,ES,Vila Velha,Influenza,260529,Gestantes,82.22,95,316866,2,Atenção
2021,7,2021-07-01,Sudeste,ES,Serra,Tríplice Viral,403126,Crianças,81.95,80,491912,1,Adequado
2021,7,2021-07-01,Sul,PR,Curitiba,BCG,166915,Idosos,75.11,80,222234,0,Atenção
2021,7,2021-07-01,Sul,PR,Londrina,BCG,83719,Idosos,74.9,80,111768,1,Atenção
2021,7,2021-07-01,Sul,SC,Florianópolis,Tríplice Viral,283908,Gestantes,93.45,95,303817,0,Atenção
2021,7,2021-07-01,Sul,SC,Joinville,BCG,154125,Crianças,81.44,95,189258,1,Atenção
2021,7,2021-07-01,Sul,RS,Porto Alegre,Hepatite B,346113,Idosos,71.05,95,487114,0,Crítico
2021,7,2021-07-01,Sul,RS,Caxias do Sul,Influenza,360826,Gestantes,97.68,95,369405,0,Adequado
2021,8,2021-08-01,Norte,AM,Manaus,Tríplice Viral,18913,Gestantes,95.4,95,19826,1,Adequado
2021,8,2021-08-01,Norte,PA,Belém,BCG,25228,Adultos,99.25,80,25418,0,Adequado
2021,8,2021-08-01,Norte,PA,Santarém,Influenza,181710,Gestantes,87.76,95,207042,1,Atenção
2021,8,2021-08-01,Norte,RO,Porto Velho,Influenza,339039,Adultos,78.36,80,432696,2,Atenção
2021,8,2021-08-01,Norte,TO,Palmas,COVID-19,322051,Adolescentes,83.93,95,383715,1,Atenção
2021,8,2021-08-01,Nordeste,BA,Salvador,Poliomielite,427991,Gestantes,91.25,80,469010,0,Adequado
2021,8,2021-08-01,Nordeste,BA,Feira de Santana,COVID-19,209266,Adultos,82.81,80,252715,3,Adequado
2021,8,2021-08-01,Nordeste,PE,Recife,Tríplice Viral,307087,Adultos,77.44,80,396559,0,Atenção
2021,8,2021-08-01,Nordeste,PE,Jaboatão dos Guararapes,Hepatite B,187107,Adultos,90.21,80,207425,0,Adequado
2021,8,2021-08-01,Nordeste,CE,Fortaleza,BCG,243268,Adultos,73.93,80,329041,0,Atenção
2021,8,2021-08-01,Nordeste,CE,Juazeiro do Norte,COVID-19,268928,Crianças,92.27,80,291451,0,Adequado
2021,8,2021-08-01,Nordeste,MA,São Luís,Poliomielite,291574,Adolescentes,76.35,95,381915,1,Crítico
2021,8,2021-08-01,Nordeste,PB,João Pessoa,Influenza,278644,Adultos,85.48,95,325987,1,Atenção
2021,8,2021-08-01,Centro-Oeste,DF,Brasília,Tríplice Viral,26472,Adultos,69.63,95,38018,3,Crítico
2021,8,2021-08-01,Centro-Oeste,GO,Goiânia,COVID-19,191873,Crianças,76.82,95,249771,2,Crítico
2021,8,2021-08-01,Centro-Oeste,GO,Aparecida de Goiânia,Hepatite B,279049,Adolescentes,79.17,80,352464,3,Atenção
2021,8,2021-08-01,Centro-Oeste,MT,Cuiabá,BCG,145668,Gestantes,83.61,95,174228,0,Atenção
2021,8,2021-08-01,Centro-Oeste,MS,Campo Grande,Influenza,196312,Adultos,76.12,95,257909,2,Crítico
2021,8,2021-08-01,Sudeste,SP,São Paulo,Influenza,329262,Adolescentes,100.0,80,329262,2,Adequado
2021,8,2021-08-01,Sudeste,SP,Campinas,BCG,208763,Adultos,60.52,95,344924,1,Crítico
2021,8,2021-08-01,Sudeste,SP,Ribeirão Preto,COVID-19,153791,Gestantes,84.73,95,181511,0,Atenção
2021,8,2021-08-01,Sudeste,RJ,Rio de Janeiro,Hepatite B,141360,Idosos,91.56,95,154387,0,Atenção
2021,8,2021-08-01,Sudeste,RJ,Niterói,Hepatite B,438847,Crianças,89.0,95,493095,2,Atenção
2021,8,2021-08-01,Sudeste,RJ,Nova Iguaçu,Influenza,20853,Adolescentes,83.31,95,25031,0,Atenção
2021,8,2021-08-01,Sudeste,RJ,Petrópolis,Tríplice Viral,344188,Adolescentes,99.37,80,346358,0,Adequado
2021,8,2021-08-01,Sudeste,MG,Belo Horizonte,COVID-19,155364,Adolescentes,77.05,80,201646,1,Atenção
2021,8,2021-08-01,Sudeste,MG,Uberlândia,BCG,237537,Idosos,88.12,95,269575,2,Atenção
2021,8,2021-08-01,Sudeste,MG,Juiz de Fora,Influenza,76837,Idosos,84.84,80,90566,0,Adequado
2021,8,2021-08-01,Sudeste,ES,Vitória,BCG,301302,Idosos,77.64,80,388069,2,Atenção
2021,8,2021-08-01,Sudeste,ES,Vila Velha,Influenza,189134,Crianças,100.0,95,189134,2,Adequado
2021,8,2021-08-01,Sudeste,ES,Serra,Poliomielite,308486,Gestantes,93.56,95,329705,0,Atenção
2021,8,2021-08-01,Sul,PR,Curitiba,Influenza,336364,Crianças,83.02,95,405151,1,Atenção
2021,8,2021-08-01,Sul,PR,Londrina,COVID-19,194308,Crianças,70.98,95,273747,1,Crítico
2021,8,2021-08-01,Sul,SC,Florianópolis,Influenza,135350,Crianças,79.21,95,170875,0,Crítico
2021,8,2021-08-01,Sul,SC,Joinville,Hepatite B,97165,Gestantes,69.41,95,139985,1,Crítico
2021,8,2021-08-01,Sul,RS,Porto Alegre,Influenza,406183,Adolescentes,83.65,80,485559,5,Adequado
2021,8,2021-08-01,Sul,RS,Caxias do Sul,Influenza,32610,Adultos,100.0,80,32610,3,Adequado
2021,9,2021-09-01,Norte,AM,Manaus,COVID-19,349722,Gestantes,76.97,95,454380,2,Crítico
2021,9,2021-09-01,Norte,PA,Belém,BCG,406408,Gestantes,91.15,95,445849,0,Atenção
2021,9,2021-09-01,Norte,PA,Santarém,Tríplice Viral,431413,Idosos,88.86,95,485524,1,Atenção
2021,9,2021-09-01,Norte,RO,Porto Velho,BCG,218156,Gestantes,64.75,95,336909,1,Crítico
2021,9,2021-09-01,Norte,TO,Palmas,Tríplice Viral,35286,Idosos,98.59,80,35791,1,Adequado
2021,9,2021-09-01,Nordeste,BA,Salvador,Tríplice Viral,259033,Adultos,97.85,95,264728,0,Adequado
2021,9,2021-09-01,Nordeste,BA,Feira de Santana,Tríplice Viral,245542,Crianças,98.89,95,248299,3,Adequado
2021,9,2021-09-01,Nordeste,PE,Recife,BCG,391915,Idosos,80.81,80,484998,0,Adequado
2021,9,2021-09-01,Nordeste,PE,Jaboatão dos Guararapes,Influenza,52018,Idosos,87.78,80,59257,1,Adequado
2021,9,2021-09-01,Nordeste,CE,Fortaleza,Influenza,75757,Adultos,91.21,95,83062,0,Atenção
2021,9,2021-09-01,Nordeste,CE,Juazeiro do Norte,Poliomielite,372313,Gestantes,85.71,95,434364,0,Atenção
2021,9,2021-09-01,Nordeste,MA,São Luís,Hepatite B,229993,Adultos,80.89,95,284326,0,Atenção
2021,9,2021-09-01,Nordeste,PB,João Pessoa,COVID-19,94590,Adultos,98.19,80,96334,0,Adequado
2021,9,2021-09-01,Centro-Oeste,DF,Brasília,BCG,252259,Idosos,95.59,80,263888,0,Adequado
2021,9,2021-09-01,Centro-Oeste,GO,Goiânia,Hepatite B,185865,Adolescentes,98.19,95,189288,1,Adequado
2021,9,2021-09-01,Centro-Oeste,GO,Aparecida de Goiânia,Hepatite B,391972,Crianças,89.47,95,438121,0,Atenção
2021,9,2021-09-01,Centro-Oeste,MT,Cuiabá,Influenza,302090,Adolescentes,85.65,95,352711,0,Atenção
2021,9,2021-09-01,Centro-Oeste,MS,Campo Grande,Influenza,131824,Idosos,79.02,80,166829,3,Atenção
2021,9,2021-09-01,Sudeste,SP,São Paulo,COVID-19,209938,Adolescentes,84.38,80,248792,0,Adequado
2021,9,2021-09-01,Sudeste,SP,Campinas,Poliomielite,207422,Adolescentes,79.72,95,260192,2,Crítico
2021,9,2021-09-01,Sudeste,SP,Ribeirão Preto,BCG,98773,Adultos,74.08,80,133327,0,Atenção
2021,9,2021-09-01,Sudeste,RJ,Rio de Janeiro,Tríplice Viral,304885,Adolescentes,70.69,95,431326,1,Crítico
2021,9,2021-09-01,Sudeste,RJ,Niterói,Hepatite B,296094,Gestantes,84.78,80,349234,2,Adequado
2021,9,2021-09-01,Sudeste,RJ,Nova Iguaçu,Tríplice Viral,168574,Adultos,81.77,95,206158,1,Atenção
2021,9,2021-09-01,Sudeste,RJ,Petrópolis,Hepatite B,170380,Adultos,81.99,80,207817,0,Adequado
2021,9,2021-09-01,Sudeste,MG,Belo Horizonte,Poliomielite,121769,Idosos,84.44,95,144212,0,Atenção
2021,9,2021-09-01,Sudeste,MG,Uberlândia,Tríplice Viral,391306,Gestantes,92.85,80,421450,0,Adequado
2021,9,2021-09-01,Sudeste,MG,Juiz de Fora,Influenza,306208,Adolescentes,69.07,95,443356,1,Crítico
2021,9,2021-09-01,Sudeste,ES,Vitória,Hepatite B,276176,Gestantes,90.08,95,306598,0,Atenção
2021,9,2021-09-01,Sudeste,ES,Vila Velha,COVID-19,200453,Crianças,88.23,95,227203,1,Atenção
2021,9,2021-09-01,Sudeste,ES,Serra,Hepatite B,68320,Idosos,100.0,80,68320,1,Adequado
2021,9,2021-09-01,Sul,PR,Curitiba,Influenza,268356,Adolescentes,100.0,95,268356,0,Adequado
2021,9,2021-09-01,Sul,PR,Londrina,Tríplice Viral,383189,Adolescentes,78.64,95,487297,1,Crítico
2021,9,2021-09-01,Sul,SC,Florianópolis,COVID-19,278841,Idosos,72.08,95,386837,1,Crítico
2021,9,2021-09-01,Sul,SC,Joinville,BCG,176755,Adolescentes,79.87,80,221308,1,Atenção
2021,9,2021-09-01,Sul,RS,Porto Alegre,Influenza,71133,Adultos,96.53,80,73690,0,Adequado
2021,9,2021-09-01,Sul,RS,Caxias do Sul,Poliomielite,317790,Adolescentes,100.0,80,317790,2,Adequado
2021,10,2021-10-01,Norte,AM,Manaus,Tríplice Viral,391364,Idosos,87.74,95,446031,1,Atenção
2021,10,2021-10-01,Norte,PA,Belém,BCG,51744,Crianças,100.0,95,51744,2,Adequado
2021,10,2021-10-01,Norte,PA,Santarém,Hepatite B,220730,Adultos,87.75,95,251551,1,Atenção
2021,10,2021-10-01,Norte,RO,Porto Velho,Poliomielite,265093,Adolescentes,67.84,95,390783,2,Crítico
2021,10,2021-10-01,Norte,TO,Palmas,Hepatite B,262702,Crianças,87.22,95,301210,0,Atenção
2021,10,2021-10-01,Nordeste,BA,Salvador,Influenza,352461,Adolescentes,89.56,80,393534,1,Adequado
2021,10,2021-10-01,Nordeste,BA,Feira de Santana,Hepatite B,7459,Idosos,72.64,95,10270,1,Crítico
2021,10,2021-10-01,Nordeste,PE,Recife,BCG,220468,Crianças,78.41,80,281174,1,Atenção
2021,10,2021-10-01,Nordeste,PE,Jaboatão dos Guararapes,Influenza,193358,Idosos,87.59,80,220745,2,Adequado
2021,10,2021-10-01,Nordeste,CE,Fortaleza,COVID-19,17965,Adultos,90.52,80,19847,1,Adequado
2021,10,2021-10-01,Nordeste,CE,Juazeiro do Norte,Influenza,43188,Adultos,87.59,80,49306,1,Adequado
2021,10,2021-10-01,Nordeste,MA,São Luís,Hepatite B,346037,Adolescentes,81.99,95,422027,1,Atenção
2021,10,2021-10-01,Nordeste,PB,João Pessoa,BCG,268266,Gestantes,91.58,95,292936,0,Atenção
2021,10,2021-10-01,Centro-Oeste,DF,Brasília,BCG,148998,Idosos,98.02,80,152009,1,Adequado
2021,10,2021-10-01,Centro-Oeste,GO,Goiânia,Poliomielite,34356,Adultos,69.88,95,49167,0,Crítico
2021,10,2021-10-01,Centro-Oeste,GO,Aparecida de Goiânia,Hepatite B,166976,Crianças,91.52,95,182443,0,Atenção
2021,10,2021-10-01,Centro-Oeste,MT,Cuiabá,COVID-19,156989,Idosos,65.8,95,238583,1,Crítico
2021,10,2021-10-01,Centro-Oeste,MS,Campo Grande,Tríplice Viral,83930,Idosos,77.89,95,107756,2,Crítico
2021,10,2021-10-01,Sudeste,SP,São Paulo,Poliomielite,156448,Gestantes,89.5,80,174806,4,Adequado
2021,10,2021-10-01,Sudeste,SP,Campinas,Tríplice Viral,128478,Adolescentes,70.77,95,181533,2,Crítico
2021,10,2021-10-01,Sudeste,SP,Ribeirão Preto,Poliomielite,272232,Idosos,77.5,95,351278,0,Crítico
2021,10,2021-10-01,Sudeste,RJ,Rio de Janeiro,BCG,210624,Adultos,67.32,95,312864,0,Crítico
2021,10,2021-10-01,Sudeste,RJ,Niterói,Poliomielite,61302,Crianças,86.36,80,70982,0,Adequado
2021,10,2021-10-01,Sudeste,RJ,Nova Iguaçu,Influenza,286551,Gestantes,72.78,95,393737,1,Crítico
2021,10,2021-10-01,Sudeste,RJ,Petrópolis,Tríplice Viral,229240,Gestantes,78.76,80,291060,2,Atenção
2021,10,2021-10-01,Sudeste,MG,Belo Horizonte,Hepatite B,305268,Gestantes,86.02,95,354873,2,Atenção
2021,10,2021-10-01,Sudeste,MG,Uberlândia,Poliomielite,8738,Adultos,73.63,80,11867,1,Atenção
2021,10,2021-10-01,Sudeste,MG,Juiz de Fora,Tríplice Viral,425394,Adultos,100.0,80,425394,0,Adequado
2021,10,2021-10-01,Sudeste,ES,Vitória,Hepatite B,406595,Gestantes,91.08,95,446415,0,Atenção
2021,10,2021-10-01,Sudeste,ES,Vila Velha,Poliomielite,73422,Crianças,98.9,95,74237,1,Adequado
2021,10,2021-10-01,Sudeste,ES,Serra,BCG,63891,Gestantes,72.97,95,87557,1,Crítico
2021,10,2021-10-01,Sul,PR,Curitiba,BCG,141792,Crianças,83.63,80,169554,0,Adequado
2021,10,2021-10-01,Sul,PR,Londrina,Tríplice Viral,249374,Gestantes,96.43,95,258603,0,Adequado
2021,10,2021-10-01,Sul,SC,Florianópolis,Hepatite B,129382,Adultos,75.29,80,171848,1,Atenção
2021,10,2021-10-01,Sul,SC,Joinville,Hepatite B,214661,Gestantes,91.86,95,233692,1,Atenção
2021,10,2021-10-01,Sul,RS,Porto Alegre,Poliomielite,278463,Crianças,85.77,95,324674,0,Atenção
2021,10,2021-10-01,Sul,RS,Caxias do Sul,Tríplice Viral,265967,Adolescentes,81.26,80,327316,1,Adequado
2021,11,2021-11-01,Norte,AM,Manaus,BCG,131888,Crianças,87.54,95,150667,0,Atenção
2021,11,2021-11-01,Norte,PA,Belém,Influenza,377897,Adultos,98.4,95,384049,0,Adequado
2021,11,2021-11-01,Norte,PA,Santarém,Hepatite B,268464,Adultos,69.28,80,387482,2,Atenção
2021,11,2021-11-01,Norte,RO,Porto Velho,COVID-19,458819,Gestantes,96.86,95,473683,2,Adequado
2021,11,2021-11-01,Norte,TO,Palmas,COVID-19,162142,Adolescentes,88.34,95,183538,1,Atenção
2021,11,2021-11-01,Nordeste,BA,Salvador,Poliomielite,278926,Adultos,96.31,95,289617,1,Adequado
2021,11,2021-11-01,Nordeste,BA,Feira de Santana,COVID-19,233012,Crianças,89.23,95,261138,2,Atenção
2021,11,2021-11-01,Nordeste,PE,Recife,BCG,204717,Gestantes,87.35,95,234365,0,Atenção
2021,11,2021-11-01,Nordeste,PE,Jaboatão dos Guararapes,BCG,271526,Gestantes,93.36,80,290836,2,Adequado
2021,11,2021-11-01,Nordeste,CE,Fortaleza,BCG,272405,Gestantes,80.59,80,338035,0,Adequado
2021,11,2021-11-01,Nordeste,CE,Juazeiro do Norte,COVID-19,258375,Crianças,70.66,95,365648,0,Crítico
2021,11,2021-11-01,Nordeste,MA,São Luís,Hepatite B,325451,Crianças,84.5,80,385156,4,Adequado
2021,11,2021-11-01,Nordeste,PB,João Pessoa,Poliomielite,67331,Adultos,81.68,95,82430,2,Atenção
2021,11,2021-11-01,Centro-Oeste,DF,Brasília,Influenza,275378,Crianças,82.79,95,332639,0,Atenção
2021,11,2021-11-01,Centro-Oeste,GO,Goiânia,Influenza,218826,Adultos,87.73,95,249439,1,Atenção
2021,11,2021-11-01,Centro-Oeste,GO,Aparecida de Goiânia,Tríplice Viral,352542,Idosos,74.52,80,473101,0,Atenção
2021,11,2021-11-01,Centro-Oeste,MT,Cuiabá,BCG,199563,Idosos,83.27,95,239666,1,Atenção
2021,11,2021-11-01,Centro-Oeste,MS,Campo Grande,COVID-19,357685,Gestantes,87.89,80,406989,0,Adequado
2021,11,2021-11-01,Sudeste,SP,São Paulo,BCG,133102,Adolescentes,100.0,95,133102,3,Adequado
2021,11,2021-11-01,Sudeste,SP,Campinas,Hepatite B,140891,Idosos,72.77,95,193603,1,Crítico
2021,11,2021-11-01,Sudeste,SP,Ribeirão Preto,Hepatite B,15149,Gestantes,92.57,80,16366,0,Adequado
2021,11,2021-11-01,Sudeste,RJ,Rio de Janeiro,Poliomielite,317007,Gestantes,73.59,80,430758,1,Atenção
2021,11,2021-11-01,Sudeste,RJ,Niterói,Poliomielite,294806,Gestantes,78.73,95,374461,1,Crítico
2021,11,2021-11-01,Sudeste,RJ,Nova Iguaçu,Poliomielite,72750,Crianças,63.72,95,114181,1,Crítico
2021,11,2021-11-01,Sudeste,RJ,Petrópolis,Poliomielite,339725,Crianças,74.26,95,457473,0,Crítico
2021,11,2021-11-01,Sudeste,MG,Belo Horizonte,BCG,124557,Adultos,96.78,95,128700,1,Adequado
2021,11,2021-11-01,Sudeste,MG,Uberlândia,Hepatite B,214867,Crianças,73.42,80,292662,2,Atenção
2021,11,2021-11-01,Sudeste,MG,Juiz de Fora,BCG,394468,Idosos,95.12,80,414715,3,Adequado
2021,11,2021-11-01,Sudeste,ES,Vitória,Hepatite B,109030,Idosos,84.25,80,129413,2,Adequado
2021,11,2021-11-01,Sudeste,ES,Vila Velha,Tríplice Viral,348301,Adultos,91.45,95,380884,2,Atenção
2021,11,2021-11-01,Sudeste,ES,Serra,Tríplice Viral,145200,Crianças,79.41,80,182845,0,Atenção
2021,11,2021-11-01,Sul,PR,Curitiba,Poliomielite,238639,Gestantes,61.87,95,385707,1,Crítico
2021,11,2021-11-01,Sul,PR,Londrina,COVID-19,408970,Crianças,83.52,80,489652,0,Adequado
2021,11,2021-11-01,Sul,SC,Florianópolis,Influenza,145101,Adultos,100.0,80,145101,1,Adequado
2021,11,2021-11-01,Sul,SC,Joinville,BCG,59958,Crianças,91.19,80,65750,1,Adequado
2021,11,2021-11-01,Sul,RS,Porto Alegre,BCG,318689,Adolescentes,89.37,80,356593,1,Adequado
2021,11,2021-11-01,Sul,RS,Caxias do Sul,Tríplice Viral,391290,Crianças,79.71,95,490903,0,Crítico
2021,12,2021-12-01,Norte,AM,Manaus,BCG,313545,Idosos,88.5,80,354292,1,Adequado
2021,12,2021-12-01,Norte,PA,Belém,BCG,43846,Idosos,87.63,95,50033,3,Atenção
2021,12,2021-12-01,Norte,PA,Santarém,Influenza,152060,Adultos,100.0,95,152060,0,Adequado
2021,12,2021-12-01,Norte,RO,Porto Velho,Hepatite B,327221,Idosos,94.97,95,344561,2,Atenção
2021,12,2021-12-01,Norte,TO,Palmas,BCG,177569,Adultos,77.98,80,227708,1,Atenção
2021,12,2021-12-01,Nordeste,BA,Salvador,Poliomielite,231278,Adultos,65.35,95,353909,0,Crítico
2021,12,2021-12-01,Nordeste,BA,Feira de Santana,Hepatite B,281008,Gestantes,69.46,80,404590,1,Atenção
2021,12,2021-12-01,Nordeste,PE,Recife,Poliomielite,211122,Crianças,85.07,80,248171,2,Adequado
2021,12,2021-12-01,Nordeste,PE,Jaboatão dos Guararapes,Tríplice Viral,297981,Idosos,85.29,80,349386,1,Adequado
2021,12,2021-12-01,Nordeste,CE,Fortaleza,Poliomielite,213754,Adolescentes,77.79,95,274792,1,Crítico
2021,12,2021-12-01,Nordeste,CE,Juazeiro do Norte,Hepatite B,354357,Adultos,80.04,95,442739,0,Atenção
2021,12,2021-12-01,Nordeste,MA,São Luís,Hepatite B,360183,Adolescentes,75.63,95,476255,2,Crítico
2021,12,2021-12-01,Nordeste,PB,João Pessoa,COVID-19,119657,Crianças,78.61,95,152215,0,Crítico
2021,12,2021-12-01,Centro-Oeste,DF,Brasília,Tríplice Viral,18922,Idosos,83.95,95,22541,0,Atenção
2021,12,2021-12-01,Centro-Oeste,GO,Goiânia,BCG,339570,Gestantes,79.19,95,428819,1,Crítico
2021,12,2021-12-01,Centro-Oeste,GO,Aparecida de Goiânia,Poliomielite,138207,Adultos,84.22,80,164107,1,Adequado
2021,12,2021-12-01,Centro-Oeste,MT,Cuiabá,Influenza,25858,Adultos,67.63,80,38236,1,Atenção
2021,12,2021-12-01,Centro-Oeste,MS,Campo Grande,Hepatite B,236831,Adultos,100.0,80,236831,0,Adequado
2021,12,2021-12-01,Sudeste,SP,São Paulo,COVID-19,99101,Crianças,82.62,80,119949,0,Adequado
2021,12,2021-12-01,Sudeste,SP,Campinas,COVID-19,267857,Idosos,86.57,95,309413,4,Atenção
2021,12,2021-12-01,Sudeste,SP,Ribeirão Preto,Hepatite B,90566,Gestantes,87.06,80,104030,2,Adequado
2021,12,2021-12-01,Sudeste,RJ,Rio de Janeiro,COVID-19,42193,Adultos,87.65,95,48138,1,Atenção
2021,12,2021-12-01,Sudeste,RJ,Niterói,Hepatite B,70358,Adolescentes,77.79,95,90447,1,Crítico
2021,12,2021-12-01,Sudeste,RJ,Nova Iguaçu,Hepatite B,12442,Gestantes,85.88,95,14489,2,Atenção
2021,12,2021-12-01,Sudeste,RJ,Petrópolis,Tríplice Viral,108372,Gestantes,74.7,80,145083,3,Atenção
2021,12,2021-12-01,Sudeste,MG,Belo Horizonte,COVID-19,388689,Adolescentes,81.24,95,478471,2,Atenção
2021,12,2021-12-01,Sudeste,MG,Uberlândia,Tríplice Viral,381401,Idosos,83.32,80,457751,1,Adequado
2021,12,2021-12-01,Sudeste,MG,Juiz de Fora,Poliomielite,320763,Adultos,78.42,80,409051,0,Atenção
2021,12,2021-12-01,Sudeste,ES,Vitória,Poliomielite,245339,Idosos,74.96,95,327309,1,Crítico
2021,12,2021-12-01,Sudeste,ES,Vila Velha,Tríplice Viral,90984,Idosos,88.67,80,102613,0,Adequado
2021,12,2021-12-01,Sudeste,ES,Serra,COVID-19,27786,Crianças,77.92,95,35662,0,Crítico
2021,12,2021-12-01,Sul,PR,Curitiba,Poliomielite,223185,Crianças,73.53,80,303545,3,Atenção
2021,12,2021-12-01,Sul,PR,Londrina,Tríplice Viral,68509,Adolescentes,53.4,95,128300,0,Crítico
2021,12,2021-12-01,Sul,SC,Florianópolis,Poliomielite,66065,Crianças,73.7,80,89637,3,Atenção
2021,12,2021-12-01,Sul,SC,Joinville,BCG,103084,Gestantes,91.73,95,112377,0,Atenção
2021,12,2021-12-01,Sul,RS,Porto Alegre,Influenza,51103,Adolescentes,76.54,95,66766,0,Crítico
2021,12,2021-12-01,Sul,RS,Caxias do Sul,Influenza,434119,Idosos,89.25,95,486387,0,Atenção
2022,1,2022-01-01,Norte,AM,Manaus,Tríplice Viral,204992,Adolescentes,83.37,95,245872,1,Atenção
2022,1,2022-01-01,Norte,PA,Belém,BCG,290243,Adolescentes,92.29,95,314477,0,Atenção
2022,1,2022-01-01,Norte,PA,Santarém,Tríplice Viral,267852,Adolescentes,87.64,95,305635,0,Atenção
2022,1,2022-01-01,Norte,RO,Porto Velho,Influenza,195606,Adultos,79.97,95,244598,0,Crítico
2022,1,2022-01-01,Norte,TO,Palmas,Poliomielite,176507,Idosos,84.59,95,208658,1,Atenção
2022,1,2022-01-01,Nordeste,BA,Salvador,Poliomielite,137446,Idosos,85.93,80,159946,1,Adequado
2022,1,2022-01-01,Nordeste,BA,Feira de Santana,Tríplice Viral,411716,Crianças,96.49,95,426672,0,Adequado
2022,1,2022-01-01,Nordeste,PE,Recife,COVID-19,189832,Adultos,88.7,95,214025,2,Atenção
2022,1,2022-01-01,Nordeste,PE,Jaboatão dos Guararapes,Tríplice Viral,69526,Crianças,80.88,95,85962,1,Atenção
2022,1,2022-01-01,Nordeste,CE,Fortaleza,Tríplice Viral,325881,Adolescentes,76.41,95,426493,1,Crítico
2022,1,2022-01-01,Nordeste,CE,Juazeiro do Norte,Tríplice Viral,27257,Adultos,91.95,95,29644,0,Atenção
2022,1,2022-01-01,Nordeste,MA,São Luís,Tríplice Viral,202507,Gestantes,68.5,80,295626,3,Atenção
2022,1,2022-01-01,Nordeste,PB,João Pessoa,Tríplice Viral,124070,Adolescentes,74.86,80,165736,1,Atenção
2022,1,2022-01-01,Centro-Oeste,DF,Brasília,Tríplice Viral,248001,Idosos,72.24,95,343321,0,Crítico
2022,1,2022-01-01,Centro-Oeste,GO,Goiânia,Poliomielite,387001,Crianças,83.51,95,463399,0,Atenção
2022,1,2022-01-01,Centro-Oeste,GO,Aparecida de Goiânia,COVID-19,39323,Gestantes,67.09,95,58615,0,Crítico
2022,1,2022-01-01,Centro-Oeste,MT,Cuiabá,Tríplice Viral,46303,Idosos,70.69,95,65506,1,Crítico
2022,1,2022-01-01,Centro-Oeste,MS,Campo Grande,COVID-19,94018,Gestantes,93.27,80,100799,1,Adequado
2022,1,2022-01-01,Sudeste,SP,São Paulo,Influenza,263574,Crianças,73.26,95,359776,2,Crítico
2022,1,2022-01-01,Sudeste,SP,Campinas,Poliomielite,302594,Adultos,94.1,80,321558,2,Adequado
2022,1,2022-01-01,Sudeste,SP,Ribeirão Preto,BCG,245454,Adultos,78.48,80,312764,0,Atenção
2022,1,2022-01-01,Sudeste,RJ,Rio de Janeiro,BCG,16297,Idosos,69.96,95,23295,0,Crítico
2022,1,2022-01-01,Sudeste,RJ,Niterói,Tríplice Viral,364638,Adolescentes,89.92,80,405505,0,Adequado
2022,1,2022-01-01,Sudeste,RJ,Nova Iguaçu,Influenza,51532,Gestantes,80.03,95,64393,0,Atenção
2022,1,2022-01-01,Sudeste,RJ,Petrópolis,Influenza,141673,Adultos,100.0,95,141673,1,Adequado
2022,1,2022-01-01,Sudeste,MG,Belo Horizonte,BCG,79108,Gestantes,74.05,80,106824,0,Atenção
2022,1,2022-01-01,Sudeste,MG,Uberlândia,Influenza,12682,Adolescentes,66.64,95,19030,2,Crítico
2022,1,2022-01-01,Sudeste,MG,Juiz de Fora,Hepatite B,197549,Idosos,84.86,95,232798,1,Atenção
2022,1,2022-01-01,Sudeste,ES,Vitória,Tríplice Viral,402819,Adultos,89.9,80,448081,0,Adequado
2022,1,2022-01-01,Sudeste,ES,Vila Velha,Hepatite B,339773,Idosos,79.73,95,426141,0,Crítico
2022,1,2022-01-01,Sudeste,ES,Serra,COVID-19,340089,Adolescentes,87.46,95,388856,1,Atenção
2022,1,2022-01-01,Sul,PR,Curitiba,Tríplice Viral,75249,Adolescentes,89.76,95,83832,0,Atenção
2022,1,2022-01-01,Sul,PR,Londrina,Influenza,247790,Gestantes,82.41,80,300696,1,Adequado
2022,1,2022-01-01,Sul,SC,Florianópolis,Tríplice Viral,74903,Adultos,84.04,95,89133,1,Atenção
2022,1,2022-01-01,Sul,SC,Joinville,COVID-19,24772,Idosos,72.51,95,34165,3,Crítico
2022,1,2022-01-01,Sul,RS,Porto Alegre,Influenza,24721,Adolescentes,77.22,80,32013,2,Atenção
2022,1,2022-01-01,Sul,RS,Caxias do Sul,Tríplice Viral,218344,Adultos,89.37,95,244305,0,Atenção
2022,2,2022-02-01,Norte,AM,Manaus,BCG,330688,Idosos,89.75,95,368442,0,Atenção
2022,2,2022-02-01,Norte,PA,Belém,Poliomielite,129461,Adultos,72.57,80,178398,1,Atenção
2022,2,2022-02-01,Norte,PA,Santarém,BCG,239138,Adolescentes,93.82,95,254880,0,Atenção
2022,2,2022-02-01,Norte,RO,Porto Velho,COVID-19,51974,Crianças,84.31,95,61648,0,Atenção
2022,2,2022-02-01,Norte,TO,Palmas,Influenza,187012,Adolescentes,77.29,80,241976,0,Atenção
2022,2,2022-02-01,Nordeste,BA,Salvador,Hepatite B,469021,Adultos,100.0,95,469021,2,Adequado
2022,2,2022-02-01,Nordeste,BA,Feira de Santana,COVID-19,281406,Adultos,82.49,95,341136,0,Atenção
2022,2,2022-02-01,Nordeste,PE,Recife,Hepatite B,166691,Idosos,84.19,95,197999,1,Atenção
2022,2,2022-02-01,Nordeste,PE,Jaboatão dos Guararapes,BCG,319116,Gestantes,95.88,95,332825,1,Adequado
2022,2,2022-02-01,Nordeste,CE,Fortaleza,COVID-19,425262,Idosos,86.13,80,493763,1,Adequado
2022,2,2022-02-01,Nordeste,CE,Juazeiro do Norte,Hepatite B,356609,Crianças,81.42,80,437971,1,Adequado
2022,2,2022-02-01,Nordeste,MA,São Luís,Poliomielite,14851,Adolescentes,75.9,95,19567,2,Crítico
2022,2,2022-02-01,Nordeste,PB,João Pessoa,Poliomielite,236329,Adultos,81.87,80,288659,2,Adequado
2022,2,2022-02-01,Centro-Oeste,DF,Brasília,Influenza,337929,Gestantes,100.0,95,337929,1,Adequado
2022,2,2022-02-01,Centro-Oeste,GO,Goiânia,COVID-19,338109,Gestantes,82.54,80,409618,1,Adequado
2022,2,2022-02-01,Centro-Oeste,GO,Aparecida de Goiânia,Tríplice Viral,226121,Adolescentes,88.56,80,255326,0,Adequado
2022,2,2022-02-01,Centro-Oeste,MT,Cuiabá,Tríplice Viral,150810,Gestantes,94.05,80,160348,0,Adequado
2022,2,2022-02-01,Centro-Oeste,MS,Campo Grande,Tríplice Viral,77908,Adultos,80.88,95,96329,0,Atenção
2022,2,2022-02-01,Sudeste,SP,São Paulo,BCG,103905,Adolescentes,78.77,80,131911,3,Atenção
2022,2,2022-02-01,Sudeste,SP,Campinas,Poliomielite,346490,Adolescentes,92.59,95,374209,0,Atenção
2022,2,2022-02-01,Sudeste,SP,Ribeirão Preto,COVID-19,210073,Adultos,74.15,95,283309,1,Crítico
2022,2,2022-02-01,Sudeste,RJ,Rio de Janeiro,COVID-19,232184,Idosos,86.17,95,269464,2,Atenção
2022,2,2022-02-01,Sudeste,RJ,Niterói,Hepatite B,337498,Crianças,84.6,80,398953,2,Adequado
2022,2,2022-02-01,Sudeste,RJ,Nova Iguaçu,Poliomielite,139537,Idosos,81.44,80,171345,2,Adequado
2022,2,2022-02-01,Sudeste,RJ,Petrópolis,Tríplice Viral,46492,Crianças,96.02,80,48420,2,Adequado
2022,2,2022-02-01,Sudeste,MG,Belo Horizonte,Hepatite B,424466,Gestantes,93.64,80,453272,1,Adequado
2022,2,2022-02-01,Sudeste,MG,Uberlândia,COVID-19,203130,Adolescentes,65.2,95,311529,2,Crítico
2022,2,2022-02-01,Sudeste,MG,Juiz de Fora,Tríplice Viral,21219,Adultos,89.41,80,23731,1,Adequado
2022,2,2022-02-01,Sudeste,ES,Vitória,Influenza,437406,Adolescentes,94.03,80,465177,0,Adequado
2022,2,2022-02-01,Sudeste,ES,Vila Velha,Influenza,104190,Gestantes,88.67,95,117505,0,Atenção
2022,2,2022-02-01,Sudeste,ES,Serra,BCG,330119,Adultos,78.08,80,422822,2,Atenção
2022,2,2022-02-01,Sul,PR,Curitiba,Poliomielite,91589,Idosos,94.75,80,96666,1,Adequado
2022,2,2022-02-01,Sul,PR,Londrina,Influenza,95187,Adolescentes,86.42,80,110146,0,Adequado
2022,2,2022-02-01,Sul,SC,Florianópolis,BCG,350481,Crianças,78.91,95,444134,0,Crítico
2022,2,2022-02-01,Sul,SC,Joinville,COVID-19,145259,Crianças,95.5,80,152112,0,Adequado
2022,2,2022-02-01,Sul,RS,Porto Alegre,Poliomielite,188767,Gestantes,92.48,80,204116,1,Adequado
2022,2,2022-02-01,Sul,RS,Caxias do Sul,Poliomielite,319078,Crianças,85.68,95,372418,0,Atenção
2022,3,2022-03-01,Norte,AM,Manaus,Poliomielite,419407,Gestantes,88.14,95,475835,0,Atenção
2022,3,2022-03-01,Norte,PA,Belém,Tríplice Viral,170745,Crianças,96.33,95,177251,1,Adequado
2022,3,2022-03-01,Norte,PA,Santarém,BCG,194847,Crianças,75.9,95,256704,1,Crítico
2022,3,2022-03-01,Norte,RO,Porto Velho,Influenza,232442,Adultos,97.57,80,238232,1,Adequado
2022,3,2022-03-01,Norte,TO,Palmas,Influenza,49069,Adultos,78.42,95,62569,0,Crítico
2022,3,2022-03-01,Nordeste,BA,Salvador,Hepatite B,325006,Crianças,84.89,80,382871,1,Adequado
2022,3,2022-03-01,Nordeste,BA,Feira de Santana,Poliomielite,218047,Gestantes,81.06,95,269007,4,Atenção
2022,3,2022-03-01,Nordeste,PE,Recife,Hepatite B,373419,Gestantes,86.92,80,429588,1,Adequado
2022,3,2022-03-01,Nordeste,PE,Jaboatão dos Guararapes,COVID-19,397058,Gestantes,89.56,95,443336,1,Atenção
2022,3,2022-03-01,Nordeste,CE,Fortaleza,Influenza,146593,Idosos,88.66,95,165344,2,Atenção
2022,3,2022-03-01,Nordeste,CE,Juazeiro do Norte,COVID-19,292388,Idosos,91.3,80,320235,2,Adequado
2022,3,2022-03-01,Nordeste,MA,São Luís,Poliomielite,310296,Crianças,79.45,80,390556,1,Atenção
2022,3,2022-03-01,Nordeste,PB,João Pessoa,Hepatite B,91022,Crianças,83.78,95,108639,1,Atenção
2022,3,2022-03-01,Centro-Oeste,DF,Brasília,BCG,32441,Adultos,81.2,80,39951,1,Adequado
2022,3,2022-03-01,Centro-Oeste,GO,Goiânia,Hepatite B,203712,Adultos,75.35,95,270341,1,Crítico
2022,3,2022-03-01,Centro-Oeste,GO,Aparecida de Goiânia,Poliomielite,334710,Adolescentes,86.19,80,388344,1,Adequado
2022,3,2022-03-01,Centro-Oeste,MT,Cuiabá,Poliomielite,66907,Idosos,81.57,80,82028,1,Adequado
2022,3,2022-03-01,Centro-Oeste,MS,Campo Grande,Tríplice Viral,464463,Idosos,97.12,80,478235,0,Adequado
2022,3,2022-03-01,Sudeste,SP,São Paulo,Poliomielite,339881,Adultos,86.47,80,393054,1,Adequado
2022,3,2022-03-01,Sudeste,SP,Campinas,Tríplice Viral,300440,Adultos,92.16,95,326016,0,Atenção
2022,3,2022-03-01,Sudeste,SP,Ribeirão Preto,Hepatite B,106385,Adultos,79.11,95,134471,0,Crítico
2022,3,2022-03-01,Sudeste,RJ,Rio de Janeiro,Hepatite B,385472,Crianças,92.25,95,417879,1,Atenção
2022,3,2022-03-01,Sudeste,RJ,Niterói,Influenza,125051,Gestantes,87.19,80,143424,0,Adequado
2022,3,2022-03-01,Sudeste,RJ,Nova Iguaçu,BCG,286838,Idosos,80.81,95,354967,1,Atenção
2022,3,2022-03-01,Sudeste,RJ,Petrópolis,Hepatite B,212485,Adolescentes,87.0,95,244235,0,Atenção
2022,3,2022-03-01,Sudeste,MG,Belo Horizonte,COVID-19,359869,Adultos,100.0,80,359869,2,Adequado
2022,3,2022-03-01,Sudeste,MG,Uberlândia,Tríplice Viral,307649,Adultos,70.58,95,435915,2,Crítico
2022,3,2022-03-01,Sudeste,MG,Juiz de Fora,Influenza,66461,Idosos,91.64,95,72521,1,Atenção
2022,3,2022-03-01,Sudeste,ES,Vitória,Influenza,236397,Idosos,82.71,95,285807,1,Atenção
2022,3,2022-03-01,Sudeste,ES,Vila Velha,Poliomielite,109164,Gestantes,81.5,80,133951,1,Adequado
2022,3,2022-03-01,Sudeste,ES,Serra,Tríplice Viral,75177,Adultos,92.44,95,81322,1,Atenção
2022,3,2022-03-01,Sul,PR,Curitiba,BCG,283342,Crianças,81.94,80,345791,0,Adequado
2022,3,2022-03-01,Sul,PR,Londrina,Poliomielite,243252,Gestantes,82.53,95,294753,1,Atenção
2022,3,2022-03-01,Sul,SC,Florianópolis,Influenza,253507,Adultos,84.11,95,301391,1,Atenção
2022,3,2022-03-01,Sul,SC,Joinville,COVID-19,30515,Adultos,83.5,95,36544,2,Atenção
2022,3,2022-03-01,Sul,RS,Porto Alegre,COVID-19,48558,Gestantes,95.59,95,50796,0,Adequado
2022,3,2022-03-01,Sul,RS,Caxias do Sul,Poliomielite,383922,Adultos,86.0,80,446424,1,Adequado
2022,4,2022-04-01,Norte,AM,Manaus,COVID-19,198024,Crianças,66.68,80,296990,1,Atenção
2022,4,2022-04-01,Norte,PA,Belém,Hepatite B,355552,Crianças,87.3,95,407254,0,Atenção
2022,4,2022-04-01,Norte,PA,Santarém,Influenza,349593,Adultos,81.52,95,428853,2,Atenção
2022,4,2022-04-01,Norte,RO,Porto Velho,COVID-19,394733,Crianças,83.13,80,474811,1,Adequado
2022,4,2022-04-01,Norte,TO,Palmas,Poliomielite,329713,Adolescentes,87.03,95,378866,0,Atenção
2022,4,2022-04-01,Nordeste,BA,Salvador,Poliomielite,99865,Gestantes,84.71,95,117893,0,Atenção
2022,4,2022-04-01,Nordeste,BA,Feira de Santana,Hepatite B,317450,Adolescentes,79.8,95,397804,0,Crítico
2022,4,2022-04-01,Nordeste,PE,Recife,Influenza,359432,Adultos,80.83,95,444682,0,Atenção
2022,4,2022-04-01,Nordeste,PE,Jaboatão dos Guararapes,Hepatite B,123940,Adolescentes,69.51,80,178318,0,Atenção
2022,4,2022-04-01,Nordeste,CE,Fortaleza,Tríplice Viral,452429,Idosos,98.36,95,459965,2,Adequado
2022,4,2022-04-01,Nordeste,CE,Juazeiro do Norte,Poliomielite,287267,Adolescentes,76.69,95,374561,0,Crítico
2022,4,2022-04-01,Nordeste,MA,São Luís,Influenza,115192,Crianças,80.66,95,142818,1,Atenção
2022,4,2022-04-01,Nordeste,PB,João Pessoa,COVID-19,265985,Adultos,75.69,95,351412,0,Crítico
2022,4,2022-04-01,Centro-Oeste,DF,Brasília,BCG,221317,Idosos,98.35,80,225038,1,Adequado
2022,4,2022-04-01,Centro-Oeste,GO,Goiânia,Influenza,174355,Adultos,94.9,95,183731,1,Atenção
2022,4,2022-04-01,Centro-Oeste,GO,Aparecida de Goiânia,Tríplice Viral,282008,Adolescentes,83.46,80,337909,1,Adequado
2022,4,2022-04-01,Centro-Oeste,MT,Cuiabá,BCG,99472,Adultos,78.1,95,127361,0,Crítico
2022,4,2022-04-01,Centro-Oeste,MS,Campo Grande,Tríplice Viral,307006,Gestantes,78.29,95,392127,0,Crítico
2022,4,2022-04-01,Sudeste,SP,São Paulo,Poliomielite,24073,Idosos,79.59,95,30249,1,Crítico
2022,4,2022-04-01,Sudeste,SP,Campinas,Tríplice Viral,151315,Adolescentes,72.46,95,208829,1,Crítico
2022,4,2022-04-01,Sudeste,SP,Ribeirão Preto,Poliomielite,128377,Adolescentes,96.79,95,132632,3,Adequado
2022,4,2022-04-01,Sudeste,RJ,Rio de Janeiro,BCG,111578,Adolescentes,79.66,95,140073,1,Crítico
2022,4,2022-04-01,Sudeste,RJ,Niterói,Poliomielite,204214,Crianças,85.17,80,239770,1,Adequado
2022,4,2022-04-01,Sudeste,RJ,Nova Iguaçu,Tríplice Viral,140753,Gestantes,76.8,80,183281,1,Atenção
2022,4,2022-04-01,Sudeste,RJ,Petrópolis,Poliomielite,125010,Gestantes,88.97,95,140510,1,Atenção
2022,4,2022-04-01,Sudeste,MG,Belo Horizonte,Hepatite B,208430,Adolescentes,83.35,95,250055,0,Atenção
2022,4,2022-04-01,Sudeste,MG,Uberlândia,Influenza,74540,Idosos,81.14,80,91866,3,Adequado
2022,4,2022-04-01,Sudeste,MG,Juiz de Fora,BCG,141826,Adultos,70.23,95,201952,2,Crítico
2022,4,2022-04-01,Sudeste,ES,Vitória,BCG,80798,Adolescentes,87.87,95,91950,1,Atenção
2022,4,2022-04-01,Sudeste,ES,Vila Velha,Hepatite B,79611,Crianças,71.19,95,111836,2,Crítico
2022,4,2022-04-01,Sudeste,ES,Serra,COVID-19,282170,Gestantes,82.51,95,341968,2,Atenção
2022,4,2022-04-01,Sul,PR,Curitiba,Hepatite B,307742,Crianças,91.3,95,337054,1,Atenção
2022,4,2022-04-01,Sul,PR,Londrina,BCG,255860,Gestantes,81.24,95,314940,4,Atenção
2022,4,2022-04-01,Sul,SC,Florianópolis,Influenza,178085,Idosos,90.06,80,197751,1,Adequado
2022,4,2022-04-01,Sul,SC,Joinville,COVID-19,349900,Gestantes,85.74,95,408083,0,Atenção
2022,4,2022-04-01,Sul,RS,Porto Alegre,Hepatite B,243192,Crianças,85.76,95,283582,0,Atenção
2022,4,2022-04-01,Sul,RS,Caxias do Sul,Tríplice Viral,212224,Crianças,82.63,95,256849,1,Atenção
2022,5,2022-05-01,Norte,AM,Manaus,Influenza,249416,Idosos,87.04,95,286538,2,Atenção
2022,5,2022-05-01,Norte,PA,Belém,COVID-19,428833,Idosos,91.79,95,467166,1,Atenção
2022,5,2022-05-01,Norte,PA,Santarém,COVID-19,195649,Adolescentes,88.96,80,219934,2,Adequado
2022,5,2022-05-01,Norte,RO,Porto Velho,BCG,138510,Idosos,81.01,80,170974,2,Adequado
2022,5,2022-05-01,Norte,TO,Palmas,Influenza,288507,Adultos,100.0,80,288507,2,Adequado
2022,5,2022-05-01,Nordeste,BA,Salvador,BCG,57770,Crianças,87.16,80,66282,1,Adequado
2022,5,2022-05-01,Nordeste,BA,Feira de Santana,BCG,455889,Crianças,99.07,95,460147,2,Adequado
2022,5,2022-05-01,Nordeste,PE,Recife,Poliomielite,293937,Adolescentes,90.22,95,325804,1,Atenção
2022,5,2022-05-01,Nordeste,PE,Jaboatão dos Guararapes,BCG,208866,Crianças,78.58,80,265798,1,Atenção
2022,5,2022-05-01,Nordeste,CE,Fortaleza,Influenza,134863,Idosos,92.79,95,145348,0,Atenção
2022,5,2022-05-01,Nordeste,CE,Juazeiro do Norte,Tríplice Viral,294927,Adultos,64.83,95,454945,0,Crítico
2022,5,2022-05-01,Nordeste,MA,São Luís,COVID-19,191621,Adolescentes,77.34,95,247774,3,Crítico
2022,5,2022-05-01,Nordeste,PB,João Pessoa,Tríplice Viral,404544,Adolescentes,82.85,95,488286,1,Atenção
2022,5,2022-05-01,Centro-Oeste,DF,Brasília,BCG,283892,Gestantes,71.91,80,394775,1,Atenção
2022,5,2022-05-01,Centro-Oeste,GO,Goiânia,Tríplice Viral,104838,Adultos,100.0,80,104838,1,Adequado
2022,5,2022-05-01,Centro-Oeste,GO,Aparecida de Goiânia,BCG,288762,Adultos,77.09,95,374587,0,Crítico
2022,5,2022-05-01,Centro-Oeste,MT,Cuiabá,Tríplice Viral,370097,Idosos,90.43,80,409258,2,Adequado
2022,5,2022-05-01,Centro-Oeste,MS,Campo Grande,Poliomielite,277623,Crianças,93.45,95,297067,1,Atenção
2022,5,2022-05-01,Sudeste,SP,São Paulo,Tríplice Viral,12666,Adultos,75.17,95,16850,1,Crítico
2022,5,2022-05-01,Sudeste,SP,Campinas,COVID-19,170525,Crianças,84.52,95,201763,3,Atenção
2022,5,2022-05-01,Sudeste,SP,Ribeirão Preto,COVID-19,290495,Idosos,74.6,95,389405,2,Crítico
2022,5,2022-05-01,Sudeste,RJ,Rio de Janeiro,BCG,355166,Idosos,76.93,95,461686,2,Crítico
2022,5,2022-05-01,Sudeste,RJ,Niterói,Poliomielite,355686,Gestantes,71.67,95,496266,2,Crítico
2022,5,2022-05-01,Sudeste,RJ,Nova Iguaçu,COVID-19,265885,Adolescentes,77.21,95,344371,2,Crítico
2022,5,2022-05-01,Sudeste,RJ,Petrópolis,Tríplice Viral,420679,Gestantes,100.0,95,420679,1,Adequado
2022,5,2022-05-01,Sudeste,MG,Belo Horizonte,BCG,148984,Adultos,73.34,80,203132,4,Atenção
2022,5,2022-05-01,Sudeste,MG,Uberlândia,COVID-19,344426,Crianças,81.12,95,424609,1,Atenção
2022,5,2022-05-01,Sudeste,MG,Juiz de Fora,Influenza,142572,Idosos,77.08,95,184967,1,Crítico
2022,5,2022-05-01,Sudeste,ES,Vitória,Tríplice Viral,16978,Idosos,81.66,95,20792,2,Atenção
2022,5,2022-05-01,Sudeste,ES,Vila Velha,Tríplice Viral,149857,Adultos,92.01,95,162863,1,Atenção
2022,5,2022-05-01,Sudeste,ES,Serra,Influenza,209366,Idosos,66.85,95,313209,3,Crítico
2022,5,2022-05-01,Sul,PR,Curitiba,Hepatite B,458398,Adolescentes,91.96,80,498499,0,Adequado
2022,5,2022-05-01,Sul,PR,Londrina,Influenza,265460,Adolescentes,87.08,95,304836,0,Atenção
2022,5,2022-05-01,Sul,SC,Florianópolis,Hepatite B,176384,Gestantes,77.3,80,228173,0,Atenção
2022,5,2022-05-01,Sul,SC,Joinville,Poliomielite,254809,Adolescentes,87.39,80,291591,0,Adequado
2022,5,2022-05-01,Sul,RS,Porto Alegre,Poliomielite,39938,Gestantes,91.34,95,43723,1,Atenção
2022,5,2022-05-01,Sul,RS,Caxias do Sul,Influenza,261112,Idosos,85.18,80,306541,1,Adequado
2022,6,2022-06-01,Norte,AM,Manaus,Hepatite B,60703,Adolescentes,84.12,95,72162,1,Atenção
2022,6,2022-06-01,Norte,PA,Belém,Tríplice Viral,259307,Crianças,87.3,95,297020,1,Atenção
2022,6,2022-06-01,Norte,PA,Santarém,Hepatite B,468367,Adultos,97.91,95,478381,1,Adequado
2022,6,2022-06-01,Norte,RO,Porto Velho,COVID-19,214200,Gestantes,85.52,80,250456,0,Adequado
2022,6,2022-06-01,Norte,TO,Palmas,Tríplice Viral,439144,Adultos,100.0,95,439144,0,Adequado
2022,6,2022-06-01,Nordeste,BA,Salvador,BCG,97318,Crianças,89.71,80,108479,1,Adequado
2022,6,2022-06-01,Nordeste,BA,Feira de Santana,Tríplice Viral,111272,Idosos,77.22,80,144097,1,Atenção
2022,6,2022-06-01,Nordeste,PE,Recife,COVID-19,425923,Adultos,100.0,95,425923,0,Adequado
2022,6,2022-06-01,Nordeste,PE,Jaboatão dos Guararapes,Poliomielite,128820,Idosos,87.54,80,147149,1,Adequado
2022,6,2022-06-01,Nordeste,CE,Fortaleza,COVID-19,151106,Adultos,95.4,95,158390,2,Adequado
2022,6,2022-06-01,Nordeste,CE,Juazeiro do Norte,Tríplice Viral,339170,Adolescentes,78.85,95,430157,2,Crítico
2022,6,2022-06-01,Nordeste,MA,São Luís,Hepatite B,177821,Gestantes,77.11,95,230595,1,Crítico
2022,6,2022-06-01,Nordeste,PB,João Pessoa,Tríplice Viral,46510,Adultos,97.51,80,47700,1,Adequado
2022,6,2022-06-01,Centro-Oeste,DF,Brasília,Hepatite B,402170,Adultos,84.17,80,477820,2,Adequado
2022,6,2022-06-01,Centro-Oeste,GO,Goiânia,Tríplice Viral,230349,Adolescentes,78.87,80,292074,0,Atenção
2022,6,2022-06-01,Centro-Oeste,GO,Aparecida de Goiânia,Influenza,53181,Adultos,56.78,80,93656,0,Crítico
2022,6,2022-06-01,Centro-Oeste,MT,Cuiabá,Poliomielite,126080,Adolescentes,83.86,80,150352,3,Adequado
2022,6,2022-06-01,Centro-Oeste,MS,Campo Grande,Tríplice Viral,330898,Adultos,76.88,95,430425,1,Crítico
2022,6,2022-06-01,Sudeste,SP,São Paulo,Poliomielite,360185,Crianças,88.46,80,407192,3,Adequado
2022,6,2022-06-01,Sudeste,SP,Campinas,Influenza,324050,Idosos,86.89,80,372936,1,Adequado
2022,6,2022-06-01,Sudeste,SP,Ribeirão Preto,Hepatite B,316155,Gestantes,86.98,80,363463,0,Adequado
2022,6,2022-06-01,Sudeste,RJ,Rio de Janeiro,Hepatite B,263680,Crianças,100.0,80,263680,1,Adequado
2022,6,2022-06-01,Sudeste,RJ,Niterói,Poliomielite,406320,Idosos,91.45,80,444291,2,Adequado
2022,6,2022-06-01,Sudeste,RJ,Nova Iguaçu,BCG,293022,Idosos,80.29,95,364957,3,Atenção
2022,6,2022-06-01,Sudeste,RJ,Petrópolis,Poliomielite,238991,Adolescentes,80.18,80,298061,1,Adequado
2022,6,2022-06-01,Sudeste,MG,Belo Horizonte,Hepatite B,237647,Adolescentes,70.81,95,335599,2,Crítico
2022,6,2022-06-01,Sudeste,MG,Uberlândia,Poliomielite,389152,Crianças,88.69,95,438789,1,Atenção
2022,6,2022-06-01,Sudeste,MG,Juiz de Fora,Poliomielite,63202,Gestantes,78.99,95,80013,0,Crítico
2022,6,2022-06-01,Sudeste,ES,Vitória,Poliomielite,263092,Crianças,76.56,80,343627,1,Atenção
2022,6,2022-06-01,Sudeste,ES,Vila Velha,Hepatite B,337018,Adolescentes,98.08,95,343604,0,Adequado
2022,6,2022-06-01,Sudeste,ES,Serra,Tríplice Viral,67748,Gestantes,92.6,80,73161,2,Adequado
2022,6,2022-06-01,Sul,PR,Curitiba,Hepatite B,45654,Adolescentes,85.92,95,53139,2,Atenção
2022,6,2022-06-01,Sul,PR,Londrina,Influenza,366293,Adolescentes,87.97,80,416401,0,Adequado
2022,6,2022-06-01,Sul,SC,Florianópolis,Influenza,173218,Gestantes,100.0,95,173218,2,Adequado
2022,6,2022-06-01,Sul,SC,Joinville,Hepatite B,120824,Gestantes,85.56,95,141213,1,Atenção
2022,6,2022-06-01,Sul,RS,Porto Alegre,COVID-19,81887,Adultos,78.99,95,103671,0,Crítico
2022,6,2022-06-01,Sul,RS,Caxias do Sul,COVID-19,325430,Crianças,94.17,95,345581,1,Atenção
2022,7,2022-07-01,Norte,AM,Manaus,Hepatite B,131011,Crianças,74.16,95,176657,0,Crítico
2022,7,2022-07-01,Norte,PA,Belém,COVID-19,86905,Adultos,78.67,80,110474,0,Atenção
2022,7,2022-07-01,Norte,PA,Santarém,Poliomielite,329554,Adolescentes,88.06,80,374256,1,Adequado
2022,7,2022-07-01,Norte,RO,Porto Velho,Tríplice Viral,263465,Gestantes,81.23,80,324334,3,Adequado
2022,7,2022-07-01,Norte,TO,Palmas,Influenza,153980,Crianças,100.0,95,153980,2,Adequado
2022,7,2022-07-01,Nordeste,BA,Salvador,COVID-19,64904,Idosos,61.74,95,105127,2,Crítico
2022,7,2022-07-01,Nordeste,BA,Feira de Santana,Hepatite B,14603,Crianças,72.63,95,20108,0,Crítico
2022,7,2022-07-01,Nordeste,PE,Recife,Poliomielite,443667,Adolescentes,100.0,95,443667,0,Adequado
2022,7,2022-07-01,Nordeste,PE,Jaboatão dos Guararapes,COVID-19,190923,Idosos,87.86,95,217292,0,Atenção
2022,7,2022-07-01,Nordeste,CE,Fortaleza,Hepatite B,68350,Adolescentes,76.88,95,88902,0,Crítico
2022,7,2022-07-01,Nordeste,CE,Juazeiro do Norte,COVID-19,231634,Adultos,94.36,80,245489,0,Adequado
2022,7,2022-07-01,Nordeste,MA,São Luís,BCG,306232,Gestantes,81.01,95,378031,0,Atenção
2022,7,2022-07-01,Nordeste,PB,João Pessoa,Hepatite B,125877,Crianças,95.19,95,132244,3,Adequado
2022,7,2022-07-01,Centro-Oeste,DF,Brasília,Influenza,76897,Gestantes,71.25,80,107927,0,Atenção
2022,7,2022-07-01,Centro-Oeste,GO,Goiânia,COVID-19,283527,Crianças,77.6,95,365351,1,Crítico
2022,7,2022-07-01,Centro-Oeste,GO,Aparecida de Goiânia,COVID-19,351167,Idosos,83.0,80,423113,0,Adequado
2022,7,2022-07-01,Centro-Oeste,MT,Cuiabá,BCG,151730,Adolescentes,57.88,95,262151,3,Crítico
2022,7,2022-07-01,Centro-Oeste,MS,Campo Grande,Tríplice Viral,178843,Idosos,90.67,80,197246,2,Adequado
2022,7,2022-07-01,Sudeste,SP,São Paulo,Poliomielite,299108,Crianças,93.19,95,320973,2,Atenção
2022,7,2022-07-01,Sudeste,SP,Campinas,Hepatite B,204926,Adolescentes,90.62,80,226134,3,Adequado
2022,7,2022-07-01,Sudeste,SP,Ribeirão Preto,Hepatite B,18737,Adultos,99.15,80,18898,1,Adequado
2022,7,2022-07-01,Sudeste,RJ,Rio de Janeiro,BCG,108738,Adolescentes,82.41,80,131952,0,Adequado
2022,7,2022-07-01,Sudeste,RJ,Niterói,BCG,292117,Crianças,87.13,95,335258,1,Atenção
2022,7,2022-07-01,Sudeste,RJ,Nova Iguaçu,Influenza,169667,Adolescentes,87.47,95,193979,0,Atenção
2022,7,2022-07-01,Sudeste,RJ,Petrópolis,BCG,174420,Crianças,82.26,95,212047,1,Atenção
2022,7,2022-07-01,Sudeste,MG,Belo Horizonte,Hepatite B,211471,Adultos,83.39,95,253596,2,Atenção
2022,7,2022-07-01,Sudeste,MG,Uberlândia,COVID-19,219804,Adultos,83.29,95,263905,1,Atenção
2022,7,2022-07-01,Sudeste,MG,Juiz de Fora,Influenza,303705,Crianças,86.18,80,352420,1,Adequado
2022,7,2022-07-01,Sudeste,ES,Vitória,Influenza,56399,Crianças,96.8,95,58264,1,Adequado
2022,7,2022-07-01,Sudeste,ES,Vila Velha,BCG,126624,Gestantes,69.09,80,183262,0,Atenção
2022,7,2022-07-01,Sudeste,ES,Serra,COVID-19,230584,Crianças,73.1,95,315444,0,Crítico
2022,7,2022-07-01,Sul,PR,Curitiba,Tríplice Viral,219057,Idosos,56.89,95,385023,1,Crítico
2022,7,2022-07-01,Sul,PR,Londrina,BCG,301026,Crianças,74.51,80,404030,0,Atenção
2022,7,2022-07-01,Sul,SC,Florianópolis,COVID-19,118316,Idosos,68.72,95,172180,0,Crítico
2022,7,2022-07-01,Sul,SC,Joinville,Hepatite B,311760,Idosos,70.29,95,443556,1,Crítico
2022,7,2022-07-01,Sul,RS,Porto Alegre,Poliomielite,258246,Adultos,83.17,95,310496,1,Atenção
2022,7,2022-07-01,Sul,RS,Caxias do Sul,Influenza,309917,Idosos,88.0,95,352168,0,Atenção
2022,8,2022-08-01,Norte,AM,Manaus,Tríplice Viral,257912,Adolescentes,69.41,95,371593,1,Crítico
2022,8,2022-08-01,Norte,PA,Belém,Tríplice Viral,179475,Adultos,69.3,80,258970,0,Atenção
2022,8,2022-08-01,Norte,PA,Santarém,COVID-19,154097,Adultos,83.53,95,184471,5,Atenção
2022,8,2022-08-01,Norte,RO,Porto Velho,Poliomielite,30578,Adultos,92.35,95,33110,2,Atenção
2022,8,2022-08-01,Norte,TO,Palmas,COVID-19,374606,Idosos,94.87,95,394860,0,Atenção
2022,8,2022-08-01,Nordeste,BA,Salvador,BCG,324234,Idosos,96.97,80,334351,0,Adequado
2022,8,2022-08-01,Nordeste,BA,Feira de Santana,Hepatite B,17895,Adultos,83.77,80,21364,1,Adequado
2022,8,2022-08-01,Nordeste,PE,Recife,Influenza,474617,Gestantes,97.44,95,487077,0,Adequado
2022,8,2022-08-01,Nordeste,PE,Jaboatão dos Guararapes,Influenza,300396,Crianças,92.92,95,323283,1,Atenção
2022,8,2022-08-01,Nordeste,CE,Fortaleza,Tríplice Viral,165475,Adolescentes,76.56,95,216143,0,Crítico
2022,8,2022-08-01,Nordeste,CE,Juazeiro do Norte,COVID-19,123134,Crianças,88.85,80,138595,0,Adequado
2022,8,2022-08-01,Nordeste,MA,São Luís,COVID-19,292986,Adultos,75.05,80,390363,2,Atenção
2022,8,2022-08-01,Nordeste,PB,João Pessoa,BCG,150173,Gestantes,96.26,95,156012,1,Adequado
2022,8,2022-08-01,Centro-Oeste,DF,Brasília,COVID-19,339091,Gestantes,80.13,95,423153,2,Atenção
2022,8,2022-08-01,Centro-Oeste,GO,Goiânia,BCG,113545,Gestantes,58.64,95,193619,1,Crítico
2022,8,2022-08-01,Centro-Oeste,GO,Aparecida de Goiânia,Influenza,445834,Idosos,95.45,80,467069,0,Adequado
2022,8,2022-08-01,Centro-Oeste,MT,Cuiabá,Influenza,267035,Idosos,81.28,95,328531,0,Atenção
2022,8,2022-08-01,Centro-Oeste,MS,Campo Grande,BCG,124797,Gestantes,84.74,95,147279,1,Atenção
2022,8,2022-08-01,Sudeste,SP,São Paulo,Hepatite B,152732,Gestantes,78.31,95,195044,0,Crítico
2022,8,2022-08-01,Sudeste,SP,Campinas,Poliomielite,285822,Adultos,81.88,80,349063,0,Adequado
2022,8,2022-08-01,Sudeste,SP,Ribeirão Preto,Poliomielite,54623,Gestantes,72.73,80,75100,2,Atenção
2022,8,2022-08-01,Sudeste,RJ,Rio de Janeiro,Tríplice Viral,94392,Adultos,78.52,95,120220,0,Crítico
2022,8,2022-08-01,Sudeste,RJ,Niterói,Tríplice Viral,243690,Crianças,90.01,95,270728,1,Atenção
2022,8,2022-08-01,Sudeste,RJ,Nova Iguaçu,Influenza,387890,Idosos,80.63,80,481092,0,Adequado
2022,8,2022-08-01,Sudeste,RJ,Petrópolis,Poliomielite,182340,Gestantes,95.31,80,191321,2,Adequado
2022,8,2022-08-01,Sudeste,MG,Belo Horizonte,Tríplice Viral,178672,Gestantes,78.12,95,228701,0,Crítico
2022,8,2022-08-01,Sudeste,MG,Uberlândia,Influenza,109402,Idosos,100.0,80,109402,1,Adequado
2022,8,2022-08-01,Sudeste,MG,Juiz de Fora,Poliomielite,302929,Idosos,77.28,95,391972,1,Crítico
2022,8,2022-08-01,Sudeste,ES,Vitória,BCG,263133,Idosos,84.11,80,312856,1,Adequado
2022,8,2022-08-01,Sudeste,ES,Vila Velha,BCG,68884,Idosos,79.03,95,87165,1,Crítico
2022,8,2022-08-01,Sudeste,ES,Serra,Poliomielite,344921,Crianças,85.85,95,401778,2,Atenção
2022,8,2022-08-01,Sul,PR,Curitiba,Poliomielite,100521,Idosos,63.0,80,159547,2,Crítico
2022,8,2022-08-01,Sul,PR,Londrina,COVID-19,268246,Gestantes,86.74,95,309242,1,Atenção
2022,8,2022-08-01,Sul,SC,Florianópolis,Tríplice Viral,264746,Gestantes,90.98,95,290997,0,Atenção
2022,8,2022-08-01,Sul,SC,Joinville,Hepatite B,15656,Crianças,81.7,95,19164,2,Atenção
2022,8,2022-08-01,Sul,RS,Porto Alegre,BCG,161750,Adultos,81.12,95,199399,0,Atenção
2022,8,2022-08-01,Sul,RS,Caxias do Sul,BCG,431360,Crianças,95.08,95,453671,0,Adequado
2022,9,2022-09-01,Norte,AM,Manaus,Poliomielite,272670,Adolescentes,84.45,95,322863,1,Atenção
2022,9,2022-09-01,Norte,PA,Belém,Poliomielite,432216,Idosos,91.75,80,471088,1,Adequado
2022,9,2022-09-01,Norte,PA,Santarém,COVID-19,126229,Adultos,75.66,80,166837,0,Atenção
2022,9,2022-09-01,Norte,RO,Porto Velho,BCG,133026,Idosos,69.96,80,190145,1,Atenção
2022,9,2022-09-01,Norte,TO,Palmas,BCG,330350,Gestantes,91.49,95,361060,0,Atenção
2022,9,2022-09-01,Nordeste,BA,Salvador,BCG,236806,Adolescentes,70.05,95,338068,0,Crítico
2022,9,2022-09-01,Nordeste,BA,Feira de Santana,COVID-19,204583,Adolescentes,87.87,80,232831,0,Adequado
2022,9,2022-09-01,Nordeste,PE,Recife,Poliomielite,246707,Crianças,60.3,95,409135,1,Crítico
2022,9,2022-09-01,Nordeste,PE,Jaboatão dos Guararapes,Poliomielite,59191,Adultos,63.8,80,92772,1,Crítico
2022,9,2022-09-01,Nordeste,CE,Fortaleza,COVID-19,333949,Adolescentes,80.4,80,415380,0,Adequado
2022,9,2022-09-01,Nordeste,CE,Juazeiro do Norte,Poliomielite,328239,Crianças,99.2,95,330901,1,Adequado
2022,9,2022-09-01,Nordeste,MA,São Luís,COVID-19,300804,Idosos,87.17,80,345090,0,Adequado
2022,9,2022-09-01,Nordeste,PB,João Pessoa,Poliomielite,141172,Adolescentes,67.33,95,209664,0,Crítico
2022,9,2022-09-01,Centro-Oeste,DF,Brasília,Influenza,215162,Crianças,91.47,95,235224,0,Atenção
2022,9,2022-09-01,Centro-Oeste,GO,Goiânia,BCG,497444,Adolescentes,100.0,95,497444,1,Adequado
2022,9,2022-09-01,Centro-Oeste,GO,Aparecida de Goiânia,BCG,56094,Gestantes,86.39,80,64929,2,Adequado
2022,9,2022-09-01,Centro-Oeste,MT,Cuiabá,Poliomielite,389904,Adolescentes,91.81,95,424665,0,Atenção
2022,9,2022-09-01,Centro-Oeste,MS,Campo Grande,Hepatite B,100475,Gestantes,98.27,80,102246,2,Adequado
2022,9,2022-09-01,Sudeste,SP,São Paulo,Poliomielite,165784,Adultos,83.8,95,197832,1,Atenção
2022,9,2022-09-01,Sudeste,SP,Campinas,COVID-19,13577,Idosos,85.86,95,15813,0,Atenção
2022,9,2022-09-01,Sudeste,SP,Ribeirão Preto,Poliomielite,20454,Adolescentes,81.02,95,25245,0,Atenção
2022,9,2022-09-01,Sudeste,RJ,Rio de Janeiro,Poliomielite,78965,Adultos,72.37,95,109114,1,Crítico
2022,9,2022-09-01,Sudeste,RJ,Niterói,Influenza,31284,Gestantes,70.7,95,44251,0,Crítico
2022,9,2022-09-01,Sudeste,RJ,Nova Iguaçu,COVID-19,95073,Adolescentes,86.7,95,109660,2,Atenção
2022,9,2022-09-01,Sudeste,RJ,Petrópolis,Influenza,450197,Gestantes,92.56,80,486387,1,Adequado
2022,9,2022-09-01,Sudeste,MG,Belo Horizonte,Influenza,14468,Idosos,93.87,95,15413,2,Atenção
2022,9,2022-09-01,Sudeste,MG,Uberlândia,COVID-19,139373,Adultos,73.67,80,189178,1,Atenção
2022,9,2022-09-01,Sudeste,MG,Juiz de Fora,Tríplice Viral,283106,Adolescentes,72.86,95,388536,1,Crítico
2022,9,2022-09-01,Sudeste,ES,Vitória,COVID-19,19327,Crianças,72.01,95,26841,1,Crítico
2022,9,2022-09-01,Sudeste,ES,Vila Velha,Tríplice Viral,251441,Gestantes,80.48,80,312440,1,Adequado
2022,9,2022-09-01,Sudeste,ES,Serra,Hepatite B,106704,Adolescentes,100.0,95,106704,0,Adequado
2022,9,2022-09-01,Sul,PR,Curitiba,Poliomielite,369614,Adolescentes,79.89,95,462628,0,Crítico
2022,9,2022-09-01,Sul,PR,Londrina,Influenza,370939,Gestantes,86.28,80,429920,2,Adequado
2022,9,2022-09-01,Sul,SC,Florianópolis,COVID-19,216689,Idosos,75.64,80,286485,1,Atenção
2022,9,2022-09-01,Sul,SC,Joinville,COVID-19,118643,Idosos,78.3,80,151533,2,Atenção
2022,9,2022-09-01,Sul,RS,Porto Alegre,COVID-19,174566,Adolescentes,86.81,95,201089,0,Atenção
2022,9,2022-09-01,Sul,RS,Caxias do Sul,Poliomielite,17736,Adultos,73.37,80,24174,1,Atenção
2022,10,2022-10-01,Norte,AM,Manaus,COVID-19,207608,Gestantes,85.02,95,244182,1,Atenção
2022,10,2022-10-01,Norte,PA,Belém,Hepatite B,302490,Adultos,95.44,95,316938,2,Adequado
2022,10,2022-10-01,Norte,PA,Santarém,Poliomielite,354429,Adolescentes,77.51,80,457278,3,Atenção
2022,10,2022-10-01,Norte,RO,Porto Velho,Tríplice Viral,11789,Crianças,86.9,95,13567,1,Atenção
2022,10,2022-10-01,Norte,TO,Palmas,Influenza,152708,Adolescentes,78.32,80,194986,3,Atenção
2022,10,2022-10-01,Nordeste,BA,Salvador,Hepatite B,81222,Crianças,93.51,95,86861,2,Atenção
2022,10,2022-10-01,Nordeste,BA,Feira de Santana,Influenza,400007,Gestantes,80.52,80,496756,1,Adequado
2022,10,2022-10-01,Nordeste,PE,Recife,Tríplice Viral,28838,Crianças,77.34,80,37288,2,Atenção
2022,10,2022-10-01,Nordeste,PE,Jaboatão dos Guararapes,BCG,353525,Crianças,100.0,80,353525,1,Adequado
2022,10,2022-10-01,Nordeste,CE,Fortaleza,COVID-19,163171,Crianças,72.15,80,226144,2,Atenção
2022,10,2022-10-01,Nordeste,CE,Juazeiro do Norte,COVID-19,347893,Idosos,80.53,95,432013,0,Atenção
2022,10,2022-10-01,Nordeste,MA,São Luís,Influenza,18619,Adolescentes,78.95,95,23585,1,Crítico
2022,10,2022-10-01,Nordeste,PB,João Pessoa,BCG,99798,Adolescentes,99.24,95,100561,0,Adequado
2022,10,2022-10-01,Centro-Oeste,DF,Brasília,COVID-19,213645,Idosos,100.0,95,213645,3,Adequado
2022,10,2022-10-01,Centro-Oeste,GO,Goiânia,Influenza,186572,Crianças,83.31,95,223955,0,Atenção
2022,10,2022-10-01,Centro-Oeste,GO,Aparecida de Goiânia,Influenza,85873,Gestantes,89.66,80,95780,0,Adequado
2022,10,2022-10-01,Centro-Oeste,MT,Cuiabá,Hepatite B,399765,Adolescentes,86.13,95,464158,1,Atenção
2022,10,2022-10-01,Centro-Oeste,MS,Campo Grande,COVID-19,367305,Gestantes,76.48,95,480274,1,Crítico
2022,10,2022-10-01,Sudeste,SP,São Paulo,Tríplice Viral,129682,Crianças,80.96,80,160188,1,Adequado
2022,10,2022-10-01,Sudeste,SP,Campinas,Poliomielite,443120,Idosos,91.19,95,485954,1,Atenção
2022,10,2022-10-01,Sudeste,SP,Ribeirão Preto,Poliomielite,173519,Crianças,80.71,80,215000,1,Adequado
2022,10,2022-10-01,Sudeste,RJ,Rio de Janeiro,COVID-19,115200,Idosos,75.21,80,153176,0,Atenção
2022,10,2022-10-01,Sudeste,RJ,Niterói,BCG,415649,Crianças,88.4,95,470218,0,Atenção
2022,10,2022-10-01,Sudeste,RJ,Nova Iguaçu,BCG,224202,Idosos,74.94,95,299177,2,Crítico
2022,10,2022-10-01,Sudeste,RJ,Petrópolis,Tríplice Viral,148099,Adolescentes,93.75,80,157967,0,Adequado
2022,10,2022-10-01,Sudeste,MG,Belo Horizonte,COVID-19,176882,Gestantes,78.82,95,224401,0,Crítico
2022,10,2022-10-01,Sudeste,MG,Uberlândia,COVID-19,236936,Idosos,75.3,80,314670,2,Atenção
2022,10,2022-10-01,Sudeste,MG,Juiz de Fora,Influenza,66605,Adolescentes,85.18,95,78197,0,Atenção
2022,10,2022-10-01,Sudeste,ES,Vitória,BCG,258407,Idosos,86.61,80,298367,2,Adequado
2022,10,2022-10-01,Sudeste,ES,Vila Velha,COVID-19,272466,Adolescentes,90.05,95,302578,0,Atenção
2022,10,2022-10-01,Sudeste,ES,Serra,COVID-19,93052,Gestantes,78.86,80,118003,3,Atenção
2022,10,2022-10-01,Sul,PR,Curitiba,BCG,225750,Crianças,85.71,95,263392,1,Atenção
2022,10,2022-10-01,Sul,PR,Londrina,BCG,315506,Adultos,77.88,80,405130,3,Atenção
2022,10,2022-10-01,Sul,SC,Florianópolis,Influenza,315974,Adolescentes,79.59,80,396982,0,Atenção
2022,10,2022-10-01,Sul,SC,Joinville,Poliomielite,110398,Crianças,85.14,95,129674,0,Atenção
2022,10,2022-10-01,Sul,RS,Porto Alegre,Poliomielite,215924,Gestantes,75.83,95,284746,1,Crítico
2022,10,2022-10-01,Sul,RS,Caxias do Sul,COVID-19,85497,Gestantes,69.25,80,123469,2,Atenção
2022,11,2022-11-01,Norte,AM,Manaus,COVID-19,223351,Crianças,73.62,80,303372,3,Atenção
2022,11,2022-11-01,Norte,PA,Belém,BCG,300659,Adolescentes,80.46,80,373661,1,Adequado
2022,11,2022-11-01,Norte,PA,Santarém,Tríplice Viral,210218,Adolescentes,75.78,95,277397,1,Crítico
2022,11,2022-11-01,Norte,RO,Porto Velho,Influenza,147426,Adolescentes,87.08,80,169310,0,Adequado
2022,11,2022-11-01,Norte,TO,Palmas,Hepatite B,136887,Gestantes,65.38,80,209379,1,Atenção
2022,11,2022-11-01,Nordeste,BA,Salvador,COVID-19,155043,Gestantes,99.07,80,156499,1,Adequado
2022,11,2022-11-01,Nordeste,BA,Feira de Santana,BCG,295290,Gestantes,79.25,95,372606,2,Crítico
2022,11,2022-11-01,Nordeste,PE,Recife,BCG,237592,Adultos,86.79,80,273749,2,Adequado
2022,11,2022-11-01,Nordeste,PE,Jaboatão dos Guararapes,Poliomielite,383611,Adultos,97.81,80,392183,2,Adequado
2022,11,2022-11-01,Nordeste,CE,Fortaleza,Tríplice Viral,209055,Crianças,84.96,80,246058,4,Adequado
2022,11,2022-11-01,Nordeste,CE,Juazeiro do Norte,Hepatite B,358944,Adolescentes,84.9,95,422774,1,Atenção
2022,11,2022-11-01,Nordeste,MA,São Luís,Hepatite B,42853,Crianças,72.02,80,59503,1,Atenção
2022,11,2022-11-01,Nordeste,PB,João Pessoa,BCG,216591,Adolescentes,72.62,95,298241,2,Crítico
2022,11,2022-11-01,Centro-Oeste,DF,Brasília,Poliomielite,383667,Adultos,79.97,80,479753,1,Atenção
2022,11,2022-11-01,Centro-Oeste,GO,Goiânia,COVID-19,281119,Gestantes,87.73,80,320443,4,Adequado
2022,11,2022-11-01,Centro-Oeste,GO,Aparecida de Goiânia,COVID-19,195445,Crianças,90.87,95,215079,0,Atenção
2022,11,2022-11-01,Centro-Oeste,MT,Cuiabá,BCG,270243,Adolescentes,89.88,80,300683,2,Adequado
2022,11,2022-11-01,Centro-Oeste,MS,Campo Grande,BCG,371221,Adolescentes,100.0,80,371221,0,Adequado
2022,11,2022-11-01,Sudeste,SP,São Paulo,Tríplice Viral,287218,Adolescentes,81.99,95,350309,2,Atenção
2022,11,2022-11-01,Sudeste,SP,Campinas,COVID-19,11228,Gestantes,83.51,95,13446,0,Atenção
2022,11,2022-11-01,Sudeste,SP,Ribeirão Preto,Tríplice Viral,346745,Gestantes,83.69,95,414316,1,Atenção
2022,11,2022-11-01,Sudeste,RJ,Rio de Janeiro,Tríplice Viral,263279,Adultos,91.9,95,286494,0,Atenção
2022,11,2022-11-01,Sudeste,RJ,Niterói,Influenza,307933,Adultos,94.69,80,325202,1,Adequado
2022,11,2022-11-01,Sudeste,RJ,Nova Iguaçu,Hepatite B,312397,Gestantes,78.92,80,395863,0,Atenção
2022,11,2022-11-01,Sudeste,RJ,Petrópolis,Hepatite B,10288,Idosos,74.11,95,13882,2,Crítico
2022,11,2022-11-01,Sudeste,MG,Belo Horizonte,Poliomielite,21145,Idosos,70.31,80,30073,1,Atenção
2022,11,2022-11-01,Sudeste,MG,Uberlândia,Influenza,253395,Idosos,93.39,95,271332,1,Atenção
2022,11,2022-11-01,Sudeste,MG,Juiz de Fora,Influenza,240895,Idosos,69.34,95,347391,2,Crítico
2022,11,2022-11-01,Sudeste,ES,Vitória,Influenza,281298,Adultos,99.91,80,281562,2,Adequado
2022,11,2022-11-01,Sudeste,ES,Vila Velha,BCG,434845,Adolescentes,91.41,80,475701,1,Adequado
2022,11,2022-11-01,Sudeste,ES,Serra,BCG,253272,Adolescentes,96.96,95,261221,1,Adequado
2022,11,2022-11-01,Sul,PR,Curitiba,Hepatite B,73698,Gestantes,82.86,80,88941,0,Adequado
2022,11,2022-11-01,Sul,PR,Londrina,Hepatite B,125853,Crianças,100.0,80,125853,0,Adequado
2022,11,2022-11-01,Sul,SC,Florianópolis,Influenza,283480,Gestantes,79.69,95,355723,1,Crítico
2022,11,2022-11-01,Sul,SC,Joinville,COVID-19,377072,Crianças,83.64,80,450822,1,Adequado
2022,11,2022-11-01,Sul,RS,Porto Alegre,Poliomielite,82124,Gestantes,86.75,95,94673,0,Atenção
2022,11,2022-11-01,Sul,RS,Caxias do Sul,Hepatite B,67521,Adolescentes,74.65,95,90446,0,Crítico
2022,12,2022-12-01,Norte,AM,Manaus,Influenza,23154,Crianças,84.27,80,27477,0,Adequado
2022,12,2022-12-01,Norte,PA,Belém,Influenza,293481,Crianças,77.73,95,377570,0,Crítico
2022,12,2022-12-01,Norte,PA,Santarém,Poliomielite,183350,Gestantes,94.88,95,193254,3,Atenção
2022,12,2022-12-01,Norte,RO,Porto Velho,Hepatite B,168849,Idosos,92.64,95,182271,0,Atenção
2022,12,2022-12-01,Norte,TO,Palmas,Hepatite B,306211,Crianças,94.49,95,324064,0,Atenção
2022,12,2022-12-01,Nordeste,BA,Salvador,COVID-19,290356,Adolescentes,91.67,95,316731,1,Atenção
2022,12,2022-12-01,Nordeste,BA,Feira de Santana,BCG,127198,Adolescentes,84.42,95,150668,0,Atenção
2022,12,2022-12-01,Nordeste,PE,Recife,Poliomielite,346989,Crianças,74.69,80,464590,2,Atenção
2022,12,2022-12-01,Nordeste,PE,Jaboatão dos Guararapes,COVID-19,44906,Crianças,91.11,80,49286,2,Adequado
2022,12,2022-12-01,Nordeste,CE,Fortaleza,COVID-19,151256,Idosos,96.91,95,156083,1,Adequado
2022,12,2022-12-01,Nordeste,CE,Juazeiro do Norte,Influenza,318166,Gestantes,77.75,95,409211,0,Crítico
2022,12,2022-12-01,Nordeste,MA,São Luís,Hepatite B,310237,Crianças,85.16,95,364320,2,Atenção
2022,12,2022-12-01,Nordeste,PB,João Pessoa,Hepatite B,97668,Adultos,89.92,95,108615,0,Atenção
2022,12,2022-12-01,Centro-Oeste,DF,Brasília,Influenza,39517,Gestantes,100.0,95,39517,2,Adequado
2022,12,2022-12-01,Centro-Oeste,GO,Goiânia,COVID-19,198681,Idosos,65.67,95,302542,0,Crítico
2022,12,2022-12-01,Centro-Oeste,GO,Aparecida de Goiânia,Hepatite B,109942,Adolescentes,66.99,80,164111,2,Atenção
2022,12,2022-12-01,Centro-Oeste,MT,Cuiabá,Influenza,289928,Adultos,69.04,80,419926,2,Atenção
2022,12,2022-12-01,Centro-Oeste,MS,Campo Grande,Hepatite B,200507,Adultos,85.7,95,233958,1,Atenção
2022,12,2022-12-01,Sudeste,SP,São Paulo,COVID-19,397416,Gestantes,86.9,95,457326,2,Atenção
2022,12,2022-12-01,Sudeste,SP,Campinas,BCG,29006,Adultos,73.98,80,39207,1,Atenção
2022,12,2022-12-01,Sudeste,SP,Ribeirão Preto,Poliomielite,412336,Crianças,90.41,95,456057,1,Atenção
2022,12,2022-12-01,Sudeste,RJ,Rio de Janeiro,Poliomielite,205498,Gestantes,93.34,80,220165,0,Adequado
2022,12,2022-12-01,Sudeste,RJ,Niterói,Poliomielite,308040,Idosos,80.25,80,383861,1,Adequado
2022,12,2022-12-01,Sudeste,RJ,Nova Iguaçu,COVID-19,319608,Adolescentes,67.63,80,472614,0,Atenção
2022,12,2022-12-01,Sudeste,RJ,Petrópolis,BCG,318045,Adultos,67.02,95,474549,0,Crítico
2022,12,2022-12-01,Sudeste,MG,Belo Horizonte,Influenza,177590,Gestantes,89.93,80,197486,1,Adequado
2022,12,2022-12-01,Sudeste,MG,Uberlândia,BCG,121281,Crianças,77.79,80,155904,0,Atenção
2022,12,2022-12-01,Sudeste,MG,Juiz de Fora,COVID-19,358299,Adultos,78.88,95,454207,3,Crítico
2022,12,2022-12-01,Sudeste,ES,Vitória,Poliomielite,177880,Idosos,86.68,95,205204,0,Atenção
2022,12,2022-12-01,Sudeste,ES,Vila Velha,COVID-19,144077,Gestantes,100.0,80,144077,2,Adequado
2022,12,2022-12-01,Sudeste,ES,Serra,Poliomielite,140842,Crianças,79.36,95,177480,0,Crítico
2022,12,2022-12-01,Sul,PR,Curitiba,COVID-19,335271,Adultos,72.4,80,463101,2,Atenção
2022,12,2022-12-01,Sul,PR,Londrina,Tríplice Viral,139475,Adultos,69.58,95,200456,1,Crítico
2022,12,2022-12-01,Sul,SC,Florianópolis,Poliomielite,242364,Crianças,100.0,95,242364,1,Adequado
2022,12,2022-12-01,Sul,SC,Joinville,BCG,92297,Idosos,73.74,95,125159,1,Crítico
2022,12,2022-12-01,Sul,RS,Porto Alegre,BCG,193797,Gestantes,100.0,80,193797,1,Adequado
2022,12,2022-12-01,Sul,RS,Caxias do Sul,Tríplice Viral,244485,Adultos,81.14,95,301300,0,Atenção
2023,1,2023-01-01,Norte,AM,Manaus,BCG,41842,Gestantes,91.46,95,45751,0,Atenção
2023,1,2023-01-01,Norte,PA,Belém,Poliomielite,173184,Gestantes,84.37,95,205265,0,Atenção
2023,1,2023-01-01,Norte,PA,Santarém,COVID-19,351602,Gestantes,86.36,80,407116,0,Adequado
2023,1,2023-01-01,Norte,RO,Porto Velho,Poliomielite,260201,Gestantes,85.31,95,305003,0,Atenção
2023,1,2023-01-01,Norte,TO,Palmas,BCG,203289,Adolescentes,76.58,95,265454,1,Crítico
2023,1,2023-01-01,Nordeste,BA,Salvador,Poliomielite,169355,Adolescentes,93.78,95,180587,1,Atenção
2023,1,2023-01-01,Nordeste,BA,Feira de Santana,Poliomielite,17300,Crianças,81.97,80,21107,1,Adequado
2023,1,2023-01-01,Nordeste,PE,Recife,Hepatite B,87523,Gestantes,89.83,95,97438,0,Atenção
2023,1,2023-01-01,Nordeste,PE,Jaboatão dos Guararapes,Poliomielite,280600,Gestantes,83.84,80,334677,1,Adequado
2023,1,2023-01-01,Nordeste,CE,Fortaleza,Influenza,463498,Gestantes,100.0,95,463498,2,Adequado
2023,1,2023-01-01,Nordeste,CE,Juazeiro do Norte,Hepatite B,307719,Adolescentes,74.8,95,411376,1,Crítico
2023,1,2023-01-01,Nordeste,MA,São Luís,BCG,167778,Idosos,86.81,95,193275,1,Atenção
2023,1,2023-01-01,Nordeste,PB,João Pessoa,Tríplice Viral,387446,Adolescentes,100.0,80,387446,1,Adequado
2023,1,2023-01-01,Centro-Oeste,DF,Brasília,Hepatite B,296682,Crianças,95.68,80,310075,2,Adequado
2023,1,2023-01-01,Centro-Oeste,GO,Goiânia,Tríplice Viral,284442,Idosos,79.93,95,355856,1,Crítico
2023,1,2023-01-01,Centro-Oeste,GO,Aparecida de Goiânia,Influenza,204447,Gestantes,87.71,95,233082,1,Atenção
2023,1,2023-01-01,Centro-Oeste,MT,Cuiabá,Poliomielite,16274,Idosos,100.0,95,16274,0,Adequado
2023,1,2023-01-01,Centro-Oeste,MS,Campo Grande,Poliomielite,331948,Adultos,79.02,95,420077,2,Crítico
2023,1,2023-01-01,Sudeste,SP,São Paulo,Influenza,145478,Gestantes,88.84,80,163755,0,Adequado
2023,1,2023-01-01,Sudeste,SP,Campinas,Tríplice Viral,300298,Idosos,72.7,95,413076,0,Crítico
2023,1,2023-01-01,Sudeste,SP,Ribeirão Preto,Poliomielite,47060,Adultos,72.81,95,64639,2,Crítico
2023,1,2023-01-01,Sudeste,RJ,Rio de Janeiro,Influenza,135345,Idosos,77.06,95,175628,0,Crítico
2023,1,2023-01-01,Sudeste,RJ,Niterói,Influenza,44903,Idosos,79.22,95,56680,0,Crítico
2023,1,2023-01-01,Sudeste,RJ,Nova Iguaçu,Influenza,228975,Adolescentes,80.2,80,285506,2,Adequado
2023,1,2023-01-01,Sudeste,RJ,Petrópolis,Hepatite B,335375,Adultos,75.91,95,441813,2,Crítico
2023,1,2023-01-01,Sudeste,MG,Belo Horizonte,Tríplice Viral,17857,Crianças,79.03,95,22596,0,Crítico
2023,1,2023-01-01,Sudeste,MG,Uberlândia,Poliomielite,352269,Crianças,71.17,95,494966,1,Crítico
2023,1,2023-01-01,Sudeste,MG,Juiz de Fora,BCG,358404,Crianças,92.44,95,387695,2,Atenção
2023,1,2023-01-01,Sudeste,ES,Vitória,COVID-19,198198,Adultos,88.7,95,223437,0,Atenção
2023,1,2023-01-01,Sudeste,ES,Vila Velha,Influenza,131170,Gestantes,88.68,95,147916,0,Atenção
2023,1,2023-01-01,Sudeste,ES,Serra,BCG,240054,Adultos,82.11,80,292352,0,Adequado
2023,1,2023-01-01,Sul,PR,Curitiba,BCG,132531,Gestantes,89.52,80,148050,4,Adequado
2023,1,2023-01-01,Sul,PR,Londrina,Influenza,225766,Crianças,83.59,95,270089,1,Atenção
2023,1,2023-01-01,Sul,SC,Florianópolis,COVID-19,49473,Gestantes,82.95,95,59642,2,Atenção
2023,1,2023-01-01,Sul,SC,Joinville,COVID-19,66727,Idosos,71.26,80,93643,0,Atenção
2023,1,2023-01-01,Sul,RS,Porto Alegre,Influenza,118071,Idosos,86.4,80,136657,1,Adequado
2023,1,2023-01-01,Sul,RS,Caxias do Sul,Tríplice Viral,165733,Adultos,84.64,95,195815,0,Atenção
2023,2,2023-02-01,Norte,AM,Manaus,COVID-19,183098,Adultos,95.82,95,191087,1,Adequado
2023,2,2023-02-01,Norte,PA,Belém,Influenza,58828,Gestantes,71.76,95,81979,2,Crítico
2023,2,2023-02-01,Norte,PA,Santarém,Poliomielite,236931,Adolescentes,73.71,95,321455,0,Crítico
2023,2,2023-02-01,Norte,RO,Porto Velho,Influenza,168614,Adolescentes,81.11,80,207880,2,Adequado
2023,2,2023-02-01,Norte,TO,Palmas,BCG,310999,Adolescentes,63.73,95,487995,3,Crítico
2023,2,2023-02-01,Nordeste,BA,Salvador,COVID-19,123446,Gestantes,91.84,80,134419,1,Adequado
2023,2,2023-02-01,Nordeste,BA,Feira de Santana,Tríplice Viral,109695,Adolescentes,90.66,80,120994,1,Adequado
2023,2,2023-02-01,Nordeste,PE,Recife,BCG,99452,Idosos,80.61,95,123373,0,Atenção
2023,2,2023-02-01,Nordeste,PE,Jaboatão dos Guararapes,Tríplice Viral,293499,Idosos,80.29,80,365562,1,Adequado
2023,2,2023-02-01,Nordeste,CE,Fortaleza,BCG,368904,Adultos,100.0,95,368904,1,Adequado
2023,2,2023-02-01,Nordeste,CE,Juazeiro do Norte,Hepatite B,233695,Gestantes,87.86,80,265976,2,Adequado
2023,2,2023-02-01,Nordeste,MA,São Luís,Hepatite B,177281,Crianças,73.34,80,241719,1,Atenção
2023,2,2023-02-01,Nordeste,PB,João Pessoa,COVID-19,77529,Adolescentes,82.17,95,94357,0,Atenção
2023,2,2023-02-01,Centro-Oeste,DF,Brasília,Tríplice Viral,257133,Crianças,77.43,95,332089,0,Crítico
2023,2,2023-02-01,Centro-Oeste,GO,Goiânia,BCG,369486,Crianças,86.64,95,426484,0,Atenção
2023,2,2023-02-01,Centro-Oeste,GO,Aparecida de Goiânia,COVID-19,421313,Crianças,85.9,80,490446,3,Adequado
2023,2,2023-02-01,Centro-Oeste,MT,Cuiabá,Influenza,192915,Idosos,76.56,95,251968,1,Crítico
2023,2,2023-02-01,Centro-Oeste,MS,Campo Grande,Poliomielite,262747,Gestantes,75.73,95,346954,3,Crítico
2023,2,2023-02-01,Sudeste,SP,São Paulo,COVID-19,360334,Adultos,85.79,80,420017,1,Adequado
2023,2,2023-02-01,Sudeste,SP,Campinas,BCG,284490,Idosos,88.16,95,322680,0,Atenção
2023,2,2023-02-01,Sudeste,SP,Ribeirão Preto,Hepatite B,418748,Crianças,90.84,95,460979,3,Atenção
2023,2,2023-02-01,Sudeste,RJ,Rio de Janeiro,COVID-19,225749,Idosos,100.0,95,225749,1,Adequado
2023,2,2023-02-01,Sudeste,RJ,Niterói,COVID-19,338255,Idosos,86.65,95,390361,1,Atenção
2023,2,2023-02-01,Sudeste,RJ,Nova Iguaçu,Poliomielite,209981,Crianças,76.83,95,273302,0,Crítico
2023,2,2023-02-01,Sudeste,RJ,Petrópolis,COVID-19,80926,Adultos,78.76,80,102746,2,Atenção
2023,2,2023-02-01,Sudeste,MG,Belo Horizonte,BCG,218382,Gestantes,82.83,95,263658,2,Atenção
2023,2,2023-02-01,Sudeste,MG,Uberlândia,Tríplice Viral,292768,Gestantes,75.85,95,385992,1,Crítico
2023,2,2023-02-01,Sudeste,MG,Juiz de Fora,Influenza,402643,Adolescentes,97.68,80,412198,1,Adequado
2023,2,2023-02-01,Sudeste,ES,Vitória,Influenza,360757,Gestantes,88.59,80,407215,1,Adequado
2023,2,2023-02-01,Sudeste,ES,Vila Velha,BCG,325486,Adolescentes,66.55,95,489063,0,Crítico
2023,2,2023-02-01,Sudeste,ES,Serra,Influenza,154708,Adultos,77.96,95,198440,4,Crítico
2023,2,2023-02-01,Sul,PR,Curitiba,COVID-19,87771,Idosos,79.3,80,110681,1,Atenção
2023,2,2023-02-01,Sul,PR,Londrina,BCG,91830,Crianças,84.85,80,108232,2,Adequado
2023,2,2023-02-01,Sul,SC,Florianópolis,Influenza,332194,Crianças,98.9,95,335884,0,Adequado
2023,2,2023-02-01,Sul,SC,Joinville,BCG,129777,Adolescentes,79.78,95,162671,0,Crítico
2023,2,2023-02-01,Sul,RS,Porto Alegre,Poliomielite,191456,Idosos,84.53,95,226501,0,Atenção
2023,2,2023-02-01,Sul,RS,Caxias do Sul,Hepatite B,41355,Adultos,90.55,95,45669,1,Atenção
2023,3,2023-03-01,Norte,AM,Manaus,Tríplice Viral,194800,Adultos,75.96,80,256459,0,Atenção
2023,3,2023-03-01,Norte,PA,Belém,BCG,137660,Gestantes,89.18,95,154369,1,Atenção
2023,3,2023-03-01,Norte,PA,Santarém,COVID-19,84822,Adolescentes,71.99,80,117824,0,Atenção
2023,3,2023-03-01,Norte,RO,Porto Velho,BCG,231279,Crianças,91.49,95,252803,0,Atenção
2023,3,2023-03-01,Norte,TO,Palmas,COVID-19,22544,Gestantes,79.88,80,28223,0,Atenção
2023,3,2023-03-01,Nordeste,BA,Salvador,Influenza,365605,Adolescentes,76.59,80,477331,0,Atenção
2023,3,2023-03-01,Nordeste,BA,Feira de Santana,Tríplice Viral,261516,Idosos,78.73,95,332157,0,Crítico
2023,3,2023-03-01,Nordeste,PE,Recife,COVID-19,204054,Gestantes,96.51,80,211441,1,Adequado
2023,3,2023-03-01,Nordeste,PE,Jaboatão dos Guararapes,Tríplice Viral,261436,Adultos,82.16,95,318192,1,Atenção
2023,3,2023-03-01,Nordeste,CE,Fortaleza,Tríplice Viral,102265,Gestantes,87.74,95,116553,2,Atenção
2023,3,2023-03-01,Nordeste,CE,Juazeiro do Norte,Poliomielite,124645,Adolescentes,77.51,95,160814,2,Crítico
2023,3,2023-03-01,Nordeste,MA,São Luís,COVID-19,200737,Crianças,73.14,95,274461,2,Crítico
2023,3,2023-03-01,Nordeste,PB,João Pessoa,Poliomielite,401242,Crianças,91.41,95,438928,1,Atenção
2023,3,2023-03-01,Centro-Oeste,DF,Brasília,Influenza,353093,Crianças,90.14,95,391734,1,Atenção
2023,3,2023-03-01,Centro-Oeste,GO,Goiânia,Hepatite B,253723,Gestantes,85.6,95,296411,2,Atenção
2023,3,2023-03-01,Centro-Oeste,GO,Aparecida de Goiânia,Hepatite B,148641,Idosos,71.89,95,206756,1,Crítico
2023,3,2023-03-01,Centro-Oeste,MT,Cuiabá,Poliomielite,365275,Adolescentes,91.11,80,400907,0,Adequado
2023,3,2023-03-01,Centro-Oeste,MS,Campo Grande,BCG,14052,Idosos,91.31,95,15390,4,Atenção
2023,3,2023-03-01,Sudeste,SP,São Paulo,BCG,135333,Idosos,89.47,95,151263,0,Atenção
2023,3,2023-03-01,Sudeste,SP,Campinas,BCG,302413,Crianças,96.61,80,313037,1,Adequado
2023,3,2023-03-01,Sudeste,SP,Ribeirão Preto,Tríplice Viral,171057,Idosos,86.21,95,198415,0,Atenção
2023,3,2023-03-01,Sudeste,RJ,Rio de Janeiro,BCG,356065,Crianças,94.59,80,376446,1,Adequado
2023,3,2023-03-01,Sudeste,RJ,Niterói,Poliomielite,361278,Gestantes,91.81,95,393490,1,Atenção
2023,3,2023-03-01,Sudeste,RJ,Nova Iguaçu,BCG,342227,Crianças,91.22,95,375183,0,Atenção
2023,3,2023-03-01,Sudeste,RJ,Petrópolis,Poliomielite,136848,Crianças,92.09,95,148602,1,Atenção
2023,3,2023-03-01,Sudeste,MG,Belo Horizonte,COVID-19,407531,Adultos,92.46,80,440775,1,Adequado
2023,3,2023-03-01,Sudeste,MG,Uberlândia,Tríplice Viral,232513,Gestantes,83.32,95,279046,1,Atenção
2023,3,2023-03-01,Sudeste,MG,Juiz de Fora,Influenza,220389,Idosos,91.55,95,240720,2,Atenção
2023,3,2023-03-01,Sudeste,ES,Vitória,Poliomielite,85623,Adolescentes,81.87,80,104587,1,Adequado
2023,3,2023-03-01,Sudeste,ES,Vila Velha,Poliomielite,305363,Adolescentes,80.96,95,377191,2,Atenção
2023,3,2023-03-01,Sudeste,ES,Serra,COVID-19,144539,Crianças,100.0,80,144539,1,Adequado
2023,3,2023-03-01,Sul,PR,Curitiba,Hepatite B,398607,Gestantes,82.51,95,483109,2,Atenção
2023,3,2023-03-01,Sul,PR,Londrina,BCG,192520,Crianças,88.98,80,216360,3,Adequado
2023,3,2023-03-01,Sul,SC,Florianópolis,COVID-19,239123,Crianças,85.75,95,278864,2,Atenção
2023,3,2023-03-01,Sul,SC,Joinville,Influenza,254136,Adolescentes,71.91,95,353417,1,Crítico
2023,3,2023-03-01,Sul,RS,Porto Alegre,Influenza,489148,Adolescentes,100.0,95,489148,1,Adequado
2023,3,2023-03-01,Sul,RS,Caxias do Sul,Tríplice Viral,216644,Adultos,92.11,80,235197,0,Adequado
2023,4,2023-04-01,Norte,AM,Manaus,COVID-19,150985,Idosos,85.34,95,176925,0,Atenção
2023,4,2023-04-01,Norte,PA,Belém,Influenza,75878,Crianças,79.12,95,95899,1,Crítico
2023,4,2023-04-01,Norte,PA,Santarém,Tríplice Viral,393658,Adultos,81.52,95,482906,0,Atenção
2023,4,2023-04-01,Norte,RO,Porto Velho,BCG,303506,Idosos,90.46,95,335513,1,Atenção
2023,4,2023-04-01,Norte,TO,Palmas,Tríplice Viral,101961,Adolescentes,92.28,95,110493,2,Atenção
2023,4,2023-04-01,Nordeste,BA,Salvador,Poliomielite,89749,Idosos,87.53,95,102534,1,Atenção
2023,4,2023-04-01,Nordeste,BA,Feira de Santana,Hepatite B,38821,Adolescentes,100.0,95,38821,2,Adequado
2023,4,2023-04-01,Nordeste,PE,Recife,BCG,66406,Adolescentes,95.06,95,69855,0,Adequado
2023,4,2023-04-01,Nordeste,PE,Jaboatão dos Guararapes,Hepatite B,231643,Gestantes,80.88,95,286406,0,Atenção
2023,4,2023-04-01,Nordeste,CE,Fortaleza,Influenza,208108,Gestantes,65.42,95,318100,0,Crítico
2023,4,2023-04-01,Nordeste,CE,Juazeiro do Norte,Hepatite B,302949,Gestantes,85.57,80,354038,3,Adequado
2023,4,2023-04-01,Nordeste,MA,São Luís,Hepatite B,376077,Idosos,92.9,95,404833,1,Atenção
2023,4,2023-04-01,Nordeste,PB,João Pessoa,Tríplice Viral,256071,Crianças,89.18,95,287126,2,Atenção
2023,4,2023-04-01,Centro-Oeste,DF,Brasília,COVID-19,92342,Adultos,75.2,80,122791,0,Atenção
2023,4,2023-04-01,Centro-Oeste,GO,Goiânia,BCG,148771,Adolescentes,83.11,95,179015,1,Atenção
2023,4,2023-04-01,Centro-Oeste,GO,Aparecida de Goiânia,Influenza,104624,Adultos,93.31,80,112125,2,Adequado
2023,4,2023-04-01,Centro-Oeste,MT,Cuiabá,Poliomielite,262123,Crianças,83.2,95,315036,1,Atenção
2023,4,2023-04-01,Centro-Oeste,MS,Campo Grande,BCG,45361,Crianças,95.39,95,47552,2,Adequado
2023,4,2023-04-01,Sudeste,SP,São Paulo,Poliomielite,181285,Adolescentes,78.81,80,230017,2,Atenção
2023,4,2023-04-01,Sudeste,SP,Campinas,Influenza,320821,Gestantes,81.09,80,395656,0,Adequado
2023,4,2023-04-01,Sudeste,SP,Ribeirão Preto,Influenza,40080,Crianças,88.45,95,45314,4,Atenção
2023,4,2023-04-01,Sudeste,RJ,Rio de Janeiro,Influenza,25392,Crianças,86.63,95,29310,1,Atenção
2023,4,2023-04-01,Sudeste,RJ,Niterói,Tríplice Viral,152634,Adolescentes,67.48,95,226190,3,Crítico
2023,4,2023-04-01,Sudeste,RJ,Nova Iguaçu,Influenza,29077,Adultos,92.95,95,31284,3,Atenção
2023,4,2023-04-01,Sudeste,RJ,Petrópolis,Influenza,12309,Adultos,80.68,95,15257,0,Atenção
2023,4,2023-04-01,Sudeste,MG,Belo Horizonte,BCG,231861,Adultos,84.69,80,273763,3,Adequado
2023,4,2023-04-01,Sudeste,MG,Uberlândia,Influenza,386079,Idosos,93.76,80,411781,1,Adequado
2023,4,2023-04-01,Sudeste,MG,Juiz de Fora,BCG,223212,Adultos,78.78,80,283331,1,Atenção
2023,4,2023-04-01,Sudeste,ES,Vitória,Poliomielite,264390,Gestantes,87.23,95,303080,2,Atenção
2023,4,2023-04-01,Sudeste,ES,Vila Velha,Poliomielite,26403,Idosos,65.84,95,40106,0,Crítico
2023,4,2023-04-01,Sudeste,ES,Serra,Hepatite B,348930,Crianças,87.91,80,396899,0,Adequado
2023,4,2023-04-01,Sul,PR,Curitiba,Hepatite B,250182,Gestantes,81.7,95,306238,0,Atenção
2023,4,2023-04-01,Sul,PR,Londrina,Poliomielite,200686,Adultos,75.13,80,267120,0,Atenção
2023,4,2023-04-01,Sul,SC,Florianópolis,Influenza,420534,Adultos,95.63,80,439733,1,Adequado
2023,4,2023-04-01,Sul,SC,Joinville,Poliomielite,392567,Gestantes,80.72,95,486318,1,Atenção
2023,4,2023-04-01,Sul,RS,Porto Alegre,BCG,24340,Gestantes,77.6,95,31367,0,Crítico
2023,4,2023-04-01,Sul,RS,Caxias do Sul,Tríplice Viral,319674,Crianças,72.95,95,438218,1,Crítico
2023,5,2023-05-01,Norte,AM,Manaus,COVID-19,97566,Adolescentes,85.0,95,114786,2,Atenção
2023,5,2023-05-01,Norte,PA,Belém,Poliomielite,245293,Adultos,89.46,95,274194,0,Atenção
2023,5,2023-05-01,Norte,PA,Santarém,Tríplice Viral,33075,Crianças,82.35,80,40163,0,Adequado
2023,5,2023-05-01,Norte,RO,Porto Velho,Influenza,143063,Gestantes,72.95,95,196105,3,Crítico
2023,5,2023-05-01,Norte,TO,Palmas,COVID-19,245095,Adultos,64.37,80,380775,1,Crítico
2023,5,2023-05-01,Nordeste,BA,Salvador,Poliomielite,323489,Crianças,90.91,95,355836,1,Atenção
2023,5,2023-05-01,Nordeste,BA,Feira de Santana,Poliomielite,278091,Crianças,94.58,95,294024,1,Atenção
2023,5,2023-05-01,Nordeste,PE,Recife,Influenza,132841,Gestantes,91.96,95,144457,2,Atenção
2023,5,2023-05-01,Nordeste,PE,Jaboatão dos Guararapes,COVID-19,57621,Idosos,91.38,95,63059,0,Atenção
2023,5,2023-05-01,Nordeste,CE,Fortaleza,Poliomielite,159272,Adolescentes,90.73,80,175551,2,Adequado
2023,5,2023-05-01,Nordeste,CE,Juazeiro do Norte,BCG,21548,Gestantes,90.07,95,23924,3,Atenção
2023,5,2023-05-01,Nordeste,MA,São Luís,Tríplice Viral,120665,Adolescentes,95.86,80,125876,1,Adequado
2023,5,2023-05-01,Nordeste,PB,João Pessoa,BCG,201429,Crianças,100.0,95,201429,2,Adequado
2023,5,2023-05-01,Centro-Oeste,DF,Brasília,Poliomielite,333216,Adultos,83.68,80,398214,2,Adequado
2023,5,2023-05-01,Centro-Oeste,GO,Goiânia,COVID-19,345062,Adolescentes,85.9,80,401694,0,Adequado
2023,5,2023-05-01,Centro-Oeste,GO,Aparecida de Goiânia,Tríplice Viral,180455,Gestantes,82.25,80,219389,1,Adequado
2023,5,2023-05-01,Centro-Oeste,MT,Cuiabá,Influenza,16301,Adolescentes,78.45,95,20780,2,Crítico
2023,5,2023-05-01,Centro-Oeste,MS,Campo Grande,Influenza,13198,Adultos,66.47,95,19856,2,Crítico
2023,5,2023-05-01,Sudeste,SP,São Paulo,Hepatite B,117910,Gestantes,76.33,95,154468,1,Crítico
2023,5,2023-05-01,Sudeste,SP,Campinas,BCG,131126,Adultos,69.14,80,189646,2,Atenção
2023,5,2023-05-01,Sudeste,SP,Ribeirão Preto,Tríplice Viral,305562,Adolescentes,91.2,80,335045,1,Adequado
2023,5,2023-05-01,Sudeste,RJ,Rio de Janeiro,Tríplice Viral,225988,Adolescentes,90.36,95,250085,2,Atenção
2023,5,2023-05-01,Sudeste,RJ,Niterói,Influenza,272961,Crianças,59.68,95,457400,1,Crítico
2023,5,2023-05-01,Sudeste,RJ,Nova Iguaçu,Tríplice Viral,23272,Adolescentes,77.44,95,30053,1,Crítico
2023,5,2023-05-01,Sudeste,RJ,Petrópolis,Poliomielite,139772,Idosos,87.86,95,159090,2,Atenção
2023,5,2023-05-01,Sudeste,MG,Belo Horizonte,Influenza,289383,Idosos,85.44,80,338684,0,Adequado
2023,5,2023-05-01,Sudeste,MG,Uberlândia,Poliomielite,300905,Gestantes,72.39,80,415697,1,Atenção
2023,5,2023-05-01,Sudeste,MG,Juiz de Fora,Poliomielite,225702,Gestantes,78.36,80,288043,0,Atenção
2023,5,2023-05-01,Sudeste,ES,Vitória,Influenza,307937,Adultos,94.18,95,326953,1,Atenção
2023,5,2023-05-01,Sudeste,ES,Vila Velha,BCG,118678,Adultos,73.66,80,161122,1,Atenção
2023,5,2023-05-01,Sudeste,ES,Serra,Poliomielite,47718,Crianças,97.15,80,49119,0,Adequado
2023,5,2023-05-01,Sul,PR,Curitiba,Hepatite B,134475,Idosos,89.01,80,151084,0,Adequado
2023,5,2023-05-01,Sul,PR,Londrina,Influenza,232464,Idosos,100.0,95,232464,1,Adequado
2023,5,2023-05-01,Sul,SC,Florianópolis,COVID-19,340344,Crianças,80.2,95,424357,2,Atenção
2023,5,2023-05-01,Sul,SC,Joinville,Tríplice Viral,382231,Gestantes,85.9,80,444968,1,Adequado
2023,5,2023-05-01,Sul,RS,Porto Alegre,COVID-19,53463,Crianças,91.72,95,58291,0,Atenção
2023,5,2023-05-01,Sul,RS,Caxias do Sul,Hepatite B,480317,Adolescentes,100.0,80,480317,1,Adequado
2023,6,2023-06-01,Norte,AM,Manaus,Tríplice Viral,383160,Crianças,79.87,95,479703,0,Crítico
2023,6,2023-06-01,Norte,PA,Belém,Influenza,139331,Crianças,88.38,95,157648,0,Atenção
2023,6,2023-06-01,Norte,PA,Santarém,Tríplice Viral,346276,Adolescentes,78.53,95,440925,0,Crítico
2023,6,2023-06-01,Norte,RO,Porto Velho,COVID-19,348644,Crianças,92.35,95,377509,1,Atenção
2023,6,2023-06-01,Norte,TO,Palmas,COVID-19,159391,Idosos,89.5,80,178094,0,Adequado
2023,6,2023-06-01,Nordeste,BA,Salvador,Tríplice Viral,342570,Gestantes,78.17,80,438212,1,Atenção
2023,6,2023-06-01,Nordeste,BA,Feira de Santana,Tríplice Viral,124900,Adolescentes,66.97,80,186493,1,Atenção
2023,6,2023-06-01,Nordeste,PE,Recife,BCG,339817,Adolescentes,92.17,95,368697,1,Atenção
2023,6,2023-06-01,Nordeste,PE,Jaboatão dos Guararapes,Hepatite B,262887,Crianças,82.33,95,319305,0,Atenção
2023,6,2023-06-01,Nordeste,CE,Fortaleza,Tríplice Viral,174738,Idosos,79.14,95,220783,1,Crítico
2023,6,2023-06-01,Nordeste,CE,Juazeiro do Norte,Poliomielite,222362,Crianças,86.95,95,255741,2,Atenção
2023,6,2023-06-01,Nordeste,MA,São Luís,Poliomielite,308020,Adolescentes,72.69,95,423732,1,Crítico
2023,6,2023-06-01,Nordeste,PB,João Pessoa,Influenza,355737,Gestantes,83.03,80,428458,0,Adequado
2023,6,2023-06-01,Centro-Oeste,DF,Brasília,COVID-19,206234,Crianças,81.26,80,253804,0,Adequado
2023,6,2023-06-01,Centro-Oeste,GO,Goiânia,Poliomielite,31053,Gestantes,82.57,80,37608,1,Adequado
2023,6,2023-06-01,Centro-Oeste,GO,Aparecida de Goiânia,BCG,105956,Adolescentes,73.5,95,144161,1,Crítico
2023,6,2023-06-01,Centro-Oeste,MT,Cuiabá,BCG,396306,Idosos,90.95,95,435746,1,Atenção
2023,6,2023-06-01,Centro-Oeste,MS,Campo Grande,COVID-19,362291,Gestantes,89.22,95,406057,0,Atenção
2023,6,2023-06-01,Sudeste,SP,São Paulo,BCG,222201,Adolescentes,80.57,80,275781,2,Adequado
2023,6,2023-06-01,Sudeste,SP,Campinas,BCG,31007,Gestantes,69.79,95,44430,2,Crítico
2023,6,2023-06-01,Sudeste,SP,Ribeirão Preto,COVID-19,353125,Crianças,94.86,80,372267,1,Adequado
2023,6,2023-06-01,Sudeste,RJ,Rio de Janeiro,Poliomielite,240376,Crianças,93.98,80,255761,2,Adequado
2023,6,2023-06-01,Sudeste,RJ,Niterói,Influenza,42489,Idosos,98.68,80,43056,1,Adequado
2023,6,2023-06-01,Sudeste,RJ,Nova Iguaçu,Tríplice Viral,183179,Crianças,85.62,95,213944,1,Atenção
2023,6,2023-06-01,Sudeste,RJ,Petrópolis,Tríplice Viral,76039,Adolescentes,81.67,95,93100,1,Atenção
2023,6,2023-06-01,Sudeste,MG,Belo Horizonte,Hepatite B,127216,Adultos,82.56,80,154098,2,Adequado
2023,6,2023-06-01,Sudeste,MG,Uberlândia,BCG,239203,Idosos,73.14,95,327029,2,Crítico
2023,6,2023-06-01,Sudeste,MG,Juiz de Fora,Influenza,207948,Gestantes,65.73,95,316375,2,Crítico
2023,6,2023-06-01,Sudeste,ES,Vitória,Influenza,167930,Adultos,71.41,95,235163,1,Crítico
2023,6,2023-06-01,Sudeste,ES,Vila Velha,BCG,141319,Adolescentes,83.59,80,169065,3,Adequado
2023,6,2023-06-01,Sudeste,ES,Serra,COVID-19,262384,Adolescentes,90.25,80,290717,0,Adequado
2023,6,2023-06-01,Sul,PR,Curitiba,Poliomielite,362714,Adultos,98.73,80,367364,0,Adequado
2023,6,2023-06-01,Sul,PR,Londrina,Hepatite B,252848,Crianças,82.4,95,306843,1,Atenção
2023,6,2023-06-01,Sul,SC,Florianópolis,COVID-19,325440,Gestantes,80.9,95,402282,1,Atenção
2023,6,2023-06-01,Sul,SC,Joinville,BCG,436341,Adultos,89.44,95,487856,0,Atenção
2023,6,2023-06-01,Sul,RS,Porto Alegre,Tríplice Viral,119897,Adultos,80.93,95,148153,1,Atenção
2023,6,2023-06-01,Sul,RS,Caxias do Sul,Poliomielite,345270,Crianças,84.57,95,408276,1,Atenção
2023,7,2023-07-01,Norte,AM,Manaus,BCG,181881,Adultos,90.0,80,202092,1,Adequado
2023,7,2023-07-01,Norte,PA,Belém,Hepatite B,180749,Adolescentes,91.32,80,197934,0,Adequado
2023,7,2023-07-01,Norte,PA,Santarém,Influenza,363481,Gestantes,79.05,80,459794,2,Atenção
2023,7,2023-07-01,Norte,RO,Porto Velho,BCG,309296,Crianças,100.0,80,309296,1,Adequado
2023,7,2023-07-01,Norte,TO,Palmas,BCG,55033,Idosos,100.0,95,55033,2,Adequado
2023,7,2023-07-01,Nordeste,BA,Salvador,Hepatite B,165865,Adultos,81.96,95,202367,1,Atenção
2023,7,2023-07-01,Nordeste,BA,Feira de Santana,BCG,355322,Idosos,88.7,95,400582,1,Atenção
2023,7,2023-07-01,Nordeste,PE,Recife,Hepatite B,103584,Adolescentes,99.23,95,104386,1,Adequado
2023,7,2023-07-01,Nordeste,PE,Jaboatão dos Guararapes,COVID-19,68363,Adultos,85.48,95,79972,0,Atenção
2023,7,2023-07-01,Nordeste,CE,Fortaleza,Poliomielite,86179,Idosos,99.71,80,86433,1,Adequado
2023,7,2023-07-01,Nordeste,CE,Juazeiro do Norte,COVID-19,91262,Crianças,95.04,95,96028,1,Adequado
2023,7,2023-07-01,Nordeste,MA,São Luís,Tríplice Viral,166360,Crianças,77.6,95,214391,1,Crítico
2023,7,2023-07-01,Nordeste,PB,João Pessoa,Hepatite B,427913,Adolescentes,92.24,95,463916,0,Atenção
2023,7,2023-07-01,Centro-Oeste,DF,Brasília,Poliomielite,292203,Gestantes,68.44,80,426937,1,Atenção
2023,7,2023-07-01,Centro-Oeste,GO,Goiânia,Influenza,68516,Adolescentes,76.61,95,89435,0,Crítico
2023,7,2023-07-01,Centro-Oeste,GO,Aparecida de Goiânia,Tríplice Viral,10276,Idosos,97.36,80,10555,1,Adequado
2023,7,2023-07-01,Centro-Oeste,MT,Cuiabá,Hepatite B,64523,Crianças,100.0,95,64523,1,Adequado
2023,7,2023-07-01,Centro-Oeste,MS,Campo Grande,Tríplice Viral,53562,Crianças,83.98,80,63779,1,Adequado
2023,7,2023-07-01,Sudeste,SP,São Paulo,Influenza,138501,Adolescentes,78.18,95,177146,1,Crítico
2023,7,2023-07-01,Sudeste,SP,Campinas,Influenza,386998,Gestantes,79.68,95,485689,0,Crítico
2023,7,2023-07-01,Sudeste,SP,Ribeirão Preto,BCG,367006,Crianças,80.95,80,453377,3,Adequado
2023,7,2023-07-01,Sudeste,RJ,Rio de Janeiro,BCG,34079,Gestantes,72.71,95,46869,2,Crítico
2023,7,2023-07-01,Sudeste,RJ,Niterói,COVID-19,88743,Gestantes,86.33,80,102793,1,Adequado
2023,7,2023-07-01,Sudeste,RJ,Nova Iguaçu,Hepatite B,242968,Crianças,71.66,95,339040,1,Crítico
2023,7,2023-07-01,Sudeste,RJ,Petrópolis,COVID-19,60276,Gestantes,79.42,95,75893,1,Crítico
2023,7,2023-07-01,Sudeste,MG,Belo Horizonte,Hepatite B,111400,Adultos,76.97,80,144728,1,Atenção
2023,7,2023-07-01,Sudeste,MG,Uberlândia,Poliomielite,120403,Adolescentes,80.07,95,150381,0,Atenção
2023,7,2023-07-01,Sudeste,MG,Juiz de Fora,Poliomielite,70582,Adolescentes,69.86,80,101040,1,Atenção
2023,7,2023-07-01,Sudeste,ES,Vitória,Poliomielite,154393,Adolescentes,86.67,80,178130,0,Adequado
2023,7,2023-07-01,Sudeste,ES,Vila Velha,Hepatite B,379726,Idosos,86.5,80,438998,2,Adequado
2023,7,2023-07-01,Sudeste,ES,Serra,COVID-19,390618,Crianças,80.18,95,487200,0,Atenção
2023,7,2023-07-01,Sul,PR,Curitiba,COVID-19,330002,Crianças,82.31,95,400927,0,Atenção
2023,7,2023-07-01,Sul,PR,Londrina,Tríplice Viral,221168,Adolescentes,96.83,95,228418,0,Adequado
2023,7,2023-07-01,Sul,SC,Florianópolis,Tríplice Viral,366388,Adultos,97.54,95,375613,2,Adequado
2023,7,2023-07-01,Sul,SC,Joinville,Influenza,228773,Crianças,74.82,80,305766,1,Atenção
2023,7,2023-07-01,Sul,RS,Porto Alegre,Poliomielite,388235,Adolescentes,80.16,95,484307,0,Atenção
2023,7,2023-07-01,Sul,RS,Caxias do Sul,BCG,59896,Gestantes,81.08,80,73875,3,Adequado
2023,8,2023-08-01,Norte,AM,Manaus,Influenza,249219,Crianças,86.06,80,289584,0,Adequado
2023,8,2023-08-01,Norte,PA,Belém,Tríplice Viral,127120,Adolescentes,72.11,95,176276,1,Crítico
2023,8,2023-08-01,Norte,PA,Santarém,Tríplice Viral,390874,Gestantes,78.93,80,495201,0,Atenção
2023,8,2023-08-01,Norte,RO,Porto Velho,Influenza,434670,Gestantes,91.29,95,476141,0,Atenção
2023,8,2023-08-01,Norte,TO,Palmas,COVID-19,342334,Adultos,86.67,95,394986,0,Atenção
2023,8,2023-08-01,Nordeste,BA,Salvador,Influenza,260565,Adultos,100.0,95,260565,1,Adequado
2023,8,2023-08-01,Nordeste,BA,Feira de Santana,Influenza,229842,Crianças,71.03,95,323584,1,Crítico
2023,8,2023-08-01,Nordeste,PE,Recife,Hepatite B,353973,Idosos,80.98,80,437106,2,Adequado
2023,8,2023-08-01,Nordeste,PE,Jaboatão dos Guararapes,Poliomielite,114589,Adultos,57.91,80,197876,0,Crítico
2023,8,2023-08-01,Nordeste,CE,Fortaleza,BCG,130020,Crianças,77.2,80,168430,3,Atenção
2023,8,2023-08-01,Nordeste,CE,Juazeiro do Norte,Tríplice Viral,412327,Crianças,92.85,80,444097,2,Adequado
2023,8,2023-08-01,Nordeste,MA,São Luís,Hepatite B,168443,Adolescentes,90.68,80,185750,1,Adequado
2023,8,2023-08-01,Nordeste,PB,João Pessoa,COVID-19,114300,Gestantes,90.88,95,125772,0,Atenção
2023,8,2023-08-01,Centro-Oeste,DF,Brasília,BCG,347158,Adolescentes,80.64,95,430522,2,Atenção
2023,8,2023-08-01,Centro-Oeste,GO,Goiânia,Tríplice Viral,84019,Idosos,92.29,80,91042,0,Adequado
2023,8,2023-08-01,Centro-Oeste,GO,Aparecida de Goiânia,Tríplice Viral,94138,Adultos,71.2,95,132208,0,Crítico
2023,8,2023-08-01,Centro-Oeste,MT,Cuiabá,Tríplice Viral,195882,Crianças,75.76,80,258544,0,Atenção
2023,8,2023-08-01,Centro-Oeste,MS,Campo Grande,Hepatite B,180376,Idosos,79.17,95,227840,1,Crítico
2023,8,2023-08-01,Sudeste,SP,São Paulo,Poliomielite,195768,Crianças,81.93,95,238953,2,Atenção
2023,8,2023-08-01,Sudeste,SP,Campinas,Poliomielite,342720,Crianças,100.0,95,342720,1,Adequado
2023,8,2023-08-01,Sudeste,SP,Ribeirão Preto,Influenza,316939,Adolescentes,91.23,95,347391,0,Atenção
2023,8,2023-08-01,Sudeste,RJ,Rio de Janeiro,Influenza,40539,Gestantes,90.56,95,44766,3,Atenção
2023,8,2023-08-01,Sudeste,RJ,Niterói,Tríplice Viral,290205,Idosos,78.8,80,368281,0,Atenção
2023,8,2023-08-01,Sudeste,RJ,Nova Iguaçu,Influenza,67831,Crianças,82.78,95,81938,1,Atenção
2023,8,2023-08-01,Sudeste,RJ,Petrópolis,Influenza,428203,Idosos,100.0,80,428203,0,Adequado
2023,8,2023-08-01,Sudeste,MG,Belo Horizonte,Hepatite B,417262,Idosos,87.99,80,474239,2,Adequado
2023,8,2023-08-01,Sudeste,MG,Uberlândia,COVID-19,390802,Idosos,80.91,80,482995,0,Adequado
2023,8,2023-08-01,Sudeste,MG,Juiz de Fora,Tríplice Viral,287101,Crianças,72.5,80,395981,1,Atenção
2023,8,2023-08-01,Sudeste,ES,Vitória,Poliomielite,120326,Idosos,80.56,95,149367,0,Atenção
2023,8,2023-08-01,Sudeste,ES,Vila Velha,Influenza,243733,Crianças,97.26,95,250594,2,Adequado
2023,8,2023-08-01,Sudeste,ES,Serra,Influenza,360404,Adolescentes,82.27,95,438086,1,Atenção
2023,8,2023-08-01,Sul,PR,Curitiba,Hepatite B,189537,Gestantes,92.12,80,205755,0,Adequado
2023,8,2023-08-01,Sul,PR,Londrina,Poliomielite,415358,Adultos,100.0,80,415358,1,Adequado
2023,8,2023-08-01,Sul,SC,Florianópolis,Poliomielite,177416,Adolescentes,83.54,95,212372,1,Atenção
2023,8,2023-08-01,Sul,SC,Joinville,Influenza,136703,Adolescentes,90.46,95,151117,2,Atenção
2023,8,2023-08-01,Sul,RS,Porto Alegre,Poliomielite,114126,Adultos,62.46,95,182718,0,Crítico
2023,8,2023-08-01,Sul,RS,Caxias do Sul,Poliomielite,304665,Gestantes,100.0,95,304665,3,Adequado
2023,9,2023-09-01,Norte,AM,Manaus,Influenza,81454,Adolescentes,92.03,95,88504,3,Atenção
2023,9,2023-09-01,Norte,PA,Belém,Tríplice Viral,28026,Adultos,100.0,95,28026,0,Adequado
2023,9,2023-09-01,Norte,PA,Santarém,Hepatite B,120319,Adultos,87.35,95,137751,1,Atenção
2023,9,2023-09-01,Norte,RO,Porto Velho,Tríplice Viral,329147,Adultos,69.28,80,475096,1,Atenção
2023,9,2023-09-01,Norte,TO,Palmas,COVID-19,198820,Crianças,77.91,95,255200,0,Crítico
2023,9,2023-09-01,Nordeste,BA,Salvador,COVID-19,417094,Gestantes,100.0,95,417094,2,Adequado
2023,9,2023-09-01,Nordeste,BA,Feira de Santana,Poliomielite,401734,Adultos,85.77,95,468388,1,Atenção
2023,9,2023-09-01,Nordeste,PE,Recife,Poliomielite,324020,Idosos,77.35,95,418909,0,Crítico
2023,9,2023-09-01,Nordeste,PE,Jaboatão dos Guararapes,BCG,188220,Gestantes,97.65,80,192757,0,Adequado
2023,9,2023-09-01,Nordeste,CE,Fortaleza,BCG,77303,Idosos,81.1,80,95316,3,Adequado
2023,9,2023-09-01,Nordeste,CE,Juazeiro do Norte,Poliomielite,387552,Adolescentes,97.51,80,397462,2,Adequado
2023,9,2023-09-01,Nordeste,MA,São Luís,COVID-19,338823,Gestantes,83.88,80,403930,1,Adequado
2023,9,2023-09-01,Nordeste,PB,João Pessoa,Influenza,66346,Idosos,98.96,95,67044,1,Adequado
2023,9,2023-09-01,Centro-Oeste,DF,Brasília,Influenza,263186,Crianças,81.0,95,324902,0,Atenção
2023,9,2023-09-01,Centro-Oeste,GO,Goiânia,Poliomielite,99106,Gestantes,55.9,95,177290,0,Crítico
2023,9,2023-09-01,Centro-Oeste,GO,Aparecida de Goiânia,Tríplice Viral,224191,Idosos,92.89,80,241341,2,Adequado
2023,9,2023-09-01,Centro-Oeste,MT,Cuiabá,BCG,363787,Adolescentes,82.49,95,441003,1,Atenção
2023,9,2023-09-01,Centro-Oeste,MS,Campo Grande,Hepatite B,350798,Crianças,85.7,80,409318,1,Adequado
2023,9,2023-09-01,Sudeste,SP,São Paulo,Poliomielite,153857,Gestantes,80.97,95,190007,2,Atenção
2023,9,2023-09-01,Sudeste,SP,Campinas,COVID-19,457228,Adultos,100.0,95,457228,1,Adequado
2023,9,2023-09-01,Sudeste,SP,Ribeirão Preto,COVID-19,43592,Adultos,76.19,80,57216,0,Atenção
2023,9,2023-09-01,Sudeste,RJ,Rio de Janeiro,COVID-19,421524,Adolescentes,88.09,80,478519,0,Adequado
2023,9,2023-09-01,Sudeste,RJ,Niterói,Poliomielite,338119,Gestantes,91.27,80,370445,0,Adequado
2023,9,2023-09-01,Sudeste,RJ,Nova Iguaçu,Tríplice Viral,75968,Adolescentes,74.15,95,102451,0,Crítico
2023,9,2023-09-01,Sudeste,RJ,Petrópolis,COVID-19,40242,Crianças,84.43,80,47662,0,Adequado
2023,9,2023-09-01,Sudeste,MG,Belo Horizonte,Tríplice Viral,9197,Gestantes,82.04,95,11211,0,Atenção
2023,9,2023-09-01,Sudeste,MG,Uberlândia,COVID-19,159129,Crianças,100.0,95,159129,1,Adequado
2023,9,2023-09-01,Sudeste,MG,Juiz de Fora,Hepatite B,154476,Adultos,68.38,80,225921,3,Atenção
2023,9,2023-09-01,Sudeste,ES,Vitória,BCG,358690,Idosos,88.22,95,406593,2,Atenção
2023,9,2023-09-01,Sudeste,ES,Vila Velha,Hepatite B,283428,Idosos,77.63,95,365124,0,Crítico
2023,9,2023-09-01,Sudeste,ES,Serra,Influenza,130715,Gestantes,96.13,95,135979,0,Adequado
2023,9,2023-09-01,Sul,PR,Curitiba,BCG,337543,Idosos,75.93,95,444563,1,Crítico
2023,9,2023-09-01,Sul,PR,Londrina,Influenza,20325,Adultos,79.43,80,25589,0,Atenção
2023,9,2023-09-01,Sul,SC,Florianópolis,Hepatite B,125223,Adolescentes,97.37,80,128611,0,Adequado
2023,9,2023-09-01,Sul,SC,Joinville,COVID-19,453167,Adolescentes,93.08,95,486860,3,Atenção
2023,9,2023-09-01,Sul,RS,Porto Alegre,COVID-19,433104,Adultos,100.0,80,433104,2,Adequado
2023,9,2023-09-01,Sul,RS,Caxias do Sul,BCG,159510,Adolescentes,100.0,80,159510,2,Adequado
2023,10,2023-10-01,Norte,AM,Manaus,Poliomielite,28692,Crianças,61.66,95,46536,1,Crítico
2023,10,2023-10-01,Norte,PA,Belém,Hepatite B,258988,Crianças,88.71,95,291937,1,Atenção
2023,10,2023-10-01,Norte,PA,Santarém,Hepatite B,371565,Idosos,94.87,95,391655,3,Atenção
2023,10,2023-10-01,Norte,RO,Porto Velho,Poliomielite,270012,Adolescentes,87.49,95,308622,1,Atenção
2023,10,2023-10-01,Norte,TO,Palmas,Hepatite B,375913,Adolescentes,79.22,80,474545,2,Atenção
2023,10,2023-10-01,Nordeste,BA,Salvador,Tríplice Viral,262749,Adolescentes,96.71,95,271686,1,Adequado
2023,10,2023-10-01,Nordeste,BA,Feira de Santana,Tríplice Viral,181170,Idosos,94.83,80,191055,1,Adequado
2023,10,2023-10-01,Nordeste,PE,Recife,COVID-19,133159,Adultos,79.35,80,167819,2,Atenção
2023,10,2023-10-01,Nordeste,PE,Jaboatão dos Guararapes,Poliomielite,75595,Crianças,85.78,95,88128,0,Atenção
2023,10,2023-10-01,Nordeste,CE,Fortaleza,Tríplice Viral,151387,Gestantes,71.46,80,211841,2,Atenção
2023,10,2023-10-01,Nordeste,CE,Juazeiro do Norte,Influenza,83186,Adultos,73.34,80,113426,0,Atenção
2023,10,2023-10-01,Nordeste,MA,São Luís,Influenza,362102,Idosos,85.68,95,422625,2,Atenção
2023,10,2023-10-01,Nordeste,PB,João Pessoa,Poliomielite,182632,Adolescentes,92.77,95,196871,2,Atenção
2023,10,2023-10-01,Centro-Oeste,DF,Brasília,Poliomielite,304240,Adolescentes,100.0,80,304240,2,Adequado
2023,10,2023-10-01,Centro-Oeste,GO,Goiânia,Hepatite B,82031,Adultos,78.15,95,104965,2,Crítico
2023,10,2023-10-01,Centro-Oeste,GO,Aparecida de Goiânia,Hepatite B,139284,Crianças,85.61,95,162696,1,Atenção
2023,10,2023-10-01,Centro-Oeste,MT,Cuiabá,BCG,54978,Adolescentes,54.43,95,101017,1,Crítico
2023,10,2023-10-01,Centro-Oeste,MS,Campo Grande,Influenza,356200,Adolescentes,100.0,80,356200,0,Adequado
2023,10,2023-10-01,Sudeste,SP,São Paulo,COVID-19,432294,Idosos,92.66,95,466539,0,Atenção
2023,10,2023-10-01,Sudeste,SP,Campinas,Hepatite B,127086,Gestantes,79.79,95,159269,1,Crítico
2023,10,2023-10-01,Sudeste,SP,Ribeirão Preto,Hepatite B,85547,Adolescentes,90.42,95,94609,1,Atenção
2023,10,2023-10-01,Sudeste,RJ,Rio de Janeiro,Hepatite B,47209,Crianças,67.79,95,69638,4,Crítico
2023,10,2023-10-01,Sudeste,RJ,Niterói,BCG,338885,Idosos,71.79,95,472028,2,Crítico
2023,10,2023-10-01,Sudeste,RJ,Nova Iguaçu,Poliomielite,70276,Crianças,80.92,95,86843,1,Atenção
2023,10,2023-10-01,Sudeste,RJ,Petrópolis,Tríplice Viral,217924,Adultos,85.52,80,254837,2,Adequado
2023,10,2023-10-01,Sudeste,MG,Belo Horizonte,Influenza,354828,Idosos,94.11,95,377055,2,Atenção
2023,10,2023-10-01,Sudeste,MG,Uberlândia,Hepatite B,277480,Adolescentes,84.54,80,328236,0,Adequado
2023,10,2023-10-01,Sudeste,MG,Juiz de Fora,BCG,206821,Crianças,84.84,80,243769,0,Adequado
2023,10,2023-10-01,Sudeste,ES,Vitória,BCG,30756,Adultos,87.5,95,35150,0,Atenção
2023,10,2023-10-01,Sudeste,ES,Vila Velha,Poliomielite,267544,Idosos,87.87,95,304472,3,Atenção
2023,10,2023-10-01,Sudeste,ES,Serra,Influenza,177958,Crianças,98.06,95,181477,2,Adequado
2023,10,2023-10-01,Sul,PR,Curitiba,Influenza,19924,Idosos,78.69,95,25320,2,Crítico
2023,10,2023-10-01,Sul,PR,Londrina,Tríplice Viral,161280,Gestantes,74.87,95,215408,1,Crítico
2023,10,2023-10-01,Sul,SC,Florianópolis,Influenza,186213,Gestantes,80.93,80,230089,1,Adequado
2023,10,2023-10-01,Sul,SC,Joinville,Poliomielite,200135,Adolescentes,76.65,95,261089,1,Crítico
2023,10,2023-10-01,Sul,RS,Porto Alegre,Tríplice Viral,349736,Crianças,72.96,95,479328,0,Crítico
2023,10,2023-10-01,Sul,RS,Caxias do Sul,Influenza,331183,Gestantes,89.12,95,371607,2,Atenção
2023,11,2023-11-01,Norte,AM,Manaus,COVID-19,337843,Gestantes,87.84,80,384622,1,Adequado
2023,11,2023-11-01,Norte,PA,Belém,Influenza,232386,Gestantes,84.43,95,275235,1,Atenção
2023,11,2023-11-01,Norte,PA,Santarém,Influenza,263918,Adultos,87.91,95,300225,2,Atenção
2023,11,2023-11-01,Norte,RO,Porto Velho,COVID-19,50900,Crianças,96.23,95,52893,1,Adequado
2023,11,2023-11-01,Norte,TO,Palmas,Tríplice Viral,164897,Crianças,85.67,95,192477,2,Atenção
2023,11,2023-11-01,Nordeste,BA,Salvador,Influenza,330168,Idosos,100.0,95,330168,2,Adequado
2023,11,2023-11-01,Nordeste,BA,Feira de Santana,Influenza,187161,Idosos,83.29,95,224722,2,Atenção
2023,11,2023-11-01,Nordeste,PE,Recife,Hepatite B,314355,Adolescentes,100.0,80,314355,0,Adequado
2023,11,2023-11-01,Nordeste,PE,Jaboatão dos Guararapes,BCG,58870,Adultos,79.48,95,74066,2,Crítico
2023,11,2023-11-01,Nordeste,CE,Fortaleza,Hepatite B,482218,Adolescentes,100.0,95,482218,2,Adequado
2023,11,2023-11-01,Nordeste,CE,Juazeiro do Norte,Tríplice Viral,351019,Adolescentes,98.22,95,357367,1,Adequado
2023,11,2023-11-01,Nordeste,MA,São Luís,Hepatite B,497989,Idosos,100.0,95,497989,4,Adequado
2023,11,2023-11-01,Nordeste,PB,João Pessoa,Tríplice Viral,174427,Idosos,80.44,95,216847,0,Atenção
2023,11,2023-11-01,Centro-Oeste,DF,Brasília,Tríplice Viral,326378,Idosos,100.0,80,326378,0,Adequado
2023,11,2023-11-01,Centro-Oeste,GO,Goiânia,Hepatite B,420458,Adultos,95.99,95,438024,0,Adequado
2023,11,2023-11-01,Centro-Oeste,GO,Aparecida de Goiânia,Hepatite B,155123,Adultos,81.41,80,190542,2,Adequado
2023,11,2023-11-01,Centro-Oeste,MT,Cuiabá,Hepatite B,96451,Gestantes,71.25,80,135367,1,Atenção
2023,11,2023-11-01,Centro-Oeste,MS,Campo Grande,BCG,239179,Adolescentes,100.0,95,239179,2,Adequado
2023,11,2023-11-01,Sudeste,SP,São Paulo,Hepatite B,413228,Adultos,85.67,80,482371,0,Adequado
2023,11,2023-11-01,Sudeste,SP,Campinas,Influenza,282419,Adultos,82.38,95,342815,1,Atenção
2023,11,2023-11-01,Sudeste,SP,Ribeirão Preto,COVID-19,381910,Adolescentes,96.75,95,394746,2,Adequado
2023,11,2023-11-01,Sudeste,RJ,Rio de Janeiro,Tríplice Viral,297042,Adultos,90.68,95,327559,1,Atenção
2023,11,2023-11-01,Sudeste,RJ,Niterói,COVID-19,415930,Gestantes,96.83,80,429557,0,Adequado
2023,11,2023-11-01,Sudeste,RJ,Nova Iguaçu,BCG,146070,Crianças,79.83,95,182989,2,Crítico
2023,11,2023-11-01,Sudeste,RJ,Petrópolis,Tríplice Viral,108961,Crianças,97.84,95,111373,1,Adequado
2023,11,2023-11-01,Sudeste,MG,Belo Horizonte,Tríplice Viral,23647,Idosos,94.37,95,25059,1,Atenção
2023,11,2023-11-01,Sudeste,MG,Uberlândia,Hepatite B,150008,Crianças,89.85,95,166945,2,Atenção
2023,11,2023-11-01,Sudeste,MG,Juiz de Fora,Influenza,13898,Adultos,89.64,95,15505,1,Atenção
2023,11,2023-11-01,Sudeste,ES,Vitória,COVID-19,377563,Idosos,100.0,95,377563,1,Adequado
2023,11,2023-11-01,Sudeste,ES,Vila Velha,Tríplice Viral,402115,Adultos,83.24,95,483107,0,Atenção
2023,11,2023-11-01,Sudeste,ES,Serra,BCG,101632,Adolescentes,91.71,80,110822,1,Adequado
2023,11,2023-11-01,Sul,PR,Curitiba,COVID-19,472565,Idosos,96.33,80,490546,0,Adequado
2023,11,2023-11-01,Sul,PR,Londrina,BCG,295377,Adultos,83.5,95,353755,3,Atenção
2023,11,2023-11-01,Sul,SC,Florianópolis,Tríplice Viral,361815,Gestantes,91.98,95,393368,2,Atenção
2023,11,2023-11-01,Sul,SC,Joinville,Tríplice Viral,185823,Idosos,92.9,95,200021,0,Atenção
2023,11,2023-11-01,Sul,RS,Porto Alegre,BCG,150120,Adolescentes,87.49,95,171579,1,Atenção
2023,11,2023-11-01,Sul,RS,Caxias do Sul,Hepatite B,70458,Gestantes,91.68,95,76851,3,Atenção
2023,12,2023-12-01,Norte,AM,Manaus,Poliomielite,392098,Adolescentes,91.09,95,430465,2,Atenção
2023,12,2023-12-01,Norte,PA,Belém,Influenza,257498,Adolescentes,90.06,80,285924,1,Adequado
2023,12,2023-12-01,Norte,PA,Santarém,Tríplice Viral,184287,Crianças,78.15,95,235822,1,Crítico
2023,12,2023-12-01,Norte,RO,Porto Velho,Influenza,204052,Idosos,100.0,95,204052,2,Adequado
2023,12,2023-12-01,Norte,TO,Palmas,Hepatite B,265064,Idosos,75.83,95,349541,0,Crítico
2023,12,2023-12-01,Nordeste,BA,Salvador,COVID-19,160544,Gestantes,92.53,95,173506,3,Atenção
2023,12,2023-12-01,Nordeste,BA,Feira de Santana,COVID-19,42513,Crianças,82.95,95,51252,1,Atenção
2023,12,2023-12-01,Nordeste,PE,Recife,BCG,341697,Adolescentes,89.4,95,382203,1,Atenção
2023,12,2023-12-01,Nordeste,PE,Jaboatão dos Guararapes,Hepatite B,238664,Gestantes,72.58,80,328816,1,Atenção
2023,12,2023-12-01,Nordeste,CE,Fortaleza,BCG,47930,Adultos,88.42,80,54205,0,Adequado
2023,12,2023-12-01,Nordeste,CE,Juazeiro do Norte,Hepatite B,200492,Crianças,100.0,80,200492,0,Adequado
2023,12,2023-12-01,Nordeste,MA,São Luís,Tríplice Viral,432018,Adolescentes,94.27,95,458300,1,Atenção
2023,12,2023-12-01,Nordeste,PB,João Pessoa,BCG,138205,Gestantes,80.98,95,170659,0,Atenção
2023,12,2023-12-01,Centro-Oeste,DF,Brasília,Hepatite B,460473,Idosos,97.93,95,470198,1,Adequado
2023,12,2023-12-01,Centro-Oeste,GO,Goiânia,Tríplice Viral,21805,Adolescentes,94.37,80,23107,0,Adequado
2023,12,2023-12-01,Centro-Oeste,GO,Aparecida de Goiânia,Influenza,287134,Crianças,95.61,80,300306,0,Adequado
2023,12,2023-12-01,Centro-Oeste,MT,Cuiabá,COVID-19,192535,Adultos,77.27,80,249179,0,Atenção
2023,12,2023-12-01,Centro-Oeste,MS,Campo Grande,Tríplice Viral,424766,Gestantes,86.69,80,489979,2,Adequado
2023,12,2023-12-01,Sudeste,SP,São Paulo,Influenza,12042,Adultos,87.46,95,13769,2,Atenção
2023,12,2023-12-01,Sudeste,SP,Campinas,Poliomielite,255889,Adultos,77.5,80,330173,1,Atenção
2023,12,2023-12-01,Sudeste,SP,Ribeirão Preto,Hepatite B,310433,Adolescentes,87.7,95,353990,0,Atenção
2023,12,2023-12-01,Sudeste,RJ,Rio de Janeiro,Hepatite B,172285,Idosos,83.84,80,205503,1,Adequado
2023,12,2023-12-01,Sudeste,RJ,Niterói,Influenza,20126,Adultos,94.21,95,21364,1,Atenção
2023,12,2023-12-01,Sudeste,RJ,Nova Iguaçu,Poliomielite,428761,Crianças,93.93,80,456474,4,Adequado
2023,12,2023-12-01,Sudeste,RJ,Petrópolis,Poliomielite,260441,Crianças,89.31,95,291602,2,Atenção
2023,12,2023-12-01,Sudeste,MG,Belo Horizonte,Influenza,391978,Gestantes,86.27,95,454359,0,Atenção
2023,12,2023-12-01,Sudeste,MG,Uberlândia,BCG,359769,Crianças,88.17,95,408019,2,Atenção
2023,12,2023-12-01,Sudeste,MG,Juiz de Fora,Tríplice Viral,55197,Adultos,91.86,80,60089,0,Adequado
2023,12,2023-12-01,Sudeste,ES,Vitória,Influenza,431467,Adultos,86.43,80,499227,0,Adequado
2023,12,2023-12-01,Sudeste,ES,Vila Velha,COVID-19,253708,Adolescentes,84.85,80,299009,2,Adequado
2023,12,2023-12-01,Sudeste,ES,Serra,COVID-19,194250,Idosos,74.55,80,260552,1,Atenção
2023,12,2023-12-01,Sul,PR,Curitiba,BCG,62739,Adolescentes,100.0,80,62739,1,Adequado
2023,12,2023-12-01,Sul,PR,Londrina,Hepatite B,389262,Adultos,80.38,95,484253,1,Atenção
2023,12,2023-12-01,Sul,SC,Florianópolis,Influenza,21395,Adolescentes,81.47,80,26263,0,Adequado
2023,12,2023-12-01,Sul,SC,Joinville,Poliomielite,140874,Idosos,70.63,95,199461,1,Crítico
2023,12,2023-12-01,Sul,RS,Porto Alegre,COVID-19,365244,Idosos,89.09,80,409966,2,Adequado
2023,12,2023-12-01,Sul,RS,Caxias do Sul,BCG,104855,Adultos,95.03,80,110336,0,Adequado
2024,1,2024-01-01,Norte,AM,Manaus,BCG,301601,Idosos,70.39,95,428447,2,Crítico
2024,1,2024-01-01,Norte,PA,Belém,Tríplice Viral,19818,Gestantes,85.24,95,23250,1,Atenção
2024,1,2024-01-01,Norte,PA,Santarém,BCG,152925,Crianças,63.3,80,241595,0,Crítico
2024,1,2024-01-01,Norte,RO,Porto Velho,Poliomielite,70535,Adolescentes,88.29,95,79889,1,Atenção
2024,1,2024-01-01,Norte,TO,Palmas,Influenza,203948,Adultos,80.14,95,254505,0,Atenção
2024,1,2024-01-01,Nordeste,BA,Salvador,BCG,370583,Adultos,79.25,95,467637,0,Crítico
2024,1,2024-01-01,Nordeste,BA,Feira de Santana,BCG,186452,Adultos,83.19,80,224131,0,Adequado
2024,1,2024-01-01,Nordeste,PE,Recife,BCG,367152,Idosos,83.8,95,438111,0,Atenção
2024,1,2024-01-01,Nordeste,PE,Jaboatão dos Guararapes,Tríplice Viral,16919,Idosos,76.14,95,22222,0,Crítico
2024,1,2024-01-01,Nordeste,CE,Fortaleza,Tríplice Viral,397878,Gestantes,92.51,95,430110,0,Atenção
2024,1,2024-01-01,Nordeste,CE,Juazeiro do Norte,COVID-19,171003,Idosos,80.41,80,212666,0,Adequado
2024,1,2024-01-01,Nordeste,MA,São Luís,COVID-19,23964,Gestantes,94.78,95,25284,2,Atenção
2024,1,2024-01-01,Nordeste,PB,João Pessoa,Influenza,304990,Adultos,77.14,95,395397,2,Crítico
2024,1,2024-01-01,Centro-Oeste,DF,Brasília,Influenza,282369,Idosos,89.75,80,314630,0,Adequado
2024,1,2024-01-01,Centro-Oeste,GO,Goiânia,Poliomielite,131662,Crianças,87.09,80,151175,1,Adequado
2024,1,2024-01-01,Centro-Oeste,GO,Aparecida de Goiânia,Influenza,208142,Crianças,86.02,95,241979,3,Atenção
2024,1,2024-01-01,Centro-Oeste,MT,Cuiabá,Tríplice Viral,113422,Adultos,84.22,80,134680,1,Adequado
2024,1,2024-01-01,Centro-Oeste,MS,Campo Grande,Poliomielite,382177,Idosos,86.44,80,442147,2,Adequado
2024,1,2024-01-01,Sudeste,SP,São Paulo,BCG,142523,Crianças,71.53,95,199240,1,Crítico
2024,1,2024-01-01,Sudeste,SP,Campinas,Influenza,309146,Crianças,94.14,95,328404,0,Atenção
2024,1,2024-01-01,Sudeste,SP,Ribeirão Preto,COVID-19,239528,Adolescentes,96.78,80,247487,1,Adequado
2024,1,2024-01-01,Sudeste,RJ,Rio de Janeiro,Tríplice Viral,227409,Adolescentes,96.0,95,236892,2,Adequado
2024,1,2024-01-01,Sudeste,RJ,Niterói,COVID-19,352374,Idosos,85.81,80,410655,1,Adequado
2024,1,2024-01-01,Sudeste,RJ,Nova Iguaçu,Hepatite B,213192,Crianças,96.36,95,221257,1,Adequado
2024,1,2024-01-01,Sudeste,RJ,Petrópolis,BCG,331857,Adolescentes,87.5,80,379277,2,Adequado
2024,1,2024-01-01,Sudeste,MG,Belo Horizonte,Tríplice Viral,137725,Adultos,79.48,95,173284,1,Crítico
2024,1,2024-01-01,Sudeste,MG,Uberlândia,Hepatite B,263487,Crianças,88.95,80,296212,0,Adequado
2024,1,2024-01-01,Sudeste,MG,Juiz de Fora,BCG,142616,Gestantes,73.51,95,194008,1,Crítico
2024,1,2024-01-01,Sudeste,ES,Vitória,Hepatite B,239685,Crianças,81.69,95,293401,1,Atenção
2024,1,2024-01-01,Sudeste,ES,Vila Velha,Poliomielite,346984,Adolescentes,80.96,95,428578,2,Atenção
2024,1,2024-01-01,Sudeste,ES,Serra,Hepatite B,121334,Adolescentes,88.0,80,137888,1,Adequado
2024,1,2024-01-01,Sul,PR,Curitiba,BCG,101996,Adultos,71.49,80,142679,2,Atenção
2024,1,2024-01-01,Sul,PR,Londrina,BCG,116079,Gestantes,81.59,80,142264,0,Adequado
2024,1,2024-01-01,Sul,SC,Florianópolis,Poliomielite,77569,Idosos,95.39,95,81315,0,Adequado
2024,1,2024-01-01,Sul,SC,Joinville,Poliomielite,11391,Adolescentes,82.01,95,13891,0,Atenção
2024,1,2024-01-01,Sul,RS,Porto Alegre,Hepatite B,143366,Gestantes,100.0,95,143366,2,Adequado
2024,1,2024-01-01,Sul,RS,Caxias do Sul,Poliomielite,274311,Gestantes,100.0,80,274311,1,Adequado
2024,2,2024-02-01,Norte,AM,Manaus,BCG,162377,Idosos,64.16,95,253064,0,Crítico
2024,2,2024-02-01,Norte,PA,Belém,Influenza,343627,Crianças,84.87,95,404895,2,Atenção
2024,2,2024-02-01,Norte,PA,Santarém,Influenza,22698,Idosos,84.47,80,26871,1,Adequado
2024,2,2024-02-01,Norte,RO,Porto Velho,Influenza,201729,Idosos,82.38,95,244882,0,Atenção
2024,2,2024-02-01,Norte,TO,Palmas,BCG,197049,Adultos,70.86,80,278088,1,Atenção
2024,2,2024-02-01,Nordeste,BA,Salvador,Tríplice Viral,359485,Idosos,90.82,80,395801,2,Adequado
2024,2,2024-02-01,Nordeste,BA,Feira de Santana,COVID-19,129966,Adolescentes,78.67,95,165210,1,Crítico
2024,2,2024-02-01,Nordeste,PE,Recife,Influenza,440358,Adultos,92.41,95,476508,0,Atenção
2024,2,2024-02-01,Nordeste,PE,Jaboatão dos Guararapes,Tríplice Viral,380906,Adolescentes,76.91,80,495253,0,Atenção
2024,2,2024-02-01,Nordeste,CE,Fortaleza,Poliomielite,307769,Crianças,86.12,80,357389,0,Adequado
2024,2,2024-02-01,Nordeste,CE,Juazeiro do Norte,COVID-19,37145,Idosos,79.11,80,46956,1,Atenção
2024,2,2024-02-01,Nordeste,MA,São Luís,Hepatite B,112093,Idosos,79.14,95,141635,0,Crítico
2024,2,2024-02-01,Nordeste,PB,João Pessoa,COVID-19,86930,Idosos,75.8,95,114684,1,Crítico
2024,2,2024-02-01,Centro-Oeste,DF,Brasília,Influenza,143169,Crianças,85.73,95,167004,0,Atenção
2024,2,2024-02-01,Centro-Oeste,GO,Goiânia,Poliomielite,352233,Adolescentes,80.78,80,436037,1,Adequado
2024,2,2024-02-01,Centro-Oeste,GO,Aparecida de Goiânia,Tríplice Viral,337424,Adultos,100.0,80,337424,3,Adequado
2024,2,2024-02-01,Centro-Oeste,MT,Cuiabá,Hepatite B,248473,Adultos,96.73,80,256875,1,Adequado
2024,2,2024-02-01,Centro-Oeste,MS,Campo Grande,Influenza,296779,Adolescentes,88.82,80,334142,2,Adequado
2024,2,2024-02-01,Sudeste,SP,São Paulo,Hepatite B,61575,Adultos,61.0,80,100945,1,Crítico
2024,2,2024-02-01,Sudeste,SP,Campinas,BCG,335258,Gestantes,95.7,95,350333,0,Adequado
2024,2,2024-02-01,Sudeste,SP,Ribeirão Preto,Hepatite B,357415,Idosos,79.64,80,448790,0,Atenção
2024,2,2024-02-01,Sudeste,RJ,Rio de Janeiro,Influenza,86066,Adultos,88.41,95,97354,2,Atenção
2024,2,2024-02-01,Sudeste,RJ,Niterói,COVID-19,110339,Idosos,75.4,95,146333,1,Crítico
2024,2,2024-02-01,Sudeste,RJ,Nova Iguaçu,Tríplice Viral,322177,Idosos,73.4,95,438908,1,Crítico
2024,2,2024-02-01,Sudeste,RJ,Petrópolis,COVID-19,46658,Crianças,78.44,95,59479,1,Crítico
2024,2,2024-02-01,Sudeste,MG,Belo Horizonte,Poliomielite,251217,Adultos,100.0,95,251217,1,Adequado
2024,2,2024-02-01,Sudeste,MG,Uberlândia,COVID-19,185447,Idosos,64.15,95,289103,0,Crítico
2024,2,2024-02-01,Sudeste,MG,Juiz de Fora,COVID-19,281941,Idosos,85.59,95,329401,1,Atenção
2024,2,2024-02-01,Sudeste,ES,Vitória,COVID-19,224174,Crianças,87.97,80,254835,1,Adequado
2024,2,2024-02-01,Sudeste,ES,Vila Velha,Poliomielite,110398,Crianças,78.81,95,140091,0,Crítico
2024,2,2024-02-01,Sudeste,ES,Serra,Poliomielite,52702,Gestantes,70.57,80,74683,1,Atenção
2024,2,2024-02-01,Sul,PR,Curitiba,BCG,155304,Crianças,83.34,80,186362,2,Adequado
2024,2,2024-02-01,Sul,PR,Londrina,BCG,316773,Idosos,100.0,80,316773,2,Adequado
2024,2,2024-02-01,Sul,SC,Florianópolis,Tríplice Viral,59392,Crianças,88.68,95,66971,2,Atenção
2024,2,2024-02-01,Sul,SC,Joinville,Tríplice Viral,394690,Idosos,86.38,80,456940,1,Adequado
2024,2,2024-02-01,Sul,RS,Porto Alegre,Influenza,91960,Adultos,100.0,95,91960,1,Adequado
2024,2,2024-02-01,Sul,RS,Caxias do Sul,Poliomielite,61610,Adultos,83.94,80,73400,1,Adequado
2024,3,2024-03-01,Norte,AM,Manaus,Tríplice Viral,399640,Adultos,91.95,95,434628,0,Atenção
2024,3,2024-03-01,Norte,PA,Belém,COVID-19,344798,Adolescentes,79.48,95,433844,1,Crítico
2024,3,2024-03-01,Norte,PA,Santarém,Tríplice Viral,342055,Adultos,87.49,95,390957,1,Atenção
2024,3,2024-03-01,Norte,RO,Porto Velho,BCG,423998,Adolescentes,90.05,80,470831,3,Adequado
2024,3,2024-03-01,Norte,TO,Palmas,Tríplice Viral,199852,Gestantes,82.08,80,243480,1,Adequado
2024,3,2024-03-01,Nordeste,BA,Salvador,Hepatite B,472006,Idosos,97.27,80,485268,0,Adequado
2024,3,2024-03-01,Nordeste,BA,Feira de Santana,Influenza,16085,Adolescentes,86.53,95,18589,1,Atenção
2024,3,2024-03-01,Nordeste,PE,Recife,BCG,223752,Adultos,92.39,80,242187,2,Adequado
2024,3,2024-03-01,Nordeste,PE,Jaboatão dos Guararapes,Influenza,142808,Gestantes,65.65,95,217517,2,Crítico
2024,3,2024-03-01,Nordeste,CE,Fortaleza,Influenza,339955,Crianças,97.16,95,349889,1,Adequado
2024,3,2024-03-01,Nordeste,CE,Juazeiro do Norte,Hepatite B,139407,Crianças,93.13,95,149699,0,Atenção
2024,3,2024-03-01,Nordeste,MA,São Luís,Hepatite B,365901,Gestantes,80.41,95,455037,0,Atenção
2024,3,2024-03-01,Nordeste,PB,João Pessoa,Influenza,25535,Adultos,68.53,95,37263,2,Crítico
2024,3,2024-03-01,Centro-Oeste,DF,Brasília,Tríplice Viral,358209,Gestantes,73.06,95,490325,2,Crítico
2024,3,2024-03-01,Centro-Oeste,GO,Goiânia,Tríplice Viral,107964,Adolescentes,69.36,95,155663,1,Crítico
2024,3,2024-03-01,Centro-Oeste,GO,Aparecida de Goiânia,BCG,113395,Adolescentes,84.17,95,134727,1,Atenção
2024,3,2024-03-01,Centro-Oeste,MT,Cuiabá,Poliomielite,196901,Adolescentes,71.56,95,275155,2,Crítico
2024,3,2024-03-01,Centro-Oeste,MS,Campo Grande,BCG,244540,Gestantes,88.4,95,276620,0,Atenção
2024,3,2024-03-01,Sudeste,SP,São Paulo,Tríplice Viral,228128,Adultos,78.22,95,291644,1,Crítico
2024,3,2024-03-01,Sudeste,SP,Campinas,Poliomielite,251842,Gestantes,59.63,80,422328,1,Crítico
2024,3,2024-03-01,Sudeste,SP,Ribeirão Preto,BCG,146543,Adultos,75.33,80,194548,2,Atenção
2024,3,2024-03-01,Sudeste,RJ,Rio de Janeiro,Hepatite B,298980,Adolescentes,86.06,95,347417,0,Atenção
2024,3,2024-03-01,Sudeste,RJ,Niterói,Poliomielite,76921,Idosos,64.84,80,118639,1,Crítico
2024,3,2024-03-01,Sudeste,RJ,Nova Iguaçu,Influenza,191874,Gestantes,84.17,95,227955,1,Atenção
2024,3,2024-03-01,Sudeste,RJ,Petrópolis,BCG,439810,Gestantes,88.3,80,498066,0,Adequado
2024,3,2024-03-01,Sudeste,MG,Belo Horizonte,Tríplice Viral,193708,Adolescentes,83.88,80,230946,2,Adequado
2024,3,2024-03-01,Sudeste,MG,Uberlândia,Hepatite B,334387,Adolescentes,84.45,95,395959,2,Atenção
2024,3,2024-03-01,Sudeste,MG,Juiz de Fora,BCG,32790,Adolescentes,92.37,95,35499,3,Atenção
2024,3,2024-03-01,Sudeste,ES,Vitória,Poliomielite,40138,Idosos,73.22,95,54819,1,Crítico
2024,3,2024-03-01,Sudeste,ES,Vila Velha,Tríplice Viral,51142,Adultos,78.8,95,64905,2,Crítico
2024,3,2024-03-01,Sudeste,ES,Serra,Influenza,106840,Adultos,88.27,95,121037,1,Atenção
2024,3,2024-03-01,Sul,PR,Curitiba,Hepatite B,35104,Adultos,82.94,95,42328,1,Atenção
2024,3,2024-03-01,Sul,PR,Londrina,Influenza,106291,Idosos,74.33,95,143003,0,Crítico
2024,3,2024-03-01,Sul,SC,Florianópolis,Poliomielite,289877,Adolescentes,72.09,80,402129,1,Atenção
2024,3,2024-03-01,Sul,SC,Joinville,COVID-19,125697,Idosos,94.39,95,133171,1,Atenção
2024,3,2024-03-01,Sul,RS,Porto Alegre,COVID-19,213150,Idosos,78.33,80,272128,2,Atenção
2024,3,2024-03-01,Sul,RS,Caxias do Sul,Tríplice Viral,197617,Adultos,70.63,80,279796,1,Atenção
2024,4,2024-04-01,Norte,AM,Manaus,Influenza,114516,Crianças,85.31,95,134234,1,Atenção
2024,4,2024-04-01,Norte,PA,Belém,Influenza,156783,Idosos,83.62,95,187489,1,Atenção
2024,4,2024-04-01,Norte,PA,Santarém,Tríplice Viral,90101,Idosos,78.32,80,115047,1,Atenção
2024,4,2024-04-01,Norte,RO,Porto Velho,Hepatite B,39225,Gestantes,68.96,95,56885,1,Crítico
2024,4,2024-04-01,Norte,TO,Palmas,Poliomielite,356516,Gestantes,74.03,95,481588,1,Crítico
2024,4,2024-04-01,Nordeste,BA,Salvador,Hepatite B,284673,Idosos,87.12,95,326748,0,Atenção
2024,4,2024-04-01,Nordeste,BA,Feira de Santana,Hepatite B,486622,Crianças,98.02,80,496448,1,Adequado
2024,4,2024-04-01,Nordeste,PE,Recife,Hepatite B,78450,Adolescentes,59.92,95,130933,1,Crítico
2024,4,2024-04-01,Nordeste,PE,Jaboatão dos Guararapes,Hepatite B,246006,Adultos,95.6,80,257342,0,Adequado
2024,4,2024-04-01,Nordeste,CE,Fortaleza,BCG,201505,Crianças,75.14,95,268167,2,Crítico
2024,4,2024-04-01,Nordeste,CE,Juazeiro do Norte,Tríplice Viral,207706,Adolescentes,85.6,80,242643,2,Adequado
2024,4,2024-04-01,Nordeste,MA,São Luís,Influenza,170169,Gestantes,85.21,80,199706,0,Adequado
2024,4,2024-04-01,Nordeste,PB,João Pessoa,Poliomielite,73351,Gestantes,83.1,95,88274,1,Atenção
2024,4,2024-04-01,Centro-Oeste,DF,Brasília,Poliomielite,379593,Adolescentes,85.59,80,443492,1,Adequado
2024,4,2024-04-01,Centro-Oeste,GO,Goiânia,Influenza,323638,Crianças,81.35,80,397833,1,Adequado
2024,4,2024-04-01,Centro-Oeste,GO,Aparecida de Goiânia,BCG,49977,Idosos,91.03,95,54901,0,Atenção
2024,4,2024-04-01,Centro-Oeste,MT,Cuiabá,Influenza,68161,Crianças,78.49,95,86845,1,Crítico
2024,4,2024-04-01,Centro-Oeste,MS,Campo Grande,Poliomielite,101731,Idosos,70.4,95,144513,1,Crítico
2024,4,2024-04-01,Sudeste,SP,São Paulo,COVID-19,195674,Gestantes,70.24,80,278590,2,Atenção
2024,4,2024-04-01,Sudeste,SP,Campinas,BCG,295988,Gestantes,99.15,95,298511,0,Adequado
2024,4,2024-04-01,Sudeste,SP,Ribeirão Preto,Tríplice Viral,88092,Idosos,73.74,80,119459,1,Atenção
2024,4,2024-04-01,Sudeste,RJ,Rio de Janeiro,COVID-19,320738,Idosos,67.97,95,471880,3,Crítico
2024,4,2024-04-01,Sudeste,RJ,Niterói,BCG,301787,Adultos,100.0,80,301787,2,Adequado
2024,4,2024-04-01,Sudeste,RJ,Nova Iguaçu,Influenza,197082,Idosos,100.0,95,197082,2,Adequado
2024,4,2024-04-01,Sudeste,RJ,Petrópolis,Poliomielite,264688,Adultos,76.45,95,346235,1,Crítico
2024,4,2024-04-01,Sudeste,MG,Belo Horizonte,Tríplice Viral,324705,Gestantes,73.22,95,443468,0,Crítico
2024,4,2024-04-01,Sudeste,MG,Uberlândia,COVID-19,104696,Idosos,84.2,80,124350,1,Adequado
2024,4,2024-04-01,Sudeste,MG,Juiz de Fora,COVID-19,205620,Adultos,93.6,80,219672,0,Adequado
2024,4,2024-04-01,Sudeste,ES,Vitória,COVID-19,360960,Idosos,85.19,80,423703,1,Adequado
2024,4,2024-04-01,Sudeste,ES,Vila Velha,Hepatite B,110118,Idosos,75.02,95,146785,0,Crítico
2024,4,2024-04-01,Sudeste,ES,Serra,Tríplice Viral,245790,Idosos,85.7,80,286808,0,Adequado
2024,4,2024-04-01,Sul,PR,Curitiba,Influenza,303180,Idosos,70.14,95,432227,1,Crítico
2024,4,2024-04-01,Sul,PR,Londrina,BCG,104067,Gestantes,91.74,95,113442,1,Atenção
2024,4,2024-04-01,Sul,SC,Florianópolis,BCG,106591,Crianças,70.08,80,152106,1,Atenção
2024,4,2024-04-01,Sul,SC,Joinville,Poliomielite,217305,Adultos,94.44,95,230102,2,Atenção
2024,4,2024-04-01,Sul,RS,Porto Alegre,Poliomielite,117120,Adolescentes,83.54,95,140194,0,Atenção
2024,4,2024-04-01,Sul,RS,Caxias do Sul,COVID-19,56855,Idosos,89.13,95,63790,1,Atenção
2024,5,2024-05-01,Norte,AM,Manaus,Tríplice Viral,116028,Adultos,70.62,80,164293,1,Atenção
2024,5,2024-05-01,Norte,PA,Belém,COVID-19,115457,Idosos,86.99,80,132718,0,Adequado
2024,5,2024-05-01,Norte,PA,Santarém,COVID-19,65453,Idosos,98.01,80,66780,3,Adequado
2024,5,2024-05-01,Norte,RO,Porto Velho,Poliomielite,357138,Adolescentes,72.63,80,491741,0,Atenção
2024,5,2024-05-01,Norte,TO,Palmas,Tríplice Viral,304073,Adolescentes,70.92,95,428775,0,Crítico
2024,5,2024-05-01,Nordeste,BA,Salvador,Tríplice Viral,204562,Idosos,85.52,95,239194,0,Atenção
2024,5,2024-05-01,Nordeste,BA,Feira de Santana,Poliomielite,372292,Crianças,100.0,80,372292,1,Adequado
2024,5,2024-05-01,Nordeste,PE,Recife,Hepatite B,347800,Adultos,87.9,95,395670,1,Atenção
2024,5,2024-05-01,Nordeste,PE,Jaboatão dos Guararapes,Hepatite B,355423,Gestantes,88.32,80,402412,3,Adequado
2024,5,2024-05-01,Nordeste,CE,Fortaleza,Tríplice Viral,318249,Adolescentes,69.48,80,458036,2,Atenção
2024,5,2024-05-01,Nordeste,CE,Juazeiro do Norte,BCG,253908,Idosos,86.63,95,293109,1,Atenção
2024,5,2024-05-01,Nordeste,MA,São Luís,Hepatite B,103969,Adultos,73.89,95,140709,0,Crítico
2024,5,2024-05-01,Nordeste,PB,João Pessoa,Influenza,124571,Crianças,77.25,95,161253,1,Crítico
2024,5,2024-05-01,Centro-Oeste,DF,Brasília,Influenza,38007,Crianças,77.7,95,48913,1,Crítico
2024,5,2024-05-01,Centro-Oeste,GO,Goiânia,BCG,152354,Idosos,86.85,95,175429,0,Atenção
2024,5,2024-05-01,Centro-Oeste,GO,Aparecida de Goiânia,Hepatite B,435121,Adolescentes,100.0,95,435121,0,Adequado
2024,5,2024-05-01,Centro-Oeste,MT,Cuiabá,Poliomielite,269569,Gestantes,85.95,80,313647,0,Adequado
2024,5,2024-05-01,Centro-Oeste,MS,Campo Grande,Poliomielite,81291,Adolescentes,87.56,80,92845,0,Adequado
2024,5,2024-05-01,Sudeste,SP,São Paulo,BCG,28344,Adultos,91.89,95,30845,1,Atenção
2024,5,2024-05-01,Sudeste,SP,Campinas,COVID-19,24206,Gestantes,72.88,95,33213,0,Crítico
2024,5,2024-05-01,Sudeste,SP,Ribeirão Preto,Poliomielite,187582,Idosos,76.18,80,246224,0,Atenção
2024,5,2024-05-01,Sudeste,RJ,Rio de Janeiro,BCG,231290,Idosos,59.74,80,387140,1,Crítico
2024,5,2024-05-01,Sudeste,RJ,Niterói,COVID-19,154672,Adolescentes,92.62,95,167000,0,Atenção
2024,5,2024-05-01,Sudeste,RJ,Nova Iguaçu,COVID-19,159481,Gestantes,79.58,80,200413,1,Atenção
2024,5,2024-05-01,Sudeste,RJ,Petrópolis,Tríplice Viral,200950,Adultos,74.63,95,269262,0,Crítico
2024,5,2024-05-01,Sudeste,MG,Belo Horizonte,Influenza,78433,Idosos,100.0,80,78433,2,Adequado
2024,5,2024-05-01,Sudeste,MG,Uberlândia,BCG,178109,Adolescentes,87.38,95,203825,0,Atenção
2024,5,2024-05-01,Sudeste,MG,Juiz de Fora,Hepatite B,114703,Crianças,86.78,95,132184,2,Atenção
2024,5,2024-05-01,Sudeste,ES,Vitória,Hepatite B,258539,Adultos,78.19,80,330670,1,Atenção
2024,5,2024-05-01,Sudeste,ES,Vila Velha,Hepatite B,42203,Crianças,79.48,95,53100,0,Crítico
2024,5,2024-05-01,Sudeste,ES,Serra,Hepatite B,260016,Crianças,64.73,95,401695,1,Crítico
2024,5,2024-05-01,Sul,PR,Curitiba,BCG,443796,Adolescentes,89.56,95,495509,0,Atenção
2024,5,2024-05-01,Sul,PR,Londrina,Influenza,53117,Crianças,100.0,80,53117,3,Adequado
2024,5,2024-05-01,Sul,SC,Florianópolis,COVID-19,296428,Crianças,100.0,95,296428,1,Adequado
2024,5,2024-05-01,Sul,SC,Joinville,BCG,24590,Idosos,82.24,95,29902,1,Atenção
2024,5,2024-05-01,Sul,RS,Porto Alegre,Hepatite B,24791,Adolescentes,76.05,95,32601,0,Crítico
2024,5,2024-05-01,Sul,RS,Caxias do Sul,Poliomielite,318726,Adolescentes,79.11,80,402900,0,Atenção
2024,6,2024-06-01,Norte,AM,Manaus,Tríplice Viral,325112,Adultos,80.39,95,404407,1,Atenção
2024,6,2024-06-01,Norte,PA,Belém,Poliomielite,54422,Adolescentes,78.29,95,69517,2,Crítico
2024,6,2024-06-01,Norte,PA,Santarém,COVID-19,52862,Adolescentes,82.1,95,64389,4,Atenção
2024,6,2024-06-01,Norte,RO,Porto Velho,BCG,69530,Adultos,75.81,95,91723,1,Crítico
2024,6,2024-06-01,Norte,TO,Palmas,Influenza,378245,Adolescentes,96.12,95,393516,0,Adequado
2024,6,2024-06-01,Nordeste,BA,Salvador,Hepatite B,350448,Idosos,73.68,80,475659,0,Atenção
2024,6,2024-06-01,Nordeste,BA,Feira de Santana,COVID-19,57016,Gestantes,86.12,80,66205,1,Adequado
2024,6,2024-06-01,Nordeste,PE,Recife,COVID-19,240040,Gestantes,94.04,95,255264,0,Atenção
2024,6,2024-06-01,Nordeste,PE,Jaboatão dos Guararapes,Poliomielite,230022,Crianças,80.22,95,286739,1,Atenção
2024,6,2024-06-01,Nordeste,CE,Fortaleza,Hepatite B,148475,Adultos,100.0,95,148475,1,Adequado
2024,6,2024-06-01,Nordeste,CE,Juazeiro do Norte,Poliomielite,106169,Crianças,85.88,95,123622,1,Atenção
2024,6,2024-06-01,Nordeste,MA,São Luís,Tríplice Viral,210599,Gestantes,75.27,80,279792,0,Atenção
2024,6,2024-06-01,Nordeste,PB,João Pessoa,COVID-19,101563,Adolescentes,76.95,80,131994,0,Atenção
2024,6,2024-06-01,Centro-Oeste,DF,Brasília,Hepatite B,253811,Gestantes,77.25,80,328557,1,Atenção
2024,6,2024-06-01,Centro-Oeste,GO,Goiânia,Influenza,146999,Adolescentes,84.31,80,174361,1,Adequado
2024,6,2024-06-01,Centro-Oeste,GO,Aparecida de Goiânia,Hepatite B,167681,Adultos,88.08,95,190377,1,Atenção
2024,6,2024-06-01,Centro-Oeste,MT,Cuiabá,Hepatite B,431618,Idosos,98.37,80,438779,0,Adequado
2024,6,2024-06-01,Centro-Oeste,MS,Campo Grande,BCG,107452,Crianças,62.34,95,172363,0,Crítico
2024,6,2024-06-01,Sudeste,SP,São Paulo,COVID-19,144033,Adultos,92.4,95,155888,0,Atenção
2024,6,2024-06-01,Sudeste,SP,Campinas,Poliomielite,82041,Adultos,79.21,95,103580,0,Crítico
2024,6,2024-06-01,Sudeste,SP,Ribeirão Preto,Tríplice Viral,103620,Idosos,85.42,95,121309,1,Atenção
2024,6,2024-06-01,Sudeste,RJ,Rio de Janeiro,Influenza,133483,Idosos,73.87,80,180706,0,Atenção
2024,6,2024-06-01,Sudeste,RJ,Niterói,BCG,317970,Crianças,84.5,95,376289,1,Atenção
2024,6,2024-06-01,Sudeste,RJ,Nova Iguaçu,COVID-19,329746,Idosos,90.06,80,366153,2,Adequado
2024,6,2024-06-01,Sudeste,RJ,Petrópolis,Tríplice Viral,25775,Idosos,78.43,80,32866,1,Atenção
2024,6,2024-06-01,Sudeste,MG,Belo Horizonte,Poliomielite,312452,Crianças,82.91,95,376866,1,Atenção
2024,6,2024-06-01,Sudeste,MG,Uberlândia,Poliomielite,8998,Gestantes,88.64,95,10152,0,Atenção
2024,6,2024-06-01,Sudeste,MG,Juiz de Fora,Poliomielite,320846,Crianças,91.71,95,349848,0,Atenção
2024,6,2024-06-01,Sudeste,ES,Vitória,Tríplice Viral,78499,Idosos,72.29,95,108585,0,Crítico
2024,6,2024-06-01,Sudeste,ES,Vila Velha,Tríplice Viral,157969,Crianças,62.7,80,251935,0,Crítico
2024,6,2024-06-01,Sudeste,ES,Serra,COVID-19,308673,Gestantes,100.0,80,308673,1,Adequado
2024,6,2024-06-01,Sul,PR,Curitiba,BCG,141748,Adolescentes,96.05,95,147583,0,Adequado
2024,6,2024-06-01,Sul,PR,Londrina,Poliomielite,136179,Idosos,96.78,80,140713,0,Adequado
2024,6,2024-06-01,Sul,SC,Florianópolis,Hepatite B,230940,Gestantes,89.41,80,258283,2,Adequado
2024,6,2024-06-01,Sul,SC,Joinville,Hepatite B,88287,Adultos,100.0,80,88287,0,Adequado
2024,6,2024-06-01,Sul,RS,Porto Alegre,Poliomielite,168007,Adultos,88.66,95,189492,2,Atenção
2024,6,2024-06-01,Sul,RS,Caxias do Sul,Tríplice Viral,113842,Crianças,82.33,95,138281,1,Atenção
2024,7,2024-07-01,Norte,AM,Manaus,Influenza,220656,Adolescentes,79.46,80,277701,2,Atenção
2024,7,2024-07-01,Norte,PA,Belém,COVID-19,80757,Adolescentes,99.76,95,80954,0,Adequado
2024,7,2024-07-01,Norte,PA,Santarém,Poliomielite,231788,Gestantes,92.23,80,251324,1,Adequado
2024,7,2024-07-01,Norte,RO,Porto Velho,Influenza,163451,Crianças,84.32,80,193843,3,Adequado
2024,7,2024-07-01,Norte,TO,Palmas,COVID-19,427223,Adolescentes,94.54,80,451898,1,Adequado
2024,7,2024-07-01,Nordeste,BA,Salvador,Tríplice Viral,337966,Adolescentes,89.49,95,377674,2,Atenção
2024,7,2024-07-01,Nordeste,BA,Feira de Santana,COVID-19,125781,Idosos,82.87,95,151778,3,Atenção
2024,7,2024-07-01,Nordeste,PE,Recife,Influenza,100916,Gestantes,89.74,95,112449,1,Atenção
2024,7,2024-07-01,Nordeste,PE,Jaboatão dos Guararapes,BCG,242943,Gestantes,95.5,80,254388,1,Adequado
2024,7,2024-07-01,Nordeste,CE,Fortaleza,Influenza,107716,Idosos,69.98,95,153917,1,Crítico
2024,7,2024-07-01,Nordeste,CE,Juazeiro do Norte,Poliomielite,234194,Adolescentes,70.75,95,330997,1,Crítico
2024,7,2024-07-01,Nordeste,MA,São Luís,Hepatite B,107314,Adolescentes,84.07,95,127653,2,Atenção
2024,7,2024-07-01,Nordeste,PB,João Pessoa,Poliomielite,108525,Adolescentes,73.13,80,148407,0,Atenção
2024,7,2024-07-01,Centro-Oeste,DF,Brasília,Influenza,35026,Adultos,84.07,95,41666,0,Atenção
2024,7,2024-07-01,Centro-Oeste,GO,Goiânia,Poliomielite,380562,Adultos,79.53,95,478543,0,Crítico
2024,7,2024-07-01,Centro-Oeste,GO,Aparecida de Goiânia,COVID-19,17744,Gestantes,100.0,80,17744,1,Adequado
2024,7,2024-07-01,Centro-Oeste,MT,Cuiabá,Poliomielite,359932,Adolescentes,100.0,95,359932,1,Adequado
2024,7,2024-07-01,Centro-Oeste,MS,Campo Grande,Influenza,99839,Crianças,91.1,80,109595,0,Adequado
2024,7,2024-07-01,Sudeste,SP,São Paulo,BCG,124929,Adolescentes,86.79,80,143947,1,Adequado
2024,7,2024-07-01,Sudeste,SP,Campinas,COVID-19,66744,Gestantes,64.18,80,103998,1,Crítico
2024,7,2024-07-01,Sudeste,SP,Ribeirão Preto,BCG,146590,Adolescentes,95.12,95,154116,2,Adequado
2024,7,2024-07-01,Sudeste,RJ,Rio de Janeiro,COVID-19,372437,Crianças,88.59,80,420421,2,Adequado
2024,7,2024-07-01,Sudeste,RJ,Niterói,Poliomielite,23738,Adolescentes,68.84,80,34485,1,Atenção
2024,7,2024-07-01,Sudeste,RJ,Nova Iguaçu,Poliomielite,38655,Adultos,79.59,95,48570,1,Crítico
2024,7,2024-07-01,Sudeste,RJ,Petrópolis,Influenza,307495,Adolescentes,77.51,80,396730,1,Atenção
2024,7,2024-07-01,Sudeste,MG,Belo Horizonte,Hepatite B,125498,Gestantes,82.86,95,151456,1,Atenção
2024,7,2024-07-01,Sudeste,MG,Uberlândia,Tríplice Viral,216049,Adolescentes,83.24,95,259561,1,Atenção
2024,7,2024-07-01,Sudeste,MG,Juiz de Fora,Hepatite B,74478,Gestantes,85.79,95,86812,3,Atenção
2024,7,2024-07-01,Sudeste,ES,Vitória,Poliomielite,85228,Adultos,81.64,95,104389,2,Atenção
2024,7,2024-07-01,Sudeste,ES,Vila Velha,Hepatite B,31087,Idosos,86.33,80,36009,0,Adequado
2024,7,2024-07-01,Sudeste,ES,Serra,Hepatite B,111633,Adultos,67.41,95,165602,0,Crítico
2024,7,2024-07-01,Sul,PR,Curitiba,Poliomielite,128568,Gestantes,92.08,80,139622,0,Adequado
2024,7,2024-07-01,Sul,PR,Londrina,BCG,41744,Adolescentes,99.85,95,41806,2,Adequado
2024,7,2024-07-01,Sul,SC,Florianópolis,Poliomielite,135853,Gestantes,85.97,80,158016,2,Adequado
2024,7,2024-07-01,Sul,SC,Joinville,BCG,363971,Idosos,86.88,95,418950,1,Atenção
2024,7,2024-07-01,Sul,RS,Porto Alegre,Hepatite B,243592,Gestantes,80.83,80,301375,1,Adequado
2024,7,2024-07-01,Sul,RS,Caxias do Sul,Hepatite B,199970,Crianças,72.19,95,276995,0,Crítico
2024,8,2024-08-01,Norte,AM,Manaus,Tríplice Viral,223708,Crianças,83.89,95,266672,1,Atenção
2024,8,2024-08-01,Norte,PA,Belém,Influenza,272020,Adultos,81.5,95,333778,2,Atenção
2024,8,2024-08-01,Norte,PA,Santarém,Influenza,318766,Crianças,87.4,80,364734,0,Adequado
2024,8,2024-08-01,Norte,RO,Porto Velho,Hepatite B,361052,Adultos,95.05,95,379837,1,Adequado
2024,8,2024-08-01,Norte,TO,Palmas,Influenza,95315,Adolescentes,92.83,80,102672,2,Adequado
2024,8,2024-08-01,Nordeste,BA,Salvador,COVID-19,113009,Crianças,65.96,95,171328,1,Crítico
2024,8,2024-08-01,Nordeste,BA,Feira de Santana,BCG,67348,Gestantes,73.55,95,91563,1,Crítico
2024,8,2024-08-01,Nordeste,PE,Recife,Tríplice Viral,312780,Gestantes,75.98,95,411672,1,Crítico
2024,8,2024-08-01,Nordeste,PE,Jaboatão dos Guararapes,Influenza,124327,Crianças,75.03,95,165711,0,Crítico
2024,8,2024-08-01,Nordeste,CE,Fortaleza,COVID-19,183970,Gestantes,81.63,80,225366,1,Adequado
2024,8,2024-08-01,Nordeste,CE,Juazeiro do Norte,Tríplice Viral,186181,Adultos,73.86,95,252077,0,Crítico
2024,8,2024-08-01,Nordeste,MA,São Luís,Poliomielite,315029,Gestantes,89.71,95,351173,1,Atenção
2024,8,2024-08-01,Nordeste,PB,João Pessoa,Hepatite B,162383,Gestantes,76.68,80,211769,1,Atenção
2024,8,2024-08-01,Centro-Oeste,DF,Brasília,Influenza,68470,Adultos,66.76,95,102569,0,Crítico
2024,8,2024-08-01,Centro-Oeste,GO,Goiânia,Poliomielite,409964,Gestantes,97.56,95,420203,1,Adequado
2024,8,2024-08-01,Centro-Oeste,GO,Aparecida de Goiânia,BCG,160564,Crianças,71.77,80,223719,0,Atenção
2024,8,2024-08-01,Centro-Oeste,MT,Cuiabá,COVID-19,30580,Gestantes,75.72,95,40387,1,Crítico
2024,8,2024-08-01,Centro-Oeste,MS,Campo Grande,BCG,141827,Gestantes,80.3,80,176619,2,Adequado
2024,8,2024-08-01,Sudeste,SP,São Paulo,COVID-19,85595,Adolescentes,100.0,80,85595,1,Adequado
2024,8,2024-08-01,Sudeste,SP,Campinas,Tríplice Viral,164677,Idosos,89.11,95,184795,1,Atenção
2024,8,2024-08-01,Sudeste,SP,Ribeirão Preto,COVID-19,104198,Idosos,68.51,80,152085,1,Atenção
2024,8,2024-08-01,Sudeste,RJ,Rio de Janeiro,Hepatite B,272875,Crianças,78.04,80,349672,3,Atenção
2024,8,2024-08-01,Sudeste,RJ,Niterói,Hepatite B,52721,Adolescentes,69.98,95,75333,0,Crítico
2024,8,2024-08-01,Sudeste,RJ,Nova Iguaçu,COVID-19,242471,Crianças,95.78,80,253167,0,Adequado
2024,8,2024-08-01,Sudeste,RJ,Petrópolis,Poliomielite,135549,Adolescentes,70.05,95,193509,1,Crítico
2024,8,2024-08-01,Sudeste,MG,Belo Horizonte,COVID-19,363282,Gestantes,79.97,80,454246,2,Atenção
2024,8,2024-08-01,Sudeste,MG,Uberlândia,Hepatite B,132367,Adultos,94.84,80,139574,1,Adequado
2024,8,2024-08-01,Sudeste,MG,Juiz de Fora,Influenza,12753,Adultos,77.54,95,16447,0,Crítico
2024,8,2024-08-01,Sudeste,ES,Vitória,COVID-19,438987,Adultos,97.2,95,451634,2,Adequado
2024,8,2024-08-01,Sudeste,ES,Vila Velha,COVID-19,139130,Idosos,88.26,95,157628,1,Atenção
2024,8,2024-08-01,Sudeste,ES,Serra,Hepatite B,260907,Idosos,92.96,95,280655,2,Atenção
2024,8,2024-08-01,Sul,PR,Curitiba,Tríplice Viral,157353,Adultos,79.15,95,198804,1,Crítico
2024,8,2024-08-01,Sul,PR,Londrina,Tríplice Viral,258070,Adultos,76.61,80,336846,0,Atenção
2024,8,2024-08-01,Sul,SC,Florianópolis,COVID-19,374520,Adultos,88.83,95,421611,1,Atenção
2024,8,2024-08-01,Sul,SC,Joinville,Tríplice Viral,285166,Gestantes,93.08,95,306369,2,Atenção
2024,8,2024-08-01,Sul,RS,Porto Alegre,Tríplice Viral,38884,Adultos,89.27,95,43557,3,Atenção
2024,8,2024-08-01,Sul,RS,Caxias do Sul,Tríplice Viral,307147,Adultos,81.51,80,376808,1,Adequado
2024,9,2024-09-01,Norte,AM,Manaus,BCG,22929,Gestantes,89.11,80,25732,2,Adequado
2024,9,2024-09-01,Norte,PA,Belém,Poliomielite,265311,Gestantes,87.75,95,302364,0,Atenção
2024,9,2024-09-01,Norte,PA,Santarém,Influenza,359915,Crianças,100.0,80,359915,0,Adequado
2024,9,2024-09-01,Norte,RO,Porto Velho,Hepatite B,342801,Idosos,75.61,95,453355,0,Crítico
2024,9,2024-09-01,Norte,TO,Palmas,BCG,134420,Adolescentes,100.0,80,134420,2,Adequado
2024,9,2024-09-01,Nordeste,BA,Salvador,Tríplice Viral,193795,Adolescentes,88.56,95,218822,0,Atenção
2024,9,2024-09-01,Nordeste,BA,Feira de Santana,Hepatite B,389960,Adolescentes,90.2,80,432350,2,Adequado
2024,9,2024-09-01,Nordeste,PE,Recife,Influenza,140709,Crianças,91.78,80,153311,2,Adequado
2024,9,2024-09-01,Nordeste,PE,Jaboatão dos Guararapes,Influenza,47828,Idosos,84.29,95,56740,0,Atenção
2024,9,2024-09-01,Nordeste,CE,Fortaleza,Tríplice Viral,188977,Gestantes,77.15,95,244936,1,Crítico
2024,9,2024-09-01,Nordeste,CE,Juazeiro do Norte,Influenza,432080,Idosos,98.05,95,440676,1,Adequado
2024,9,2024-09-01,Nordeste,MA,São Luís,Poliomielite,401827,Adultos,100.0,80,401827,3,Adequado
2024,9,2024-09-01,Nordeste,PB,João Pessoa,COVID-19,153760,Adultos,98.43,95,156208,1,Adequado
2024,9,2024-09-01,Centro-Oeste,DF,Brasília,BCG,232458,Crianças,99.76,95,233011,3,Adequado
2024,9,2024-09-01,Centro-Oeste,GO,Goiânia,BCG,450459,Idosos,92.21,95,488497,0,Atenção
2024,9,2024-09-01,Centro-Oeste,GO,Aparecida de Goiânia,Hepatite B,306530,Adolescentes,89.44,95,342734,1,Atenção
2024,9,2024-09-01,Centro-Oeste,MT,Cuiabá,Hepatite B,327560,Idosos,72.74,95,450345,0,Crítico
2024,9,2024-09-01,Centro-Oeste,MS,Campo Grande,Influenza,82894,Crianças,76.95,95,107729,2,Crítico
2024,9,2024-09-01,Sudeste,SP,São Paulo,COVID-19,333374,Adultos,93.22,95,357603,2,Atenção
2024,9,2024-09-01,Sudeste,SP,Campinas,COVID-19,323933,Adultos,77.31,80,419023,3,Atenção
2024,9,2024-09-01,Sudeste,SP,Ribeirão Preto,Tríplice Viral,361642,Gestantes,100.0,80,361642,2,Adequado
2024,9,2024-09-01,Sudeste,RJ,Rio de Janeiro,Tríplice Viral,162657,Idosos,97.93,95,166092,0,Adequado
2024,9,2024-09-01,Sudeste,RJ,Niterói,Hepatite B,307376,Crianças,90.51,95,339588,0,Atenção
2024,9,2024-09-01,Sudeste,RJ,Nova Iguaçu,Influenza,179521,Gestantes,90.84,95,197615,2,Atenção
2024,9,2024-09-01,Sudeste,RJ,Petrópolis,Poliomielite,64783,Idosos,71.89,95,90114,2,Crítico
2024,9,2024-09-01,Sudeste,MG,Belo Horizonte,Poliomielite,304982,Crianças,77.28,80,394627,2,Atenção
2024,9,2024-09-01,Sudeste,MG,Uberlândia,Influenza,192505,Adultos,84.51,95,227802,4,Atenção
2024,9,2024-09-01,Sudeste,MG,Juiz de Fora,Tríplice Viral,16939,Crianças,88.67,80,19103,1,Adequado
2024,9,2024-09-01,Sudeste,ES,Vitória,Hepatite B,105436,Adultos,87.3,95,120781,1,Atenção
2024,9,2024-09-01,Sudeste,ES,Vila Velha,BCG,198491,Adolescentes,86.03,95,230717,0,Atenção
2024,9,2024-09-01,Sudeste,ES,Serra,Tríplice Viral,68249,Crianças,79.0,95,86397,3,Crítico
2024,9,2024-09-01,Sul,PR,Curitiba,Influenza,366001,Idosos,85.73,95,426909,1,Atenção
2024,9,2024-09-01,Sul,PR,Londrina,Influenza,59497,Idosos,74.38,95,79995,1,Crítico
2024,9,2024-09-01,Sul,SC,Florianópolis,Influenza,290886,Crianças,80.58,95,360970,1,Atenção
2024,9,2024-09-01,Sul,SC,Joinville,BCG,279955,Adultos,96.82,95,289139,1,Adequado
2024,9,2024-09-01,Sul,RS,Porto Alegre,Tríplice Viral,277584,Adolescentes,78.31,95,354454,1,Crítico
2024,9,2024-09-01,Sul,RS,Caxias do Sul,Poliomielite,148567,Adultos,77.74,95,191113,0,Crítico
2024,10,2024-10-01,Norte,AM,Manaus,Tríplice Viral,96802,Idosos,86.91,80,111387,0,Adequado
2024,10,2024-10-01,Norte,PA,Belém,Hepatite B,108294,Idosos,85.21,95,127093,0,Atenção
2024,10,2024-10-01,Norte,PA,Santarém,COVID-19,203442,Adultos,91.49,80,222365,0,Adequado
2024,10,2024-10-01,Norte,RO,Porto Velho,Influenza,26471,Gestantes,95.26,80,27787,1,Adequado
2024,10,2024-10-01,Norte,TO,Palmas,Influenza,372843,Adolescentes,100.0,95,372843,1,Adequado
2024,10,2024-10-01,Nordeste,BA,Salvador,Hepatite B,265020,Gestantes,84.08,80,315189,0,Adequado
2024,10,2024-10-01,Nordeste,BA,Feira de Santana,BCG,478856,Gestantes,96.13,95,498111,0,Adequado
2024,10,2024-10-01,Nordeste,PE,Recife,Influenza,269648,Adultos,76.1,95,354339,0,Crítico
2024,10,2024-10-01,Nordeste,PE,Jaboatão dos Guararapes,Poliomielite,282595,Crianças,67.26,80,420183,1,Atenção
2024,10,2024-10-01,Nordeste,CE,Fortaleza,Poliomielite,76367,Gestantes,82.5,95,92572,1,Atenção
2024,10,2024-10-01,Nordeste,CE,Juazeiro do Norte,BCG,334556,Adultos,87.11,95,384050,2,Atenção
2024,10,2024-10-01,Nordeste,MA,São Luís,BCG,96792,Adolescentes,73.7,95,131326,1,Crítico
2024,10,2024-10-01,Nordeste,PB,João Pessoa,COVID-19,200098,Adolescentes,66.01,95,303136,0,Crítico
2024,10,2024-10-01,Centro-Oeste,DF,Brasília,BCG,85605,Crianças,84.31,95,101542,0,Atenção
2024,10,2024-10-01,Centro-Oeste,GO,Goiânia,BCG,464486,Adolescentes,97.35,80,477136,0,Adequado
2024,10,2024-10-01,Centro-Oeste,GO,Aparecida de Goiânia,Influenza,114530,Idosos,97.72,95,117199,1,Adequado
2024,10,2024-10-01,Centro-Oeste,MT,Cuiabá,Tríplice Viral,38212,Gestantes,77.44,95,49346,2,Crítico
2024,10,2024-10-01,Centro-Oeste,MS,Campo Grande,Hepatite B,302067,Crianças,84.87,80,355917,0,Adequado
2024,10,2024-10-01,Sudeste,SP,São Paulo,Tríplice Viral,83006,Crianças,100.0,80,83006,3,Adequado
2024,10,2024-10-01,Sudeste,SP,Campinas,Tríplice Viral,224813,Idosos,100.0,80,224813,0,Adequado
2024,10,2024-10-01,Sudeste,SP,Ribeirão Preto,Influenza,78361,Adultos,88.33,95,88712,0,Atenção
2024,10,2024-10-01,Sudeste,RJ,Rio de Janeiro,Hepatite B,208820,Adolescentes,81.59,95,255934,3,Atenção
2024,10,2024-10-01,Sudeste,RJ,Niterói,Poliomielite,223913,Adultos,86.87,95,257751,1,Atenção
2024,10,2024-10-01,Sudeste,RJ,Nova Iguaçu,Hepatite B,225851,Idosos,81.91,95,275720,1,Atenção
2024,10,2024-10-01,Sudeste,RJ,Petrópolis,Tríplice Viral,272649,Crianças,75.22,95,362482,0,Crítico
2024,10,2024-10-01,Sudeste,MG,Belo Horizonte,Poliomielite,255261,Crianças,92.52,95,275903,0,Atenção
2024,10,2024-10-01,Sudeste,MG,Uberlândia,Hepatite B,295897,Idosos,95.22,95,310767,1,Adequado
2024,10,2024-10-01,Sudeste,MG,Juiz de Fora,BCG,361931,Adolescentes,75.0,95,482600,1,Crítico
2024,10,2024-10-01,Sudeste,ES,Vitória,Hepatite B,208372,Idosos,80.79,80,257926,0,Adequado
2024,10,2024-10-01,Sudeste,ES,Vila Velha,Tríplice Viral,145458,Idosos,75.32,80,193129,0,Atenção
2024,10,2024-10-01,Sudeste,ES,Serra,Poliomielite,289367,Adultos,96.84,80,298818,0,Adequado
2024,10,2024-10-01,Sul,PR,Curitiba,Influenza,106414,Idosos,81.63,80,130358,1,Adequado
2024,10,2024-10-01,Sul,PR,Londrina,Influenza,61436,Gestantes,80.98,80,75869,0,Adequado
2024,10,2024-10-01,Sul,SC,Florianópolis,Poliomielite,71502,Gestantes,81.18,95,88075,1,Atenção
2024,10,2024-10-01,Sul,SC,Joinville,COVID-19,333420,Adolescentes,67.6,95,493206,0,Crítico
2024,10,2024-10-01,Sul,RS,Porto Alegre,Tríplice Viral,224173,Idosos,83.23,80,269334,0,Adequado
2024,10,2024-10-01,Sul,RS,Caxias do Sul,Hepatite B,249358,Idosos,81.2,95,307108,2,Atenção
2024,11,2024-11-01,Norte,AM,Manaus,Tríplice Viral,263887,Idosos,73.72,95,357970,1,Crítico
2024,11,2024-11-01,Norte,PA,Belém,Influenza,345641,Idosos,89.24,80,387302,3,Adequado
2024,11,2024-11-01,Norte,PA,Santarém,BCG,284055,Gestantes,94.69,95,299997,0,Atenção
2024,11,2024-11-01,Norte,RO,Porto Velho,Hepatite B,24719,Adolescentes,89.88,80,27503,3,Adequado
2024,11,2024-11-01,Norte,TO,Palmas,BCG,96440,Idosos,58.36,95,165261,1,Crítico
2024,11,2024-11-01,Nordeste,BA,Salvador,COVID-19,42305,Crianças,93.36,95,45316,0,Atenção
2024,11,2024-11-01,Nordeste,BA,Feira de Santana,Hepatite B,370702,Adolescentes,78.54,95,471973,0,Crítico
2024,11,2024-11-01,Nordeste,PE,Recife,COVID-19,291856,Adolescentes,98.98,80,294874,1,Adequado
2024,11,2024-11-01,Nordeste,PE,Jaboatão dos Guararapes,Hepatite B,313342,Adolescentes,86.62,80,361735,0,Adequado
2024,11,2024-11-01,Nordeste,CE,Fortaleza,BCG,373328,Gestantes,82.84,95,450642,1,Atenção
2024,11,2024-11-01,Nordeste,CE,Juazeiro do Norte,Poliomielite,352958,Crianças,82.33,80,428735,1,Adequado
2024,11,2024-11-01,Nordeste,MA,São Luís,Poliomielite,232631,Gestantes,73.6,95,316082,2,Crítico
2024,11,2024-11-01,Nordeste,PB,João Pessoa,Influenza,151795,Adultos,69.25,95,219214,6,Crítico
2024,11,2024-11-01,Centro-Oeste,DF,Brasília,Poliomielite,30678,Idosos,69.1,80,44399,0,Atenção
2024,11,2024-11-01,Centro-Oeste,GO,Goiânia,Poliomielite,150682,Idosos,100.0,95,150682,2,Adequado
2024,11,2024-11-01,Centro-Oeste,GO,Aparecida de Goiânia,COVID-19,359061,Crianças,85.78,95,418563,0,Atenção
2024,11,2024-11-01,Centro-Oeste,MT,Cuiabá,Poliomielite,344462,Crianças,82.97,95,415169,3,Atenção
2024,11,2024-11-01,Centro-Oeste,MS,Campo Grande,Tríplice Viral,131371,Adultos,96.31,95,136411,0,Adequado
2024,11,2024-11-01,Sudeste,SP,São Paulo,BCG,359638,Gestantes,78.36,95,458980,1,Crítico
2024,11,2024-11-01,Sudeste,SP,Campinas,Influenza,140439,Adolescentes,100.0,80,140439,2,Adequado
2024,11,2024-11-01,Sudeste,SP,Ribeirão Preto,Influenza,146066,Gestantes,71.38,95,204644,2,Crítico
2024,11,2024-11-01,Sudeste,RJ,Rio de Janeiro,Influenza,105868,Crianças,89.93,95,117722,1,Atenção
2024,11,2024-11-01,Sudeste,RJ,Niterói,Influenza,304938,Gestantes,67.99,95,448500,0,Crítico
2024,11,2024-11-01,Sudeste,RJ,Nova Iguaçu,Tríplice Viral,228748,Adultos,79.13,95,289064,0,Crítico
2024,11,2024-11-01,Sudeste,RJ,Petrópolis,Tríplice Viral,64360,Idosos,89.91,95,71587,0,Atenção
2024,11,2024-11-01,Sudeste,MG,Belo Horizonte,Tríplice Viral,119493,Adultos,78.14,80,152928,0,Atenção
2024,11,2024-11-01,Sudeste,MG,Uberlândia,BCG,320705,Adolescentes,73.15,95,438430,1,Crítico
2024,11,2024-11-01,Sudeste,MG,Juiz de Fora,Hepatite B,332931,Idosos,84.78,95,392688,2,Atenção
2024,11,2024-11-01,Sudeste,ES,Vitória,Influenza,83892,Idosos,88.32,95,94985,0,Atenção
2024,11,2024-11-01,Sudeste,ES,Vila Velha,Poliomielite,369672,Crianças,85.65,95,431618,1,Atenção
2024,11,2024-11-01,Sudeste,ES,Serra,COVID-19,37852,Adolescentes,80.25,95,47166,1,Atenção
2024,11,2024-11-01,Sul,PR,Curitiba,Influenza,453820,Gestantes,93.93,80,483133,1,Adequado
2024,11,2024-11-01,Sul,PR,Londrina,Influenza,79209,Adolescentes,90.7,95,87331,2,Atenção
2024,11,2024-11-01,Sul,SC,Florianópolis,Poliomielite,92386,Crianças,86.2,95,107181,2,Atenção
2024,11,2024-11-01,Sul,SC,Joinville,Poliomielite,128353,Adultos,72.73,95,176485,1,Crítico
2024,11,2024-11-01,Sul,RS,Porto Alegre,BCG,172153,Idosos,94.64,80,181909,1,Adequado
2024,11,2024-11-01,Sul,RS,Caxias do Sul,Poliomielite,82548,Crianças,87.48,80,94360,5,Adequado
2024,12,2024-12-01,Norte,AM,Manaus,Tríplice Viral,306124,Idosos,80.48,80,380355,2,Adequado
2024,12,2024-12-01,Norte,PA,Belém,Hepatite B,182194,Adultos,82.78,80,220084,2,Adequado
2024,12,2024-12-01,Norte,PA,Santarém,Poliomielite,163392,Adolescentes,73.07,80,223605,1,Atenção
2024,12,2024-12-01,Norte,RO,Porto Velho,Influenza,319072,Idosos,72.0,95,443132,2,Crítico
2024,12,2024-12-01,Norte,TO,Palmas,Hepatite B,233953,Idosos,95.94,95,243864,0,Adequado
2024,12,2024-12-01,Nordeste,BA,Salvador,Hepatite B,231182,Gestantes,74.64,95,309747,0,Crítico
2024,12,2024-12-01,Nordeste,BA,Feira de Santana,Poliomielite,438288,Gestantes,91.39,95,479605,2,Atenção
2024,12,2024-12-01,Nordeste,PE,Recife,Tríplice Viral,415899,Gestantes,90.6,95,459045,0,Atenção
2024,12,2024-12-01,Nordeste,PE,Jaboatão dos Guararapes,Tríplice Viral,462456,Crianças,94.15,80,491205,2,Adequado
2024,12,2024-12-01,Nordeste,CE,Fortaleza,Poliomielite,22193,Crianças,81.31,95,27296,0,Atenção
2024,12,2024-12-01,Nordeste,CE,Juazeiro do Norte,BCG,135996,Adolescentes,86.6,95,157044,0,Atenção
2024,12,2024-12-01,Nordeste,MA,São Luís,BCG,183747,Gestantes,69.1,95,265903,2,Crítico
2024,12,2024-12-01,Nordeste,PB,João Pessoa,Poliomielite,306692,Adultos,95.7,95,320477,1,Adequado
2024,12,2024-12-01,Centro-Oeste,DF,Brasília,Influenza,289744,Adultos,77.8,80,372420,2,Atenção
2024,12,2024-12-01,Centro-Oeste,GO,Goiânia,Influenza,22270,Gestantes,87.75,95,25379,2,Atenção
2024,12,2024-12-01,Centro-Oeste,GO,Aparecida de Goiânia,Influenza,352207,Adultos,79.81,95,441315,2,Crítico
2024,12,2024-12-01,Centro-Oeste,MT,Cuiabá,BCG,47083,Adolescentes,75.9,80,62034,0,Atenção
2024,12,2024-12-01,Centro-Oeste,MS,Campo Grande,Poliomielite,53864,Crianças,78.46,80,68656,4,Atenção
2024,12,2024-12-01,Sudeste,SP,São Paulo,BCG,276544,Idosos,99.03,95,279262,0,Adequado
2024,12,2024-12-01,Sudeste,SP,Campinas,Tríplice Viral,93786,Adolescentes,68.3,95,137307,0,Crítico
2024,12,2024-12-01,Sudeste,SP,Ribeirão Preto,Influenza,317732,Idosos,65.74,80,483314,0,Atenção
2024,12,2024-12-01,Sudeste,RJ,Rio de Janeiro,Poliomielite,343619,Adolescentes,84.14,95,408372,0,Atenção
2024,12,2024-12-01,Sudeste,RJ,Niterói,BCG,64788,Gestantes,71.41,80,90723,0,Atenção
2024,12,2024-12-01,Sudeste,RJ,Nova Iguaçu,COVID-19,266712,Adultos,97.85,80,272583,2,Adequado
2024,12,2024-12-01,Sudeste,RJ,Petrópolis,Poliomielite,155969,Gestantes,90.42,80,172499,1,Adequado
2024,12,2024-12-01,Sudeste,MG,Belo Horizonte,Tríplice Viral,429041,Gestantes,89.56,80,479042,3,Adequado
2024,12,2024-12-01,Sudeste,MG,Uberlândia,Tríplice Viral,300205,Crianças,86.4,95,347443,1,Atenção
2024,12,2024-12-01,Sudeste,MG,Juiz de Fora,BCG,333559,Gestantes,92.33,95,361262,0,Atenção
2024,12,2024-12-01,Sudeste,ES,Vitória,Influenza,291662,Idosos,70.91,80,411338,0,Atenção
2024,12,2024-12-01,Sudeste,ES,Vila Velha,Influenza,200448,Idosos,87.63,80,228746,1,Adequado
2024,12,2024-12-01,Sudeste,ES,Serra,Tríplice Viral,259924,Gestantes,72.0,80,360990,0,Atenção
2024,12,2024-12-01,Sul,PR,Curitiba,Tríplice Viral,290698,Adolescentes,88.99,95,326664,0,Atenção
2024,12,2024-12-01,Sul,PR,Londrina,COVID-19,352170,Crianças,77.32,95,455448,1,Crítico
2024,12,2024-12-01,Sul,SC,Florianópolis,Tríplice Viral,268019,Adultos,86.12,95,311216,1,Atenção
2024,12,2024-12-01,Sul,SC,Joinville,Influenza,137981,Gestantes,82.1,80,168070,2,Adequado
2024,12,2024-12-01,Sul,RS,Porto Alegre,Tríplice Viral,18040,Gestantes,70.38,80,25633,2,Atenção
2024,12,2024-12-01,Sul,RS,Caxias do Sul,Hepatite B,289551,Idosos,88.76,95,326212,1,Atenção
